time,yaw_master,Roll_master,Pitch_master,yaw_slave,Roll_slave,Pitch_slave,yaw_diff,Roll_diff,Pitch_diff,speed,limit_angle,limit_time
62874,0.00,0.81,-4.03,0.00,0.97,2.23,0.00,0.16,6.26,0.00,80.00,3.00
62899,0.00,0.85,-3.76,0.00,0.97,2.24,0.00,0.13,6.00,0.00,80.00,3.00
62925,0.00,0.93,-3.59,0.00,0.99,2.25,0.00,0.06,5.85,0.00,80.00,3.00
62950,0.00,0.89,-3.35,0.00,1.00,2.26,0.00,0.11,5.61,0.00,80.00,3.00
62975,0.00,0.88,-3.13,0.00,1.00,2.27,0.00,0.13,5.40,0.00,80.00,3.00
63000,0.00,0.86,-2.86,0.00,1.01,2.27,0.00,0.15,5.14,0.00,80.00,3.00
63029,0.00,1.00,-2.95,0.00,1.00,2.29,0.00,0.01,5.24,0.00,80.00,3.00
63054,0.00,0.84,-4.09,0.00,1.00,2.32,0.00,0.16,6.41,0.00,80.00,3.00
63080,0.00,0.86,-4.01,0.00,1.00,2.33,0.00,0.14,6.34,0.00,80.00,3.00
63106,0.00,0.96,-4.20,0.00,0.99,2.33,0.00,0.03,6.53,0.00,80.00,3.00
63132,0.00,1.04,-4.36,0.00,0.89,2.35,0.00,0.15,6.71,0.00,80.00,3.00
63157,0.00,1.02,-4.30,0.00,0.86,2.33,0.00,0.16,6.63,0.00,80.00,3.00
63183,0.00,1.07,-4.33,0.00,0.85,2.40,0.00,0.22,6.74,0.00,80.00,3.00
63211,0.00,1.11,-4.33,0.00,0.83,2.45,0.00,0.28,6.78,0.00,80.00,3.00
63237,0.00,1.16,-4.76,0.00,0.85,2.49,0.00,0.32,7.25,0.00,80.00,3.00
63263,359.89,1.43,-4.76,359.92,0.85,2.45,0.03,0.58,7.20,0.00,80.00,3.00
63288,359.84,1.20,-4.96,359.82,0.74,2.49,0.02,0.46,7.44,0.00,80.00,3.00
63327,359.92,1.08,-4.53,359.79,0.46,2.63,0.13,0.62,7.16,0.00,80.00,3.00
63353,359.64,1.11,-4.94,359.80,0.63,2.56,0.16,0.48,7.50,0.00,80.00,3.00
63379,359.44,1.07,-5.17,359.80,0.61,2.49,0.36,0.46,7.66,0.00,80.00,3.00
63405,359.52,1.00,-5.08,359.81,0.56,2.48,0.29,0.44,7.57,0.00,80.00,3.00
63433,359.51,0.96,-4.97,359.80,0.37,2.48,0.29,0.60,7.45,0.00,80.00,3.00
63459,359.52,0.91,-4.74,0.03,0.36,2.40,0.51,0.55,7.14,0.00,80.00,3.00
63485,359.50,0.87,-4.62,0.22,0.83,2.21,0.72,0.04,6.83,0.00,80.00,3.00
63510,359.40,0.83,-4.59,0.29,0.58,2.26,0.89,0.25,6.85,0.00,80.00,3.00
63536,359.31,0.79,-4.60,0.42,0.50,2.30,1.11,0.30,6.90,0.00,80.00,3.00
63562,359.29,0.75,-4.59,0.69,0.38,2.30,1.40,0.37,6.90,0.00,80.00,3.00
63587,359.29,0.70,-4.54,0.89,0.55,2.31,1.59,0.15,6.85,0.00,80.00,3.00
63616,359.30,0.65,-4.53,0.96,0.33,2.34,1.66,0.32,6.87,0.00,80.00,3.00
63642,359.35,0.60,-4.49,0.96,0.26,2.31,1.61,0.34,6.80,0.00,80.00,3.00
63667,359.37,0.51,-4.47,1.02,0.40,2.27,1.65,0.11,6.74,0.00,80.00,3.00
63693,359.38,0.47,-4.50,1.01,0.44,2.18,1.62,0.03,6.68,0.00,80.00,3.00
63718,359.37,0.39,-4.55,1.02,0.51,2.19,1.65,0.13,6.73,0.00,80.00,3.00
63744,359.24,0.41,-4.58,0.94,0.61,2.20,1.70,0.20,6.78,0.00,80.00,3.00
63770,359.20,0.36,-4.58,0.93,0.76,2.22,1.74,0.40,6.80,0.00,80.00,3.00
63798,359.12,0.32,-4.57,0.89,0.93,2.27,1.77,0.61,6.84,0.00,80.00,3.00
63824,359.06,0.28,-4.57,0.82,0.94,2.25,1.76,0.66,6.82,0.00,80.00,3.00
63850,358.97,0.25,-4.55,0.91,0.95,2.30,1.94,0.70,6.85,0.00,80.00,3.00
63875,358.99,0.22,-4.53,0.91,0.95,2.32,1.92,0.73,6.84,0.00,80.00,3.00
63914,359.00,0.17,-4.50,0.89,0.97,2.29,1.89,0.80,6.79,0.00,80.00,3.00
63940,359.09,0.12,-4.47,0.89,0.92,2.31,1.80,0.81,6.79,0.00,80.00,3.00
63966,359.14,0.06,-4.45,0.87,0.91,2.25,1.73,0.84,6.70,0.00,80.00,3.00
63994,359.21,0.01,-4.42,0.89,0.84,2.25,1.68,0.83,6.67,0.00,80.00,3.00
64020,359.18,-0.04,-4.40,0.89,0.79,2.32,1.71,0.84,6.72,0.00,80.00,3.00
64046,359.10,-0.10,-4.39,0.77,0.85,2.33,1.67,0.95,6.72,0.00,80.00,3.00
64071,358.97,-0.15,-4.38,0.81,0.84,2.29,1.83,0.99,6.67,0.00,80.00,3.00
64097,358.93,-0.19,-4.35,0.77,0.87,2.28,1.84,1.06,6.63,0.00,80.00,3.00
64123,358.87,-0.24,-4.32,0.75,0.89,2.35,1.88,1.13,6.67,0.00,80.00,3.00
64157,358.84,-0.27,-4.34,0.75,0.91,2.33,1.91,1.18,6.67,0.00,80.00,3.00
64186,358.82,-0.30,-4.35,0.78,0.95,2.29,1.96,1.25,6.64,0.00,80.00,3.00
64211,358.77,-0.33,-4.37,0.71,0.93,2.27,1.94,1.26,6.64,0.00,80.00,3.00
64237,358.77,-0.33,-4.42,0.74,0.90,2.31,1.96,1.24,6.74,0.00,80.00,3.00
64263,358.75,-0.38,-4.36,0.73,0.85,2.36,1.98,1.23,6.72,0.00,80.00,3.00
64288,358.75,-0.41,-4.33,0.73,0.84,2.30,1.98,1.25,6.63,0.00,80.00,3.00
64314,358.70,-0.46,-4.27,0.67,0.85,2.35,1.98,1.31,6.62,0.00,80.00,3.00
64340,358.68,-0.50,-4.25,0.66,0.84,2.33,1.99,1.34,6.58,0.00,80.00,3.00
64368,358.65,-0.70,-4.17,0.69,0.85,2.37,2.03,1.55,6.55,0.00,80.00,3.00
64394,359.39,-0.60,-3.04,0.72,0.86,2.32,1.34,1.46,5.35,0.00,80.00,3.00
64419,359.32,-0.68,-3.12,0.71,0.87,2.29,1.39,1.55,5.41,0.00,80.00,3.00
64445,359.39,-0.82,-2.93,0.75,0.88,2.29,1.36,1.71,5.23,0.00,80.00,3.00
64471,359.49,-0.95,-2.76,0.74,0.86,2.27,1.26,1.81,5.03,0.00,80.00,3.00
64496,359.39,-0.98,-2.83,0.73,0.82,2.30,1.34,1.80,5.12,0.00,80.00,3.00
64535,359.42,-1.08,-2.79,0.75,0.79,2.29,1.32,1.87,5.08,0.00,80.00,3.00
64564,359.41,-1.14,-2.76,0.70,0.77,2.36,1.29,1.92,5.12,0.00,80.00,3.00
64589,359.65,-1.23,-2.31,0.68,0.82,2.35,1.03,2.05,4.66,0.00,80.00,3.00
64615,359.66,-1.52,-2.35,0.56,0.86,2.39,0.90,2.38,4.74,0.00,80.00,3.00
64641,359.56,-1.31,-2.18,0.57,0.87,2.35,1.00,2.18,4.53,0.00,80.00,3.00
64666,359.38,-1.23,-2.65,0.63,0.88,2.38,1.26,2.10,5.02,0.00,80.00,3.00
64692,359.67,-1.31,-2.18,0.69,0.87,2.39,1.02,2.19,4.57,0.00,80.00,3.00
64718,359.88,-1.32,-1.91,0.65,0.90,2.40,0.77,2.23,4.31,0.00,80.00,3.00
64743,359.80,-1.30,-1.93,0.67,0.87,2.42,0.86,2.17,4.35,0.00,80.00,3.00
64772,359.72,-1.32,-2.00,0.81,0.87,2.39,1.09,2.20,4.39,0.00,80.00,3.00
64797,359.69,-1.33,-2.14,0.77,0.87,2.40,1.07,2.20,4.53,0.00,80.00,3.00
64823,359.71,-1.34,-2.16,0.77,0.90,2.39,1.06,2.24,4.56,0.00,80.00,3.00
64849,359.79,-1.35,-2.14,0.72,0.96,2.34,0.93,2.31,4.48,0.00,80.00,3.00
64874,359.78,-1.36,-2.09,0.74,0.92,2.34,0.96,2.28,4.42,0.00,80.00,3.00
64900,359.79,-1.36,-2.05,0.76,0.94,2.31,0.97,2.30,4.37,0.00,80.00,3.00
64925,359.73,-1.36,-2.06,0.74,0.91,2.31,1.01,2.27,4.37,0.00,80.00,3.00
64954,359.70,-1.35,-2.07,0.71,0.85,2.37,1.01,2.21,4.44,0.00,80.00,3.00
64979,359.61,-1.35,-2.10,0.68,0.88,2.34,1.06,2.23,4.44,0.00,80.00,3.00
65005,359.58,-1.31,-2.12,0.64,0.83,2.29,1.06,2.14,4.40,0.00,80.00,3.00
65031,359.55,-1.31,-2.10,0.59,0.82,2.28,1.04,2.13,4.38,0.00,80.00,3.00
65056,359.49,-1.26,-2.07,0.52,0.79,2.27,1.03,2.05,4.34,0.00,80.00,3.00
65082,359.53,-1.32,-2.04,0.55,0.79,2.29,1.02,2.11,4.33,0.00,80.00,3.00
65121,359.55,-1.30,-2.04,0.63,0.80,2.28,1.09,2.10,4.31,0.00,80.00,3.00
65150,359.57,-1.30,-2.04,0.67,0.78,2.32,1.10,2.08,4.36,0.00,80.00,3.00
65175,359.61,-1.31,-2.04,0.71,0.78,2.36,1.10,2.08,4.40,0.00,80.00,3.00
65201,359.66,-1.31,-2.04,0.76,0.78,2.39,1.09,2.09,4.43,0.00,80.00,3.00
65226,359.70,-1.31,-2.04,0.82,0.81,2.42,1.12,2.12,4.46,0.00,80.00,3.00
65252,359.72,-1.32,-2.03,0.89,0.84,2.43,1.17,2.15,4.46,0.00,80.00,3.00
65278,359.74,-1.32,-2.03,0.86,0.86,2.41,1.13,2.18,4.44,0.00,80.00,3.00
65303,359.76,-1.33,-2.03,0.86,0.92,2.33,1.10,2.24,4.36,0.00,80.00,3.00
65332,359.76,-1.33,-2.02,0.83,0.92,2.32,1.07,2.26,4.34,0.00,80.00,3.00
65357,359.77,-1.33,-2.03,0.82,0.93,2.34,1.05,2.26,4.37,0.00,80.00,3.00
65383,359.85,-1.33,-2.03,0.82,0.91,2.29,0.97,2.24,4.32,0.00,80.00,3.00
65408,359.93,-1.34,-2.03,0.68,0.90,2.24,0.75,2.24,4.27,0.00,80.00,3.00
65434,359.90,-1.34,-2.03,0.66,0.88,2.30,0.77,2.21,4.33,0.00,80.00,3.00
65460,359.89,-1.33,-2.04,0.68,0.85,2.36,0.79,2.18,4.39,0.00,80.00,3.00
65485,359.94,-1.32,-1.91,0.71,0.82,2.35,0.77,2.13,4.26,0.00,80.00,3.00
65514,0.04,-1.30,-1.62,0.75,0.83,2.34,0.70,2.13,3.96,0.00,80.00,3.00
65539,0.16,-1.29,-1.45,0.71,0.85,2.42,0.55,2.13,3.87,0.00,80.00,3.00
65565,0.20,-1.27,-1.35,0.84,0.88,2.46,0.63,2.14,3.81,0.00,80.00,3.00
65591,0.26,-1.27,-1.29,0.99,0.89,2.49,0.73,2.16,3.78,0.00,80.00,3.00
65625,0.31,-1.27,-1.24,0.98,0.90,2.46,0.66,2.17,3.69,0.00,80.00,3.00
65650,0.34,-1.27,-1.18,1.05,0.94,2.40,0.71,2.20,3.58,0.00,80.00,3.00
65676,0.40,-1.26,-1.13,1.11,0.93,2.43,0.71,2.19,3.56,0.00,80.00,3.00
65718,0.49,-1.26,-1.09,1.19,0.95,2.36,0.71,2.21,3.45,0.00,80.00,3.00
65743,0.52,-1.26,-1.06,1.15,1.18,2.36,0.63,2.43,3.42,0.00,80.00,3.00
65769,0.50,-1.26,-1.03,1.01,1.50,2.33,0.52,2.76,3.37,0.00,80.00,3.00
65794,0.60,-1.26,-1.01,0.99,1.65,2.09,0.38,2.91,3.10,0.00,80.00,3.00
65820,0.56,-1.25,-1.00,0.98,1.72,1.98,0.42,2.97,2.98,0.00,80.00,3.00
65845,0.63,-1.25,-1.00,0.98,1.79,2.04,0.35,3.04,3.04,0.00,80.00,3.00
65871,0.62,-1.25,-1.00,0.82,1.85,2.08,0.19,3.11,3.08,0.00,80.00,3.00
65897,0.61,-1.25,-1.01,0.85,1.66,2.08,0.24,2.91,3.08,0.00,80.00,3.00
65925,0.65,-1.26,-1.01,0.93,1.24,2.00,0.27,2.50,3.00,0.00,80.00,3.00
65951,0.63,-1.25,-1.01,0.89,0.97,2.33,0.25,2.22,3.34,0.00,80.00,3.00
65976,0.71,-1.25,-1.02,0.74,0.91,2.37,0.04,2.16,3.38,0.00,80.00,3.00
66002,0.66,-1.25,-1.02,0.66,0.85,2.33,0.00,2.09,3.35,0.00,80.00,3.00
66027,0.65,-1.25,-1.02,0.66,0.78,2.34,0.01,2.02,3.36,0.00,80.00,3.00
66053,0.58,-1.25,-1.03,0.69,0.74,2.34,0.10,1.98,3.37,0.00,80.00,3.00
66079,0.57,-1.25,-1.05,0.63,0.77,2.33,0.06,2.02,3.37,0.00,80.00,3.00
66107,0.59,-1.25,-1.05,0.62,0.80,2.34,0.03,2.05,3.39,0.00,80.00,3.00
66133,0.54,-1.24,-1.06,0.70,0.81,2.38,0.16,2.05,3.44,0.00,80.00,3.00
66158,0.51,-1.25,-1.07,0.77,0.78,2.47,0.25,2.03,3.54,0.00,80.00,3.00
66184,0.50,-1.25,-1.07,0.76,0.78,2.36,0.26,2.03,3.43,0.00,80.00,3.00
66209,0.46,-1.24,-1.07,0.72,0.78,2.29,0.25,2.02,3.36,0.00,80.00,3.00
66235,0.44,-1.24,-1.06,0.73,0.76,2.25,0.29,2.00,3.31,0.00,80.00,3.00
66261,0.45,-1.23,-1.06,0.72,0.74,2.25,0.27,1.97,3.31,0.00,80.00,3.00
66289,0.49,-1.23,-1.05,0.81,0.73,2.23,0.33,1.96,3.28,0.00,80.00,3.00
66328,0.50,-1.23,-1.04,0.80,0.71,2.19,0.30,1.94,3.23,0.00,80.00,3.00
66354,0.53,-1.23,-1.04,0.81,0.79,2.13,0.28,2.02,3.16,0.00,80.00,3.00
66379,0.53,-1.23,-1.04,0.83,0.81,2.27,0.31,2.04,3.31,0.00,80.00,3.00
66405,0.56,-1.18,-0.97,0.81,0.86,2.24,0.25,2.04,3.21,0.00,80.00,3.00
66430,0.63,-1.17,-0.84,0.85,0.79,2.28,0.22,1.96,3.12,0.00,80.00,3.00
66456,0.62,-1.17,-0.73,0.90,0.87,2.19,0.28,2.04,2.93,0.00,80.00,3.00
66481,0.61,-1.16,-0.64,0.80,0.94,2.18,0.19,2.10,2.82,0.00,80.00,3.00
66510,0.61,-1.16,-0.59,0.73,0.98,2.12,0.11,2.14,2.70,0.00,80.00,3.00
66535,0.63,-1.16,-0.54,0.74,0.91,2.15,0.10,2.07,2.69,0.00,80.00,3.00
66561,0.56,-1.16,-0.52,0.81,0.95,2.22,0.25,2.11,2.74,0.00,80.00,3.00
66586,0.57,-1.16,-0.50,0.76,1.02,2.27,0.20,2.18,2.78,0.00,80.00,3.00
66612,0.53,-1.16,-0.48,0.72,0.91,2.44,0.19,2.07,2.92,0.00,80.00,3.00
66637,0.50,-1.16,-0.47,0.78,0.94,2.56,0.28,2.09,3.03,0.00,80.00,3.00
66663,0.53,-1.16,-0.48,0.92,0.85,2.89,0.39,2.00,3.38,0.00,80.00,3.00
66691,0.48,-1.16,-0.48,0.92,0.76,3.03,0.44,1.92,3.50,0.00,80.00,3.00
66717,0.46,-1.16,-0.47,0.87,0.69,3.06,0.41,1.86,3.53,0.00,80.00,3.00
66743,0.44,-1.16,-0.47,0.85,0.68,2.98,0.41,1.84,3.44,0.00,80.00,3.00
66768,0.42,-1.15,-0.47,0.95,0.73,2.93,0.53,1.89,3.40,0.00,80.00,3.00
66794,0.40,-1.16,-0.46,0.97,0.82,2.74,0.57,1.98,3.20,0.00,80.00,3.00
66819,0.40,-1.17,-0.58,0.95,0.76,2.48,0.55,1.93,3.06,0.00,80.00,3.00
66845,0.28,-1.19,-0.87,0.89,0.88,2.18,0.61,2.07,3.05,0.00,80.00,3.00
66873,0.20,-1.20,-1.03,0.89,0.98,2.13,0.69,2.19,3.16,0.00,80.00,3.00
66912,0.12,-1.23,-1.12,0.95,0.99,2.14,0.82,2.21,3.26,0.00,80.00,3.00
66937,0.07,-1.23,-1.18,0.87,0.96,2.16,0.80,2.19,3.34,0.00,80.00,3.00
66963,0.03,-1.22,-1.23,0.79,0.91,2.21,0.75,2.13,3.45,0.00,80.00,3.00
66989,0.07,-1.22,-1.28,0.78,0.92,2.21,0.71,2.14,3.49,0.00,80.00,3.00
67014,359.96,-1.23,-1.33,0.77,0.89,2.26,0.81,2.12,3.59,0.00,80.00,3.00
67040,359.96,-1.23,-1.37,0.66,0.82,2.27,0.70,2.05,3.64,0.00,80.00,3.00
67077,359.87,-1.22,-1.40,0.61,0.80,2.24,0.74,2.03,3.64,0.00,80.00,3.00
67102,359.85,-1.22,-1.42,0.67,0.82,2.26,0.82,2.03,3.68,0.00,80.00,3.00
67128,359.73,-1.22,-1.43,0.73,0.82,2.27,1.00,2.04,3.70,0.00,80.00,3.00
67154,359.69,-1.22,-1.44,0.72,0.86,2.31,1.03,2.09,3.74,0.00,80.00,3.00
67179,359.63,-1.22,-1.43,0.76,0.87,2.34,1.13,2.09,3.77,0.00,80.00,3.00
67205,359.65,-1.22,-1.42,0.84,0.90,2.38,1.19,2.12,3.80,0.00,80.00,3.00
67230,359.72,-1.22,-1.41,0.95,0.98,2.29,1.22,2.20,3.71,0.00,80.00,3.00
67256,359.74,-1.22,-1.41,0.85,0.99,2.28,1.11,2.21,3.69,0.00,80.00,3.00
67284,359.82,-1.22,-1.40,0.83,1.01,2.29,1.02,2.24,3.69,0.00,80.00,3.00
67310,359.83,-1.22,-1.40,0.88,0.99,2.31,1.05,2.21,3.70,0.00,80.00,3.00
67336,359.93,-1.22,-1.39,0.87,0.99,2.30,0.94,2.21,3.69,0.00,80.00,3.00
67361,359.94,-1.22,-1.40,0.90,1.00,2.26,0.96,2.22,3.66,0.00,80.00,3.00
67387,0.03,-1.21,-1.39,0.86,0.98,2.29,0.83,2.19,3.68,0.00,80.00,3.00
67412,0.03,-1.21,-1.39,0.90,0.99,2.28,0.87,2.20,3.67,0.00,80.00,3.00
67438,0.04,-1.21,-1.38,0.93,0.98,2.33,0.89,2.19,3.71,0.00,80.00,3.00
67466,0.09,-1.21,-1.37,0.84,0.99,2.36,0.74,2.20,3.73,0.00,80.00,3.00
67492,0.12,-1.21,-1.37,0.83,0.93,2.36,0.72,2.14,3.73,0.00,80.00,3.00
67531,0.13,-1.21,-1.36,0.84,0.97,2.34,0.70,2.18,3.71,0.00,80.00,3.00
67556,0.15,-1.20,-1.36,0.78,0.92,2.38,0.63,2.12,3.74,0.00,80.00,3.00
67582,0.10,-1.21,-1.36,0.77,0.89,2.40,0.67,2.10,3.77,0.00,80.00,3.00
67607,0.03,-1.22,-1.36,0.71,0.88,2.40,0.68,2.10,3.76,0.00,80.00,3.00
67633,0.06,-1.23,-1.35,0.78,0.87,2.33,0.72,2.10,3.68,0.00,80.00,3.00
67661,0.12,-1.22,-1.36,0.81,0.91,2.34,0.69,2.14,3.70,0.00,80.00,3.00
67687,0.04,-1.22,-1.36,0.82,0.93,2.36,0.79,2.15,3.72,0.00,80.00,3.00
67712,0.06,-1.22,-1.35,0.88,0.97,2.39,0.81,2.19,3.74,0.00,80.00,3.00
67738,0.11,-1.26,-1.41,0.94,1.03,2.38,0.84,2.29,3.80,0.00,80.00,3.00
67763,0.07,-1.27,-1.54,1.02,1.00,2.38,0.95,2.27,3.92,0.00,80.00,3.00
67789,359.98,-1.27,-1.65,0.90,1.06,2.34,0.92,2.33,3.99,0.00,80.00,3.00
67814,0.00,-1.28,-1.74,0.97,1.04,2.33,0.97,2.32,4.07,0.00,80.00,3.00
67843,359.99,-1.27,-1.79,1.05,0.96,2.30,1.06,2.23,4.09,0.00,80.00,3.00
67868,360.00,-1.27,-1.83,1.06,0.95,2.29,1.06,2.22,4.12,0.00,80.00,3.00
67894,0.07,-1.27,-1.86,1.02,0.89,2.29,0.95,2.16,4.14,0.00,80.00,3.00
67919,0.08,-1.27,-1.87,0.96,0.88,2.26,0.88,2.15,4.13,0.00,80.00,3.00
67945,0.07,-1.27,-1.88,1.05,0.90,2.25,0.98,2.17,4.13,0.00,80.00,3.00
67971,0.05,-1.26,-1.89,1.04,0.87,2.30,0.99,2.13,4.20,0.00,80.00,3.00
67996,0.03,-1.26,-1.88,0.96,0.91,2.33,0.93,2.17,4.22,0.00,80.00,3.00
68022,0.05,-1.26,-1.88,0.89,0.95,2.34,0.84,2.20,4.22,0.00,80.00,3.00
68050,0.09,-1.25,-1.88,0.86,0.97,2.35,0.76,2.22,4.23,0.00,80.00,3.00
68076,0.12,-1.26,-1.88,0.89,1.00,2.37,0.76,2.25,4.25,0.00,80.00,3.00
68115,0.17,-1.26,-1.88,0.78,0.91,2.39,0.60,2.17,4.26,0.00,80.00,3.00
68140,0.22,-1.26,-1.87,0.79,0.89,2.40,0.57,2.14,4.27,0.00,80.00,3.00
68166,0.22,-1.25,-1.87,0.80,0.90,2.38,0.58,2.16,4.25,0.00,80.00,3.00
68191,0.26,-1.26,-1.86,0.78,0.88,2.43,0.52,2.14,4.29,0.00,80.00,3.00
68217,0.25,-1.26,-1.86,0.84,0.87,2.41,0.59,2.13,4.27,0.00,80.00,3.00
68245,0.24,-1.26,-1.85,0.82,0.87,2.38,0.58,2.13,4.23,0.00,80.00,3.00
68271,0.24,-1.27,-1.85,0.85,0.89,2.33,0.60,2.15,4.18,0.00,80.00,3.00
68296,0.27,-1.27,-1.85,0.87,0.95,2.29,0.61,2.22,4.14,0.00,80.00,3.00
68322,0.25,-1.28,-1.85,0.80,0.96,2.26,0.54,2.24,4.11,0.00,80.00,3.00
68347,0.30,-1.27,-1.84,0.84,0.93,2.17,0.54,2.20,4.01,0.00,80.00,3.00
68373,0.24,-1.27,-1.84,0.80,0.88,2.24,0.56,2.16,4.08,0.00,80.00,3.00
68398,0.24,-1.27,-1.84,0.83,0.90,2.28,0.58,2.17,4.12,0.00,80.00,3.00
68427,0.28,-1.28,-1.84,0.76,0.90,2.32,0.48,2.18,4.16,0.00,80.00,3.00
68452,0.35,-1.28,-1.84,0.76,0.91,2.36,0.41,2.19,4.20,0.00,80.00,3.00
68478,0.40,-1.27,-1.84,0.79,0.92,2.42,0.39,2.19,4.26,0.00,80.00,3.00
68503,0.37,-1.28,-1.86,0.78,1.00,2.45,0.42,2.28,4.30,0.00,80.00,3.00
68537,0.34,-1.28,-1.86,0.77,0.99,2.49,0.43,2.27,4.35,0.00,80.00,3.00
68563,0.26,-1.28,-1.86,0.79,1.00,2.43,0.54,2.28,4.29,0.00,80.00,3.00
68588,0.24,-1.27,-1.87,0.84,1.02,2.41,0.60,2.29,4.29,0.00,80.00,3.00
68614,0.25,-1.27,-1.87,0.94,0.96,2.40,0.69,2.23,4.27,0.00,80.00,3.00
68642,0.25,-1.27,-1.86,0.83,0.92,2.42,0.58,2.19,4.28,0.00,80.00,3.00
68668,0.22,-1.27,-1.86,0.86,0.90,2.46,0.63,2.17,4.31,0.00,80.00,3.00
68693,0.22,-1.27,-1.84,0.86,0.88,2.43,0.64,2.16,4.27,0.00,80.00,3.00
68732,0.20,-1.28,-1.83,0.92,0.88,2.43,0.72,2.16,4.26,0.00,80.00,3.00
68758,0.25,-1.27,-1.83,0.79,0.89,2.46,0.54,2.17,4.29,0.00,80.00,3.00
68783,0.29,-1.29,-1.83,0.73,0.87,2.46,0.44,2.16,4.29,0.00,80.00,3.00
68809,0.26,-1.29,-1.83,0.75,0.87,2.43,0.49,2.16,4.26,0.00,80.00,3.00
68837,0.20,-1.28,-1.83,0.79,0.88,2.41,0.59,2.16,4.25,0.00,80.00,3.00
68862,0.08,-1.28,-1.84,0.83,0.88,2.37,0.75,2.16,4.21,0.00,80.00,3.00
68888,0.13,-1.29,-1.83,0.76,0.92,2.41,0.64,2.20,4.24,0.00,80.00,3.00
68913,0.18,-1.28,-1.83,0.88,0.93,2.36,0.70,2.21,4.19,0.00,80.00,3.00
68938,0.22,-1.28,-1.83,0.91,0.94,2.35,0.69,2.22,4.17,0.00,80.00,3.00
68964,0.16,-1.26,-1.83,0.94,0.97,2.35,0.78,2.23,4.18,0.00,80.00,3.00
68989,0.16,-1.27,-1.83,0.96,0.91,2.40,0.80,2.18,4.23,0.00,80.00,3.00
69017,0.19,-1.27,-1.83,0.90,0.88,2.38,0.71,2.14,4.21,0.00,80.00,3.00
69042,0.17,-1.27,-1.84,0.87,0.85,2.34,0.70,2.13,4.18,0.00,80.00,3.00
69067,0.09,-1.28,-1.84,0.80,0.81,2.41,0.71,2.09,4.26,0.00,80.00,3.00
69093,0.07,-1.29,-1.84,0.69,0.84,2.43,0.62,2.13,4.27,0.00,80.00,3.00
69118,0.13,-1.29,-1.84,0.70,0.85,2.42,0.56,2.14,4.26,0.00,80.00,3.00
69143,0.15,-1.30,-1.83,0.66,0.88,2.36,0.51,2.18,4.19,0.00,80.00,3.00
69168,0.14,-1.30,-1.84,0.55,0.91,2.34,0.41,2.21,4.18,0.00,80.00,3.00
69197,0.16,-1.30,-1.83,0.62,0.91,2.33,0.46,2.22,4.16,0.00,80.00,3.00
69222,0.11,-1.31,-1.82,0.64,0.88,2.28,0.52,2.19,4.11,0.00,80.00,3.00
69248,0.12,-1.30,-1.82,0.68,0.91,2.30,0.56,2.21,4.12,0.00,80.00,3.00
69274,0.14,-1.30,-1.82,0.74,0.96,2.33,0.60,2.26,4.15,0.00,80.00,3.00
69313,0.16,-1.31,-1.81,0.73,0.91,2.35,0.57,2.22,4.16,0.00,80.00,3.00
69339,0.11,-1.31,-1.81,0.80,0.89,2.36,0.68,2.20,4.17,0.00,80.00,3.00
69364,0.13,-1.30,-1.81,0.88,0.88,2.41,0.75,2.18,4.23,0.00,80.00,3.00
69390,0.07,-1.30,-1.81,0.88,0.91,2.41,0.82,2.21,4.21,0.00,80.00,3.00
69419,0.07,-1.30,-1.80,0.92,0.89,2.39,0.85,2.19,4.19,0.00,80.00,3.00
69444,0.06,-1.31,-1.80,0.95,0.88,2.33,0.89,2.18,4.12,0.00,80.00,3.00
69470,0.09,-1.31,-1.80,0.93,0.86,2.37,0.84,2.17,4.16,0.00,80.00,3.00
69496,0.04,-1.30,-1.80,0.95,0.92,2.45,0.91,2.23,4.25,0.00,80.00,3.00
69521,0.02,-1.31,-1.81,0.94,0.89,2.45,0.93,2.20,4.25,0.00,80.00,3.00
69547,0.05,-1.30,-1.81,0.92,0.87,2.40,0.88,2.17,4.21,0.00,80.00,3.00
69573,0.07,-1.29,-1.82,0.90,0.87,2.41,0.83,2.17,4.22,0.00,80.00,3.00
69601,0.08,-1.29,-1.82,0.92,0.90,2.39,0.84,2.19,4.21,0.00,80.00,3.00
69627,0.04,-1.28,-1.82,0.86,0.94,2.33,0.82,2.22,4.16,0.00,80.00,3.00
69653,359.94,-1.28,-1.84,0.84,0.93,2.24,0.91,2.21,4.08,0.00,80.00,3.00
69678,359.91,-1.28,-1.84,0.82,0.93,2.24,0.91,2.21,4.08,0.00,80.00,3.00
69704,359.95,-1.29,-1.84,0.87,0.91,2.32,0.93,2.20,4.16,0.00,80.00,3.00
69730,0.05,-1.28,-1.83,0.82,0.93,2.35,0.77,2.21,4.18,0.00,80.00,3.00
69755,0.08,-1.29,-1.83,0.80,0.92,2.36,0.71,2.21,4.19,0.00,80.00,3.00
69784,360.00,-1.29,-1.83,0.78,0.89,2.34,0.78,2.18,4.17,0.00,80.00,3.00
69809,359.98,-1.29,-1.84,0.82,0.91,2.38,0.83,2.20,4.21,0.00,80.00,3.00
69835,0.01,-1.29,-1.83,0.82,0.95,2.41,0.81,2.24,4.24,0.00,80.00,3.00
69861,359.97,-1.29,-1.82,0.71,1.01,2.29,0.74,2.30,4.12,0.00,80.00,3.00
69900,0.01,-1.29,-1.82,0.73,1.00,2.26,0.73,2.29,4.08,0.00,80.00,3.00
70032,359.94,-1.30,-1.82,0.78,1.01,2.27,0.84,2.31,4.08,0.00,80.00,3.00
70164,359.89,-1.31,-1.82,0.78,1.02,2.27,0.89,2.33,4.09,0.00,80.00,3.00
70253,359.84,-1.30,-1.83,0.63,1.03,2.29,0.79,2.33,4.12,0.00,80.00,3.00
70281,359.87,-1.30,-1.83,0.59,1.00,2.21,0.72,2.29,4.05,0.00,80.00,3.00
70307,359.86,-1.30,-1.85,0.61,0.97,2.19,0.74,2.27,4.04,0.00,80.00,3.00
70332,359.92,-1.30,-1.85,0.64,1.00,2.30,0.72,2.30,4.15,0.00,80.00,3.00
70358,359.88,-1.30,-1.85,0.61,1.00,2.27,0.73,2.30,4.12,0.00,80.00,3.00
70384,359.80,-1.29,-1.85,0.55,0.97,2.26,0.74,2.26,4.11,0.00,80.00,3.00
70409,359.85,-1.28,-1.84,0.77,0.99,2.28,0.91,2.27,4.12,0.00,80.00,3.00
70435,359.90,-1.28,-1.84,0.87,1.03,2.34,0.98,2.32,4.18,0.00,80.00,3.00
70464,359.96,-1.28,-1.84,0.90,0.97,2.26,0.94,2.24,4.10,0.00,80.00,3.00
70489,359.95,-1.28,-1.85,1.02,0.91,2.36,1.07,2.19,4.21,0.00,80.00,3.00
70515,359.91,-1.28,-1.85,1.02,0.90,2.35,1.11,2.18,4.21,0.00,80.00,3.00
70541,359.95,-1.28,-1.87,0.98,0.92,2.37,1.04,2.19,4.24,0.00,80.00,3.00
70566,359.95,-1.28,-1.87,0.92,0.89,2.43,0.98,2.17,4.30,0.00,80.00,3.00
70592,359.98,-1.27,-1.87,0.93,0.92,2.42,0.95,2.19,4.29,0.00,80.00,3.00
70618,0.00,-1.27,-1.88,0.83,0.91,2.35,0.82,2.18,4.22,0.00,80.00,3.00
70646,0.04,-1.27,-1.87,0.73,0.90,2.37,0.69,2.17,4.24,0.00,80.00,3.00
70672,0.11,-1.27,-1.86,0.66,0.94,2.34,0.54,2.21,4.21,0.00,80.00,3.00
70697,0.10,-1.26,-1.86,0.65,0.94,2.36,0.54,2.20,4.22,0.00,80.00,3.00
70723,0.12,-1.26,-1.86,0.72,0.97,2.34,0.60,2.22,4.20,0.00,80.00,3.00
70763,0.13,-1.26,-1.87,0.70,0.96,2.31,0.57,2.21,4.18,0.00,80.00,3.00
70788,0.09,-1.26,-1.87,0.70,0.96,2.31,0.60,2.22,4.18,0.00,80.00,3.00
70814,0.08,-1.25,-1.87,0.78,1.01,2.27,0.70,2.27,4.15,0.00,80.00,3.00
70842,0.08,-1.25,-1.87,0.84,1.04,2.31,0.76,2.29,4.18,0.00,80.00,3.00
70868,0.09,-1.25,-1.88,0.92,1.04,2.29,0.83,2.28,4.16,0.00,80.00,3.00
70894,0.06,-1.25,-1.88,0.90,1.04,2.30,0.84,2.29,4.18,0.00,80.00,3.00
70919,0.07,-1.25,-1.89,0.83,1.00,2.25,0.77,2.25,4.14,0.00,80.00,3.00
70945,0.09,-1.26,-1.88,0.83,0.97,2.23,0.74,2.23,4.12,0.00,80.00,3.00
70971,0.12,-1.26,-1.88,0.80,0.91,2.23,0.68,2.17,4.11,0.00,80.00,3.00
70996,0.15,-1.26,-1.88,0.78,0.91,2.28,0.63,2.17,4.16,0.00,80.00,3.00
71025,0.08,-1.26,-1.89,0.79,0.92,2.24,0.71,2.18,4.12,0.00,80.00,3.00
71050,0.06,-1.25,-1.89,0.77,0.92,2.24,0.71,2.17,4.13,0.00,80.00,3.00
71076,359.95,-1.25,-1.88,0.77,0.94,2.25,0.81,2.19,4.14,0.00,80.00,3.00
71102,359.97,-1.25,-1.89,0.80,0.96,2.23,0.84,2.21,4.12,0.00,80.00,3.00
71127,359.96,-1.25,-1.89,0.78,0.98,2.23,0.82,2.23,4.12,0.00,80.00,3.00
71153,359.94,-1.26,-1.89,0.81,0.95,2.22,0.87,2.20,4.11,0.00,80.00,3.00
71179,359.93,-1.26,-1.89,0.82,0.91,2.29,0.89,2.17,4.18,0.00,80.00,3.00
71204,359.94,-1.26,-1.89,0.88,0.88,2.31,0.94,2.14,4.20,0.00,80.00,3.00
71233,359.96,-1.26,-1.88,0.84,0.90,2.32,0.88,2.16,4.20,0.00,80.00,3.00
71259,0.08,-1.26,-1.87,0.81,0.92,2.31,0.74,2.18,4.18,0.00,80.00,3.00
71284,0.05,-1.26,-1.88,0.79,0.92,2.34,0.74,2.19,4.22,0.00,80.00,3.00
71310,0.01,-1.26,-1.88,0.83,0.96,2.33,0.82,2.22,4.21,0.00,80.00,3.00
71349,359.94,-1.26,-1.89,0.86,0.96,2.34,0.92,2.23,4.23,0.00,80.00,3.00
71375,359.89,-1.26,-1.89,0.81,0.98,2.36,0.91,2.24,4.25,0.00,80.00,3.00
71401,359.93,-1.27,-1.89,0.82,0.94,2.34,0.89,2.21,4.23,0.00,80.00,3.00
71429,359.96,-1.27,-1.89,0.82,0.94,2.39,0.86,2.20,4.28,0.00,80.00,3.00
71455,0.00,-1.27,-1.89,0.91,0.94,2.44,0.91,2.21,4.33,0.00,80.00,3.00
71480,0.06,-1.27,-1.88,0.83,0.97,2.36,0.77,2.24,4.24,0.00,80.00,3.00
71506,0.06,-1.27,-1.88,0.86,0.99,2.40,0.80,2.26,4.28,0.00,80.00,3.00
71531,0.12,-1.27,-1.89,0.84,0.96,2.35,0.72,2.24,4.24,0.00,80.00,3.00
71557,0.17,-1.27,-1.89,0.81,0.94,2.28,0.64,2.21,4.17,0.00,80.00,3.00
71583,0.23,-1.28,-1.88,0.90,0.96,2.30,0.67,2.24,4.18,0.00,80.00,3.00
71611,0.20,-1.29,-1.89,0.85,0.98,2.29,0.65,2.27,4.18,0.00,80.00,3.00
71637,0.25,-1.29,-1.88,0.87,0.96,2.33,0.61,2.25,4.22,0.00,80.00,3.00
71662,0.20,-1.29,-1.89,0.87,0.93,2.32,0.68,2.22,4.21,0.00,80.00,3.00
71688,0.17,-1.29,-1.89,0.91,0.96,2.35,0.74,2.25,4.23,0.00,80.00,3.00
71722,0.20,-1.29,-1.88,0.90,0.96,2.35,0.69,2.25,4.23,0.00,80.00,3.00
71748,0.19,-1.29,-1.89,0.85,0.96,2.30,0.67,2.25,4.19,0.00,80.00,3.00
71773,0.18,-1.29,-1.89,0.85,0.94,2.27,0.67,2.22,4.15,0.00,80.00,3.00
71801,0.27,-1.29,-1.89,0.95,0.88,2.31,0.68,2.17,4.20,0.00,80.00,3.00
71827,0.31,-1.29,-1.89,0.97,0.87,2.30,0.66,2.15,4.19,0.00,80.00,3.00
71853,0.35,-1.28,-1.89,0.95,0.87,2.24,0.60,2.15,4.13,0.00,80.00,3.00
71878,0.34,-1.29,-1.87,1.02,0.92,2.18,0.68,2.21,4.05,0.00,80.00,3.00
71904,0.36,-1.29,-1.88,0.97,0.97,2.22,0.61,2.25,4.10,0.00,80.00,3.00
71943,0.24,-1.28,-1.88,0.98,1.01,2.28,0.74,2.29,4.16,0.00,80.00,3.00
71969,0.21,-1.28,-1.87,0.96,1.02,2.25,0.74,2.30,4.12,0.00,80.00,3.00
71994,0.12,-1.28,-1.88,0.96,0.99,2.23,0.83,2.26,4.11,0.00,80.00,3.00
72023,0.14,-1.28,-1.88,0.96,0.98,2.22,0.82,2.26,4.10,0.00,80.00,3.00
72049,0.14,-1.29,-1.88,0.90,0.99,2.28,0.77,2.28,4.16,0.00,80.00,3.00
72074,0.13,-1.29,-1.88,0.93,0.89,2.28,0.80,2.18,4.16,0.00,80.00,3.00
72100,0.07,-1.29,-1.87,0.95,0.87,2.24,0.88,2.15,4.11,0.00,80.00,3.00
72125,0.05,-1.28,-1.88,0.94,0.85,2.20,0.89,2.14,4.08,0.00,80.00,3.00
72151,0.08,-1.29,-1.88,0.97,0.89,2.23,0.89,2.18,4.11,0.00,80.00,3.00
72176,0.13,-1.29,-1.88,0.89,0.93,2.31,0.76,2.22,4.19,0.00,80.00,3.00
72205,0.15,-1.29,-1.88,0.93,0.85,2.30,0.78,2.14,4.18,0.00,80.00,3.00
72231,0.18,-1.29,-1.88,1.00,0.89,2.32,0.82,2.18,4.20,0.00,80.00,3.00
72256,0.24,-1.29,-1.89,0.95,0.89,2.35,0.71,2.17,4.24,0.00,80.00,3.00
72282,0.26,-1.29,-1.89,0.91,0.97,2.39,0.65,2.26,4.28,0.00,80.00,3.00
72307,0.23,-1.29,-1.90,0.86,0.99,2.34,0.64,2.29,4.24,0.00,80.00,3.00
72333,0.14,-1.29,-1.90,0.91,0.95,2.33,0.77,2.24,4.23,0.00,80.00,3.00
72359,0.22,-1.29,-1.90,0.96,0.97,2.32,0.73,2.26,4.22,0.00,80.00,3.00
72387,0.26,-1.29,-1.89,0.91,1.02,2.31,0.66,2.31,4.21,0.00,80.00,3.00
72413,0.33,-1.28,-1.90,0.90,1.01,2.29,0.58,2.29,4.19,0.00,80.00,3.00
72438,0.37,-1.28,-1.90,0.93,0.97,2.37,0.56,2.25,4.27,0.00,80.00,3.00
72464,0.38,-1.28,-1.90,0.92,0.91,2.43,0.54,2.19,4.32,0.00,80.00,3.00
72489,0.36,-1.29,-1.90,0.90,0.92,2.43,0.54,2.21,4.33,0.00,80.00,3.00
72529,0.37,-1.28,-1.91,0.87,0.94,2.45,0.50,2.22,4.35,0.00,80.00,3.00
72555,0.42,-1.28,-1.91,0.80,0.91,2.52,0.38,2.19,4.43,0.00,80.00,3.00
72580,0.43,-1.28,-1.91,0.81,0.92,2.55,0.38,2.20,4.46,0.00,80.00,3.00
72609,0.36,-1.28,-1.91,0.86,0.94,2.49,0.50,2.22,4.40,0.00,80.00,3.00
72634,0.42,-1.27,-1.90,0.86,0.97,2.44,0.44,2.24,4.34,0.00,80.00,3.00
72660,0.47,-1.27,-1.90,0.92,0.94,2.47,0.45,2.21,4.38,0.00,80.00,3.00
72685,0.48,-1.27,-1.91,0.97,0.95,2.50,0.49,2.22,4.41,0.00,80.00,3.00
72711,0.50,-1.26,-1.91,0.97,0.99,2.47,0.48,2.26,4.38,0.00,80.00,3.00
72737,0.60,-1.26,-1.91,0.96,1.00,2.41,0.36,2.26,4.32,0.00,80.00,3.00
72762,0.61,-1.26,-1.91,0.87,0.96,2.45,0.26,2.22,4.36,0.00,80.00,3.00
72791,0.55,-1.26,-1.91,0.86,1.00,2.42,0.31,2.26,4.32,0.00,80.00,3.00
72816,0.50,-1.26,-1.92,0.83,1.01,2.41,0.33,2.27,4.33,0.00,80.00,3.00
72842,0.48,-1.26,-1.92,0.82,1.02,2.36,0.35,2.28,4.29,0.00,80.00,3.00
72867,0.36,-1.26,-1.92,0.84,1.03,2.33,0.47,2.28,4.25,0.00,80.00,3.00
72893,0.28,-1.26,-1.92,0.88,1.01,2.31,0.59,2.27,4.22,0.00,80.00,3.00
72918,0.29,-1.26,-1.92,0.92,1.03,2.30,0.63,2.29,4.21,0.00,80.00,3.00
72944,0.30,-1.26,-1.91,0.92,1.03,2.28,0.62,2.28,4.19,0.00,80.00,3.00
72972,0.26,-1.26,-1.91,0.91,0.99,2.19,0.65,2.25,4.10,0.00,80.00,3.00
72998,0.29,-1.26,-1.90,0.87,0.98,2.21,0.58,2.24,4.11,0.00,80.00,3.00
73024,0.38,-1.26,-1.90,0.85,0.94,2.26,0.48,2.21,4.16,0.00,80.00,3.00
73049,0.36,-1.26,-1.89,0.83,0.95,2.31,0.47,2.21,4.20,0.00,80.00,3.00
73075,0.32,-1.27,-1.89,0.77,0.96,2.31,0.45,2.24,4.20,0.00,80.00,3.00
73114,0.31,-1.28,-1.88,0.81,0.91,2.31,0.50,2.18,4.20,0.00,80.00,3.00
73140,0.25,-1.29,-1.87,0.83,0.91,2.34,0.59,2.20,4.21,0.00,80.00,3.00
73174,0.24,-1.28,-1.87,0.91,0.91,2.34,0.66,2.19,4.21,0.00,80.00,3.00
73203,0.15,-1.27,-1.88,0.93,0.90,2.29,0.77,2.17,4.17,0.00,80.00,3.00
73229,0.13,-1.27,-1.88,0.89,0.87,2.27,0.76,2.14,4.16,0.00,80.00,3.00
73254,0.10,-1.27,-1.89,0.90,0.84,2.25,0.81,2.11,4.15,0.00,80.00,3.00
73279,0.14,-1.28,-1.89,1.04,0.89,2.28,0.90,2.17,4.17,0.00,80.00,3.00
73305,0.17,-1.29,-1.89,0.94,0.90,2.26,0.77,2.19,4.15,0.00,80.00,3.00
73331,0.24,-1.29,-1.88,0.97,0.92,2.30,0.73,2.21,4.18,0.00,80.00,3.00
73356,0.21,-1.28,-1.89,0.87,0.94,2.32,0.66,2.22,4.20,0.00,80.00,3.00
73385,0.26,-1.29,-1.88,0.96,0.98,2.31,0.71,2.27,4.18,0.00,80.00,3.00
73410,0.27,-1.29,-1.87,1.01,0.97,2.25,0.74,2.26,4.12,0.00,80.00,3.00
73436,0.29,-1.29,-1.87,0.99,1.00,2.28,0.70,2.29,4.15,0.00,80.00,3.00
73461,0.33,-1.29,-1.87,0.94,0.96,2.30,0.61,2.24,4.17,0.00,80.00,3.00
73487,0.28,-1.29,-1.86,0.88,0.98,2.26,0.61,2.26,4.12,0.00,80.00,3.00
73512,0.20,-1.29,-1.87,0.86,0.99,2.30,0.66,2.28,4.17,0.00,80.00,3.00
73538,0.15,-1.29,-1.87,0.76,0.99,2.36,0.61,2.28,4.23,0.00,80.00,3.00
73566,0.14,-1.29,-1.86,0.72,1.00,2.43,0.58,2.28,4.29,0.00,80.00,3.00
73592,0.07,-1.29,-1.86,0.66,0.95,2.46,0.58,2.24,4.32,0.00,80.00,3.00
73618,0.05,-1.29,-1.86,0.67,0.99,2.46,0.63,2.28,4.32,0.00,80.00,3.00
73643,0.06,-1.29,-1.85,0.71,1.01,2.45,0.65,2.30,4.30,0.00,80.00,3.00
73669,0.13,-1.29,-1.85,0.83,0.97,2.47,0.70,2.26,4.32,0.00,80.00,3.00
73708,0.08,-1.30,-1.86,0.92,0.94,2.39,0.84,2.23,4.25,0.00,80.00,3.00
73734,0.08,-1.29,-1.86,0.94,0.89,2.33,0.86,2.19,4.19,0.00,80.00,3.00
73762,0.13,-1.30,-1.86,0.90,0.93,2.33,0.77,2.23,4.19,0.00,80.00,3.00
73788,0.04,-1.29,-1.87,0.91,0.94,2.31,0.88,2.24,4.17,0.00,80.00,3.00
73813,0.00,-1.29,-1.86,0.95,0.92,2.33,0.95,2.21,4.19,0.00,80.00,3.00
73839,0.03,-1.30,-1.85,0.90,0.92,2.37,0.87,2.21,4.22,0.00,80.00,3.00
73865,0.06,-1.30,-1.84,0.79,0.94,2.37,0.73,2.23,4.22,0.00,80.00,3.00
73890,359.99,-1.30,-1.84,0.77,1.03,2.39,0.79,2.32,4.23,0.00,80.00,3.00
73916,359.96,-1.30,-1.85,0.79,1.05,2.38,0.82,2.35,4.23,0.00,80.00,3.00
73941,0.06,-1.29,-1.85,0.66,1.02,2.39,0.60,2.32,4.24,0.00,80.00,3.00
73970,0.07,-1.30,-1.85,0.73,0.98,2.39,0.66,2.28,4.24,0.00,80.00,3.00
73995,0.06,-1.30,-1.85,0.77,0.95,2.40,0.71,2.24,4.25,0.00,80.00,3.00
74021,0.09,-1.30,-1.85,0.79,0.94,2.33,0.70,2.24,4.17,0.00,80.00,3.00
74046,0.11,-1.30,-1.84,0.78,0.92,2.31,0.67,2.22,4.15,0.00,80.00,3.00
74072,0.03,-1.30,-1.84,0.77,0.93,2.34,0.74,2.23,4.17,0.00,80.00,3.00
74097,360.00,-1.31,-1.84,0.81,0.94,2.30,0.81,2.25,4.14,0.00,80.00,3.00
74123,0.01,-1.30,-1.84,0.76,0.94,2.23,0.75,2.25,4.07,0.00,80.00,3.00
74151,359.99,-1.30,-1.83,0.71,0.96,2.25,0.73,2.26,4.09,0.00,80.00,3.00
74177,359.97,-1.30,-1.82,0.71,0.94,2.27,0.75,2.24,4.10,0.00,80.00,3.00
74203,0.03,-1.30,-1.83,0.72,0.95,2.24,0.69,2.24,4.07,0.00,80.00,3.00
74228,0.15,-1.29,-1.83,0.73,0.92,2.23,0.58,2.21,4.06,0.00,80.00,3.00
74254,0.12,-1.29,-1.83,0.75,0.88,2.21,0.62,2.17,4.04,0.00,80.00,3.00
74293,0.11,-1.29,-1.83,0.80,0.94,2.28,0.69,2.23,4.11,0.00,80.00,3.00
74319,0.08,-1.28,-1.84,0.75,0.93,2.28,0.67,2.21,4.11,0.00,80.00,3.00
74347,0.10,-1.27,-1.84,0.76,0.96,2.24,0.66,2.22,4.08,0.00,80.00,3.00
74372,0.11,-1.27,-1.84,0.67,0.97,2.24,0.56,2.24,4.08,0.00,80.00,3.00
74398,0.15,-1.27,-1.85,0.69,0.98,2.23,0.53,2.25,4.07,0.00,80.00,3.00
74423,0.12,-1.26,-1.85,0.75,1.01,2.21,0.63,2.27,4.06,0.00,80.00,3.00
74449,0.13,-1.26,-1.86,0.75,0.98,2.21,0.62,2.24,4.07,0.00,80.00,3.00
74474,0.03,-1.26,-1.87,0.74,0.98,2.26,0.71,2.23,4.14,0.00,80.00,3.00
74500,0.07,-1.26,-1.87,0.75,1.05,2.23,0.68,2.32,4.10,0.00,80.00,3.00
74525,0.10,-1.26,-1.87,0.74,1.04,2.18,0.64,2.30,4.05,0.00,80.00,3.00
74554,0.13,-1.26,-1.87,0.79,1.05,2.30,0.66,2.32,4.17,0.00,80.00,3.00
74579,0.15,-1.26,-1.86,0.74,1.06,2.30,0.59,2.33,4.16,0.00,80.00,3.00
74605,0.12,-1.26,-1.87,0.73,1.07,2.28,0.60,2.33,4.15,0.00,80.00,3.00
74639,0.13,-1.25,-1.87,0.81,1.05,2.25,0.67,2.30,4.11,0.00,80.00,3.00
74664,0.09,-1.25,-1.87,0.82,1.02,2.26,0.73,2.28,4.13,0.00,80.00,3.00
74690,0.08,-1.26,-1.87,0.89,1.01,2.34,0.81,2.26,4.22,0.00,80.00,3.00
74715,0.11,-1.26,-1.88,0.91,0.97,2.37,0.79,2.22,4.25,0.00,80.00,3.00
74744,0.09,-1.26,-1.88,0.87,0.94,2.39,0.79,2.20,4.27,0.00,80.00,3.00
74769,0.12,-1.26,-1.88,0.86,0.97,2.43,0.75,2.23,4.30,0.00,80.00,3.00
74795,0.13,-1.26,-1.89,0.87,0.95,2.38,0.74,2.21,4.26,0.00,80.00,3.00
74820,0.13,-1.25,-1.89,0.88,0.89,2.42,0.74,2.14,4.31,0.00,80.00,3.00
74846,0.22,-1.26,-1.88,0.87,0.88,2.42,0.66,2.13,4.30,0.00,80.00,3.00
74886,0.24,-1.26,-1.88,0.89,0.89,2.35,0.65,2.14,4.22,0.00,80.00,3.00
74911,0.28,-1.26,-1.89,0.96,0.91,2.33,0.67,2.17,4.22,0.00,80.00,3.00
74939,0.25,-1.26,-1.88,0.98,0.88,2.33,0.74,2.14,4.21,0.00,80.00,3.00
74965,0.26,-1.26,-1.89,0.91,0.89,2.39,0.65,2.14,4.28,0.00,80.00,3.00
74990,0.26,-1.25,-1.89,0.89,0.94,2.35,0.63,2.19,4.24,0.00,80.00,3.00
75016,0.31,-1.25,-1.88,0.83,0.96,2.34,0.52,2.21,4.22,0.00,80.00,3.00
75041,0.25,-1.24,-1.87,0.79,1.01,2.37,0.54,2.25,4.24,0.00,80.00,3.00
75067,0.20,-1.25,-1.87,0.79,1.03,2.37,0.59,2.28,4.25,0.00,80.00,3.00
75092,0.16,-1.25,-1.87,0.79,1.04,2.38,0.63,2.29,4.25,0.00,80.00,3.00
75118,0.19,-1.25,-1.87,0.81,1.05,2.34,0.62,2.30,4.21,0.00,80.00,3.00
75146,0.19,-1.25,-1.87,0.83,1.11,2.43,0.63,2.36,4.30,0.00,80.00,3.00
75172,0.18,-1.25,-1.88,0.93,1.11,2.43,0.75,2.35,4.31,0.00,80.00,3.00
75197,0.16,-1.24,-1.88,0.95,1.06,2.47,0.79,2.31,4.34,0.00,80.00,3.00
75223,0.20,-1.24,-1.88,0.94,1.06,2.47,0.74,2.30,4.35,0.00,80.00,3.00
75249,0.23,-1.24,-1.88,0.97,1.06,2.47,0.73,2.30,4.35,0.00,80.00,3.00
75274,0.16,-1.24,-1.88,1.06,1.01,2.46,0.90,2.24,4.34,0.00,80.00,3.00
75300,0.12,-1.24,-1.88,1.10,0.95,2.41,0.98,2.19,4.29,0.00,80.00,3.00
75328,0.14,-1.24,-1.88,1.07,0.94,2.37,0.93,2.18,4.25,0.00,80.00,3.00
75353,0.06,-1.24,-1.89,0.99,0.96,2.31,0.93,2.19,4.19,0.00,80.00,3.00
75378,0.03,-1.24,-1.89,0.97,0.93,2.25,0.94,2.17,4.14,0.00,80.00,3.00
75404,0.05,-1.23,-1.89,1.02,0.93,2.27,0.97,2.16,4.15,0.00,80.00,3.00
75429,0.08,-1.23,-1.89,0.97,0.91,2.26,0.89,2.14,4.15,0.00,80.00,3.00
75468,0.10,-1.23,-1.90,0.85,0.95,2.30,0.75,2.19,4.20,0.00,80.00,3.00
75494,0.11,-1.23,-1.90,0.92,0.97,2.28,0.80,2.20,4.19,0.00,80.00,3.00
75533,0.20,-1.24,-1.91,0.98,0.94,2.34,0.78,2.18,4.25,0.00,80.00,3.00
75561,0.21,-1.24,-1.90,1.02,0.91,2.42,0.81,2.16,4.32,0.00,80.00,3.00
75590,0.10,-1.25,-1.90,1.06,0.92,2.41,0.96,2.17,4.31,0.00,80.00,3.00
75619,0.11,-1.25,-1.90,0.93,0.93,2.45,0.82,2.18,4.35,0.00,80.00,3.00
75648,0.12,-1.26,-1.90,1.03,0.93,2.46,0.91,2.18,4.36,0.00,80.00,3.00
75677,0.13,-1.26,-1.90,1.09,0.91,2.49,0.95,2.17,4.40,0.00,80.00,3.00
75705,0.04,-1.28,-1.90,1.04,0.89,2.52,1.00,2.17,4.42,0.00,80.00,3.00
75737,0.00,-1.28,-1.91,1.03,0.97,2.42,1.03,2.25,4.33,0.00,80.00,3.00
75767,359.99,-1.28,-1.90,0.98,0.97,2.42,0.99,2.25,4.31,0.00,80.00,3.00
75796,359.98,-1.28,-1.90,1.03,1.03,2.39,1.06,2.31,4.28,0.00,80.00,3.00
75825,359.99,-1.28,-1.90,0.93,1.07,2.44,0.95,2.35,4.34,0.00,80.00,3.00
75854,0.10,-1.27,-1.89,0.82,1.04,2.39,0.71,2.32,4.28,0.00,80.00,3.00
75884,0.01,-1.27,-1.89,0.77,1.01,2.41,0.76,2.28,4.31,0.00,80.00,3.00
75913,359.97,-1.28,-1.90,0.71,0.98,2.39,0.74,2.26,4.29,0.00,80.00,3.00
75942,359.95,-1.29,-1.90,0.74,0.99,2.38,0.80,2.28,4.27,0.00,80.00,3.00
75974,359.98,-1.29,-1.90,0.82,0.95,2.38,0.84,2.23,4.28,0.00,80.00,3.00
76003,0.02,-1.28,-1.89,0.84,0.91,2.36,0.82,2.20,4.25,0.00,80.00,3.00
76033,0.01,-1.28,-1.89,0.89,0.87,2.33,0.87,2.15,4.22,0.00,80.00,3.00
76062,0.02,-1.28,-1.89,0.89,0.86,2.36,0.86,2.14,4.25,0.00,80.00,3.00
76105,359.99,-1.28,-1.89,0.92,0.87,2.45,0.93,2.15,4.34,0.00,80.00,3.00
76143,359.91,-1.27,-1.90,0.84,0.81,2.39,0.93,2.09,4.29,0.00,80.00,3.00
76172,359.92,-1.27,-1.90,0.74,0.85,2.35,0.82,2.13,4.25,0.00,80.00,3.00
76204,359.91,-1.28,-1.91,0.72,0.84,2.35,0.81,2.12,4.26,0.00,80.00,3.00
76233,359.93,-1.28,-1.90,0.90,0.85,2.37,0.97,2.13,4.26,0.00,80.00,3.00
76263,359.89,-1.29,-1.91,0.93,0.87,2.32,1.05,2.16,4.23,0.00,80.00,3.00
76292,359.87,-1.28,-1.91,0.96,0.90,2.30,1.09,2.19,4.21,0.00,80.00,3.00
76321,359.79,-1.28,-1.91,1.00,0.89,2.38,1.21,2.17,4.29,0.00,80.00,3.00
76350,359.77,-1.28,-1.91,1.10,0.92,2.36,1.34,2.19,4.27,0.00,80.00,3.00
76379,359.80,-1.28,-1.91,1.02,0.97,2.38,1.22,2.25,4.28,0.00,80.00,3.00
76412,359.82,-1.28,-1.90,1.03,0.96,2.41,1.21,2.24,4.31,0.00,80.00,3.00
76441,359.80,-1.28,-1.91,1.10,0.91,2.41,1.30,2.20,4.32,0.00,80.00,3.00
76470,359.71,-1.29,-1.91,0.97,0.91,2.40,1.26,2.20,4.31,0.00,80.00,3.00
76499,359.71,-1.29,-1.92,1.02,0.88,2.42,1.31,2.17,4.34,0.00,80.00,3.00
76528,359.70,-1.29,-1.91,1.00,0.87,2.43,1.30,2.17,4.35,0.00,80.00,3.00
76558,359.65,-1.29,-1.92,0.97,0.90,2.42,1.32,2.19,4.35,0.00,80.00,3.00
76587,359.67,-1.29,-1.92,0.79,0.88,2.45,1.12,2.16,4.37,0.00,80.00,3.00
76619,359.73,-1.29,-1.92,0.83,0.89,2.48,1.10,2.18,4.39,0.00,80.00,3.00
76648,359.72,-1.29,-1.92,0.89,0.88,2.52,1.17,2.17,4.43,0.00,80.00,3.00
76677,359.76,-1.30,-1.92,0.88,0.95,2.54,1.12,2.24,4.47,0.00,80.00,3.00
76706,359.75,-1.30,-1.92,0.85,0.95,2.53,1.09,2.25,4.45,0.00,80.00,3.00
76736,359.67,-1.30,-1.92,0.80,0.93,2.52,1.13,2.23,4.43,0.00,80.00,3.00
76779,359.66,-1.30,-1.91,0.81,0.95,2.50,1.15,2.25,4.41,0.00,80.00,3.00
76808,359.72,-1.30,-1.92,0.80,0.94,2.40,1.08,2.24,4.31,0.00,80.00,3.00
76840,359.67,-1.30,-1.92,0.69,1.00,2.33,1.02,2.30,4.24,0.00,80.00,3.00
76869,359.69,-1.29,-1.92,0.66,0.94,2.26,0.96,2.23,4.18,0.00,80.00,3.00
76898,359.71,-1.29,-1.91,0.69,0.95,2.28,0.99,2.23,4.19,0.00,80.00,3.00
76928,359.70,-1.29,-1.92,0.73,0.90,2.21,1.03,2.20,4.13,0.00,80.00,3.00
76957,359.69,-1.30,-1.91,0.75,0.93,2.22,1.06,2.23,4.13,0.00,80.00,3.00
76986,359.67,-1.30,-1.90,0.77,0.92,2.24,1.10,2.22,4.14,0.00,80.00,3.00
77015,359.69,-1.30,-1.91,0.83,0.87,2.31,1.14,2.17,4.22,0.00,80.00,3.00
77047,359.61,-1.30,-1.91,0.86,0.88,2.36,1.25,2.18,4.27,0.00,80.00,3.00
77076,359.63,-1.30,-1.92,0.93,0.98,2.43,1.30,2.28,4.35,0.00,80.00,3.00
77106,359.71,-1.30,-1.91,0.95,0.98,2.41,1.25,2.28,4.32,0.00,80.00,3.00
77135,359.68,-1.29,-1.91,0.97,1.02,2.42,1.29,2.31,4.33,0.00,80.00,3.00
77164,359.63,-1.28,-1.90,0.97,1.07,2.34,1.34,2.35,4.24,0.00,80.00,3.00
77193,359.60,-1.28,-1.90,0.94,1.12,2.27,1.35,2.40,4.17,0.00,80.00,3.00
77222,359.63,-1.27,-1.90,0.92,1.14,2.22,1.29,2.41,4.12,0.00,80.00,3.00
77254,359.60,-1.26,-1.90,1.03,1.12,2.20,1.43,2.38,4.10,0.00,80.00,3.00
77283,359.58,-1.26,-1.90,1.01,1.08,2.27,1.43,2.34,4.18,0.00,80.00,3.00
77313,359.59,-1.26,-1.89,0.93,1.00,2.32,1.34,2.26,4.22,0.00,80.00,3.00
77342,359.56,-1.27,-1.89,1.01,0.97,2.33,1.46,2.24,4.23,0.00,80.00,3.00
77371,359.46,-1.27,-1.90,1.01,0.90,2.35,1.55,2.17,4.24,0.00,80.00,3.00
77414,359.53,-1.27,-1.90,0.92,0.86,2.40,1.39,2.13,4.30,0.00,80.00,3.00
77444,359.58,-1.26,-1.89,0.82,0.86,2.40,1.24,2.12,4.29,0.00,80.00,3.00
77473,359.60,-1.27,-1.90,0.75,0.88,2.38,1.15,2.15,4.27,0.00,80.00,3.00
77505,359.56,-1.26,-1.89,0.81,0.90,2.39,1.25,2.16,4.28,0.00,80.00,3.00
77534,359.58,-1.27,-1.89,0.61,0.87,2.42,1.03,2.14,4.31,0.00,80.00,3.00
77563,359.59,-1.27,-1.89,0.73,0.90,2.40,1.13,2.18,4.29,0.00,80.00,3.00
77593,359.58,-1.28,-1.88,0.78,0.90,2.38,1.19,2.18,4.26,0.00,80.00,3.00
77622,359.60,-1.28,-1.88,0.83,0.92,2.33,1.22,2.20,4.20,0.00,80.00,3.00
77651,359.60,-1.28,-1.88,0.80,0.90,2.29,1.20,2.18,4.17,0.00,80.00,3.00
77680,359.66,-1.27,-1.87,0.91,0.87,2.31,1.25,2.15,4.18,0.00,80.00,3.00
77712,359.61,-1.28,-1.87,0.91,0.90,2.34,1.30,2.18,4.21,0.00,80.00,3.00
77741,359.56,-1.28,-1.87,0.99,0.87,2.37,1.43,2.15,4.24,0.00,80.00,3.00
77770,359.57,-1.27,-1.86,1.03,0.85,2.39,1.46,2.12,4.25,0.00,80.00,3.00
77864,359.58,-1.27,-1.86,1.07,0.88,2.44,1.49,2.15,4.30,0.00,80.00,3.00
77893,359.66,-1.26,-1.87,1.05,0.93,2.40,1.39,2.19,4.28,0.00,80.00,3.00
77922,359.65,-1.27,-1.87,1.08,1.04,2.41,1.42,2.30,4.28,0.00,80.00,3.00
77951,359.65,-1.26,-1.87,0.93,1.05,2.31,1.28,2.32,4.18,0.00,80.00,3.00
77983,359.62,-1.26,-1.87,0.79,1.03,2.34,1.18,2.30,4.21,0.00,80.00,3.00
78012,359.61,-1.27,-1.87,0.77,1.02,2.32,1.16,2.29,4.19,0.00,80.00,3.00
78041,359.66,-1.27,-1.87,0.65,1.01,2.31,0.99,2.28,4.18,0.00,80.00,3.00
78071,359.75,-1.27,-1.87,0.65,1.02,2.32,0.90,2.29,4.18,0.00,80.00,3.00
78100,359.78,-1.27,-1.87,0.68,0.93,2.29,0.91,2.20,4.16,0.00,80.00,3.00
78143,359.76,-1.27,-1.86,0.90,0.97,2.20,1.14,2.24,4.06,0.00,80.00,3.00
78172,359.72,-1.27,-1.86,1.01,0.93,2.20,1.29,2.20,4.06,0.00,80.00,3.00
78204,359.71,-1.27,-1.86,1.02,0.90,2.27,1.31,2.18,4.13,0.00,80.00,3.00
78234,359.71,-1.27,-1.87,0.92,0.94,2.29,1.21,2.21,4.16,0.00,80.00,3.00
78263,359.68,-1.27,-1.87,0.85,0.93,2.32,1.17,2.20,4.20,0.00,80.00,3.00
78292,359.65,-1.27,-1.88,0.86,0.89,2.41,1.22,2.16,4.29,0.00,80.00,3.00
78321,359.67,-1.27,-1.88,0.72,0.90,2.42,1.05,2.17,4.30,0.00,80.00,3.00
78350,359.69,-1.27,-1.89,0.59,0.92,2.38,0.90,2.20,4.27,0.00,80.00,3.00
78379,359.56,-1.27,-1.88,0.61,0.90,2.33,1.05,2.17,4.21,0.00,80.00,3.00
78411,359.55,-1.27,-1.88,0.56,0.88,2.26,1.01,2.15,4.14,0.00,80.00,3.00
78440,359.58,-1.28,-1.88,0.64,0.89,2.20,1.05,2.17,4.08,0.00,80.00,3.00
78470,359.61,-1.28,-1.88,0.74,0.90,2.22,1.13,2.18,4.10,0.00,80.00,3.00
78499,359.56,-1.28,-1.88,0.76,0.91,2.21,1.20,2.19,4.10,0.00,80.00,3.00
78528,359.55,-1.27,-1.89,0.81,0.95,2.27,1.26,2.22,4.15,0.00,80.00,3.00
78557,359.64,-1.27,-1.89,0.77,1.02,2.30,1.13,2.28,4.19,0.00,80.00,3.00
78586,359.63,-1.27,-1.89,0.83,0.99,2.35,1.19,2.26,4.24,0.00,80.00,3.00
78618,359.62,-1.26,-1.88,0.80,0.98,2.42,1.18,2.24,4.30,0.00,80.00,3.00
78647,359.62,-1.26,-1.88,0.85,0.96,2.49,1.23,2.22,4.37,0.00,80.00,3.00
78677,359.61,-1.27,-1.88,0.90,0.95,2.46,1.29,2.22,4.34,0.00,80.00,3.00
78706,359.65,-1.27,-1.88,0.81,0.94,2.39,1.16,2.21,4.27,0.00,80.00,3.00
78735,359.68,-1.27,-1.88,0.80,0.89,2.36,1.12,2.16,4.25,0.00,80.00,3.00
78778,359.69,-1.27,-1.88,0.72,0.94,2.32,1.03,2.21,4.21,0.00,80.00,3.00
78807,359.71,-1.28,-1.89,0.69,1.04,2.29,0.98,2.32,4.17,0.00,80.00,3.00
78839,359.72,-1.29,-1.89,0.69,1.00,2.21,0.97,2.29,4.09,0.00,80.00,3.00
78868,359.74,-1.30,-1.89,0.66,0.94,2.24,0.92,2.24,4.13,0.00,80.00,3.00
78898,359.77,-1.30,-1.89,0.68,0.93,2.23,0.91,2.22,4.12,0.00,80.00,3.00
78927,359.79,-1.29,-1.89,0.77,0.98,2.18,0.98,2.27,4.07,0.00,80.00,3.00
78956,359.84,-1.30,-1.89,0.80,0.95,2.18,0.96,2.25,4.06,0.00,80.00,3.00
78985,359.84,-1.30,-1.88,0.79,0.94,2.17,0.95,2.23,4.05,0.00,80.00,3.00
79014,359.89,-1.29,-1.89,0.88,0.96,2.16,1.00,2.25,4.04,0.00,80.00,3.00
79046,359.85,-1.28,-1.89,0.84,0.96,2.20,0.99,2.23,4.09,0.00,80.00,3.00
79075,359.84,-1.29,-1.89,0.77,0.86,2.29,0.93,2.14,4.18,0.00,80.00,3.00
79105,359.85,-1.29,-1.89,0.82,0.87,2.31,0.97,2.15,4.20,0.00,80.00,3.00
79134,359.78,-1.29,-1.90,0.75,0.85,2.28,0.97,2.15,4.18,0.00,80.00,3.00
79163,359.84,-1.29,-1.90,0.78,0.87,2.31,0.94,2.16,4.20,0.00,80.00,3.00
79192,359.83,-1.29,-1.91,0.79,0.87,2.31,0.96,2.16,4.22,0.00,80.00,3.00
79221,359.83,-1.29,-1.90,0.89,0.91,2.33,1.06,2.19,4.23,0.00,80.00,3.00
79253,359.75,-1.28,-1.90,0.87,0.96,2.28,1.12,2.25,4.18,0.00,80.00,3.00
79282,359.74,-1.27,-1.89,0.90,0.96,2.33,1.15,2.24,4.22,0.00,80.00,3.00
79312,359.76,-1.28,-1.89,0.90,0.99,2.41,1.14,2.27,4.30,0.00,80.00,3.00
79341,359.76,-1.27,-1.89,0.83,1.00,2.40,1.07,2.27,4.29,0.00,80.00,3.00
79370,359.77,-1.28,-1.89,0.90,1.00,2.44,1.13,2.28,4.33,0.00,80.00,3.00
79399,359.72,-1.29,-1.88,0.91,1.01,2.49,1.20,2.30,4.37,0.00,80.00,3.00
79442,359.64,-1.29,-1.88,0.91,0.96,2.47,1.27,2.24,4.35,0.00,80.00,3.00
79471,359.69,-1.29,-1.88,0.85,0.92,2.47,1.16,2.21,4.34,0.00,80.00,3.00
79513,359.70,-1.29,-1.87,0.85,0.90,2.44,1.15,2.19,4.31,0.00,80.00,3.00
79542,359.65,-1.29,-1.87,0.79,0.88,2.38,1.14,2.17,4.26,0.00,80.00,3.00
79571,359.60,-1.29,-1.88,0.76,0.89,2.36,1.16,2.18,4.24,0.00,80.00,3.00
79600,359.54,-1.29,-1.88,0.73,0.92,2.33,1.19,2.21,4.21,0.00,80.00,3.00
79629,359.52,-1.28,-1.88,0.69,1.01,2.37,1.17,2.30,4.24,0.00,80.00,3.00
79658,359.52,-1.28,-1.88,0.69,1.03,2.36,1.17,2.31,4.24,0.00,80.00,3.00
79687,359.54,-1.29,-1.88,0.80,1.04,2.42,1.26,2.33,4.30,0.00,80.00,3.00
79719,359.54,-1.29,-1.87,0.74,1.04,2.44,1.20,2.32,4.31,0.00,80.00,3.00
79748,359.52,-1.29,-1.86,0.67,1.02,2.49,1.15,2.31,4.36,0.00,80.00,3.00
79777,359.51,-1.29,-1.85,0.69,0.95,2.49,1.19,2.24,4.34,0.00,80.00,3.00
79806,359.50,-1.29,-1.85,0.72,0.92,2.51,1.23,2.21,4.35,0.00,80.00,3.00
79836,359.54,-1.30,-1.84,0.69,0.88,2.51,1.14,2.18,4.36,0.00,80.00,3.00
79865,359.56,-1.30,-1.84,0.72,0.89,2.46,1.15,2.19,4.30,0.00,80.00,3.00
79894,359.68,-1.31,-1.84,0.74,0.85,2.41,1.06,2.16,4.25,0.00,80.00,3.00
79926,359.73,-1.30,-1.85,0.73,0.88,2.33,1.00,2.17,4.18,0.00,80.00,3.00
79955,359.73,-1.30,-1.85,0.79,0.89,2.36,1.05,2.19,4.20,0.00,80.00,3.00
79984,359.68,-1.28,-1.85,0.82,0.92,2.37,1.14,2.20,4.22,0.00,80.00,3.00
80013,359.74,-1.29,-1.84,0.89,0.93,2.43,1.15,2.22,4.28,0.00,80.00,3.00
80042,359.75,-1.29,-1.84,0.93,0.91,2.47,1.18,2.20,4.31,0.00,80.00,3.00
80086,359.68,-1.28,-1.83,1.00,0.92,2.44,1.32,2.20,4.27,0.00,80.00,3.00
80115,359.71,-1.29,-1.83,1.06,0.84,2.45,1.36,2.13,4.28,0.00,80.00,3.00
80147,359.77,-1.29,-1.85,1.07,0.85,2.35,1.30,2.13,4.19,0.00,80.00,3.00
80176,359.73,-1.29,-1.85,1.02,0.85,2.28,1.29,2.13,4.13,0.00,80.00,3.00
80205,359.68,-1.28,-1.84,0.93,0.86,2.31,1.25,2.13,4.15,0.00,80.00,3.00
80234,359.66,-1.28,-1.84,0.97,0.89,2.31,1.30,2.16,4.15,0.00,80.00,3.00
80263,359.66,-1.28,-1.84,0.92,0.94,2.34,1.26,2.21,4.18,0.00,80.00,3.00
80292,359.70,-1.28,-1.83,0.91,1.02,2.36,1.21,2.29,4.20,0.00,80.00,3.00
80321,359.64,-1.27,-1.84,0.95,1.06,2.43,1.32,2.34,4.27,0.00,80.00,3.00
80353,359.67,-1.27,-1.83,0.96,1.05,2.37,1.29,2.32,4.20,0.00,80.00,3.00
80382,359.67,-1.27,-1.83,0.95,1.05,2.44,1.28,2.32,4.27,0.00,80.00,3.00
80411,359.65,-1.26,-1.83,0.87,1.06,2.44,1.22,2.32,4.27,0.00,80.00,3.00
80441,359.65,-1.26,-1.84,0.86,1.00,2.45,1.21,2.26,4.29,0.00,80.00,3.00
80470,359.62,-1.26,-1.84,0.77,0.97,2.48,1.14,2.24,4.32,0.00,80.00,3.00
80499,359.67,-1.27,-1.84,0.85,0.96,2.56,1.18,2.23,4.40,0.00,80.00,3.00
80528,359.62,-1.27,-1.84,0.81,0.97,2.55,1.18,2.24,4.39,0.00,80.00,3.00
80560,359.66,-1.28,-1.85,0.82,0.93,2.47,1.17,2.21,4.32,0.00,80.00,3.00
80589,359.73,-1.27,-1.84,0.82,0.90,2.50,1.10,2.17,4.34,0.00,80.00,3.00
80618,359.72,-1.27,-1.85,0.80,0.89,2.44,1.08,2.16,4.29,0.00,80.00,3.00
80647,359.76,-1.26,-1.84,0.80,0.88,2.43,1.04,2.13,4.28,0.00,80.00,3.00
80676,359.72,-1.25,-1.85,0.82,0.86,2.48,1.10,2.11,4.33,0.00,80.00,3.00
80705,359.79,-1.25,-1.85,0.77,0.87,2.51,0.98,2.12,4.35,0.00,80.00,3.00
80749,359.83,-1.26,-1.84,0.85,0.86,2.51,1.01,2.12,4.36,0.00,80.00,3.00
80781,359.89,-1.26,-1.85,0.80,0.88,2.46,0.91,2.14,4.31,0.00,80.00,3.00
80810,359.97,-1.27,-1.85,0.87,0.89,2.50,0.89,2.15,4.35,0.00,80.00,3.00
80839,359.97,-1.26,-1.85,0.89,0.90,2.43,0.92,2.16,4.27,0.00,80.00,3.00
80868,0.01,-1.26,-1.85,0.82,0.89,2.41,0.81,2.15,4.26,0.00,80.00,3.00
80897,359.89,-1.26,-1.85,0.84,0.90,2.42,0.95,2.16,4.26,0.00,80.00,3.00
80926,359.83,-1.25,-1.85,0.76,0.84,2.51,0.93,2.09,4.36,0.00,80.00,3.00
80955,359.86,-1.26,-1.85,0.89,0.80,2.52,1.02,2.06,4.36,0.00,80.00,3.00
80987,359.83,-1.26,-1.86,0.80,0.82,2.51,0.97,2.08,4.36,0.00,80.00,3.00
81016,359.86,-1.26,-1.86,0.83,0.86,2.52,0.97,2.12,4.38,0.00,80.00,3.00
81045,359.90,-1.25,-1.85,0.87,0.83,2.53,0.98,2.07,4.37,0.00,80.00,3.00
81074,359.95,-1.25,-1.84,0.96,0.87,2.38,1.01,2.12,4.23,0.00,80.00,3.00
81103,359.98,-1.25,-1.85,0.82,0.90,2.30,0.83,2.15,4.15,0.00,80.00,3.00
81133,359.97,-1.25,-1.85,0.91,0.91,2.34,0.93,2.16,4.19,0.00,80.00,3.00
81170,0.01,-1.25,-1.85,0.82,0.86,2.34,0.81,2.11,4.19,0.00,80.00,3.00
81202,0.02,-1.24,-1.84,0.87,0.90,2.33,0.85,2.14,4.18,0.00,80.00,3.00
81231,0.01,-1.24,-1.85,0.80,0.93,2.31,0.79,2.16,4.16,0.00,80.00,3.00
81260,0.02,-1.24,-1.86,0.84,0.93,2.33,0.83,2.18,4.19,0.00,80.00,3.00
81289,359.97,-1.25,-1.86,0.90,0.89,2.36,0.94,2.14,4.22,0.00,80.00,3.00
81318,359.99,-1.25,-1.87,0.93,0.93,2.30,0.94,2.18,4.16,0.00,80.00,3.00
81347,359.95,-1.25,-1.86,1.02,0.97,2.30,1.07,2.22,4.16,0.00,80.00,3.00
81391,359.91,-1.24,-1.87,0.99,1.00,2.34,1.08,2.24,4.21,0.00,80.00,3.00
81420,359.88,-1.24,-1.86,1.00,0.97,2.35,1.12,2.21,4.21,0.00,80.00,3.00
81452,359.82,-1.25,-1.87,0.92,0.99,2.33,1.10,2.24,4.20,0.00,80.00,3.00
81481,359.82,-1.25,-1.87,0.91,0.99,2.36,1.09,2.24,4.23,0.00,80.00,3.00
81510,359.90,-1.26,-1.86,0.90,0.99,2.31,1.00,2.25,4.17,0.00,80.00,3.00
81539,359.84,-1.25,-1.87,0.80,1.02,2.23,0.97,2.27,4.10,0.00,80.00,3.00
81568,359.83,-1.25,-1.87,0.89,1.04,2.26,1.06,2.29,4.13,0.00,80.00,3.00
81597,359.86,-1.25,-1.87,0.83,1.04,2.29,0.97,2.29,4.16,0.00,80.00,3.00
81626,359.85,-1.25,-1.87,0.81,1.02,2.31,0.96,2.27,4.18,0.00,80.00,3.00
81659,359.81,-1.25,-1.86,0.76,0.99,2.33,0.95,2.24,4.19,0.00,80.00,3.00
81688,359.82,-1.25,-1.86,0.78,0.97,2.40,0.95,2.22,4.26,0.00,80.00,3.00
81717,359.87,-1.26,-1.87,0.76,0.97,2.38,0.88,2.23,4.25,0.00,80.00,3.00
81746,359.89,-1.25,-1.87,0.70,0.95,2.37,0.80,2.20,4.25,0.00,80.00,3.00
81775,359.83,-1.25,-1.88,0.68,0.97,2.37,0.85,2.21,4.25,0.00,80.00,3.00
81804,359.88,-1.25,-1.87,0.65,0.98,2.42,0.77,2.22,4.30,0.00,80.00,3.00
81833,359.95,-1.26,-1.87,0.62,0.97,2.36,0.67,2.23,4.24,0.00,80.00,3.00
81865,359.95,-1.26,-1.88,0.67,0.93,2.34,0.73,2.19,4.22,0.00,80.00,3.00
81894,359.96,-1.26,-1.88,0.73,0.96,2.34,0.78,2.21,4.22,0.00,80.00,3.00
81923,359.97,-1.26,-1.89,0.70,0.94,2.39,0.73,2.20,4.28,0.00,80.00,3.00
81952,0.00,-1.25,-1.88,0.78,0.95,2.37,0.78,2.21,4.25,0.00,80.00,3.00
81981,0.01,-1.25,-1.88,0.79,0.94,2.30,0.78,2.19,4.18,0.00,80.00,3.00
82010,359.94,-1.25,-1.88,0.82,0.96,2.37,0.89,2.21,4.25,0.00,80.00,3.00
82054,359.93,-1.26,-1.88,0.82,0.98,2.40,0.89,2.24,4.27,0.00,80.00,3.00
82086,359.91,-1.25,-1.88,0.80,0.94,2.38,0.88,2.20,4.26,0.00,80.00,3.00
82115,359.89,-1.26,-1.88,0.86,0.95,2.38,0.97,2.20,4.26,0.00,80.00,3.00
82144,359.86,-1.25,-1.88,0.85,0.90,2.34,0.99,2.16,4.22,0.00,80.00,3.00
82173,359.90,-1.25,-1.88,0.88,0.90,2.36,0.97,2.15,4.24,0.00,80.00,3.00
82202,359.89,-1.26,-1.88,0.89,0.91,2.35,0.99,2.17,4.23,0.00,80.00,3.00
82231,359.83,-1.27,-1.88,0.91,0.92,2.36,1.08,2.19,4.24,0.00,80.00,3.00
82260,359.83,-1.27,-1.89,1.00,0.97,2.38,1.17,2.24,4.27,0.00,80.00,3.00
82292,359.78,-1.27,-1.89,0.89,0.98,2.36,1.11,2.25,4.25,0.00,80.00,3.00
82321,359.75,-1.27,-1.90,0.86,0.99,2.40,1.12,2.26,4.29,0.00,80.00,3.00
82350,359.75,-1.27,-1.90,0.81,1.03,2.42,1.06,2.29,4.32,0.00,80.00,3.00
82379,359.73,-1.27,-1.90,0.67,0.99,2.41,0.95,2.26,4.30,0.00,80.00,3.00
82407,359.84,-1.28,-1.89,0.57,0.91,2.35,0.73,2.19,4.24,0.00,80.00,3.00
82436,359.93,-1.28,-1.89,0.62,0.91,2.34,0.69,2.19,4.23,0.00,80.00,3.00
82465,359.92,-1.27,-1.89,0.60,0.95,2.23,0.68,2.22,4.12,0.00,80.00,3.00
82497,359.92,-1.27,-1.89,0.60,0.94,2.22,0.67,2.21,4.10,0.00,80.00,3.00
82526,359.86,-1.27,-1.89,0.61,0.94,2.16,0.75,2.21,4.05,0.00,80.00,3.00
82554,359.84,-1.27,-1.90,0.75,0.99,2.18,0.92,2.26,4.08,0.00,80.00,3.00
82583,359.80,-1.26,-1.90,0.82,1.01,2.17,1.02,2.27,4.07,0.00,80.00,3.00
82612,359.75,-1.27,-1.90,0.80,1.01,2.22,1.05,2.27,4.12,0.00,80.00,3.00
82641,359.74,-1.27,-1.89,0.72,1.00,2.32,0.98,2.26,4.21,0.00,80.00,3.00
82684,359.73,-1.27,-1.89,0.65,0.98,2.40,0.92,2.24,4.29,0.00,80.00,3.00
82716,359.74,-1.26,-1.90,0.69,0.98,2.44,0.95,2.24,4.33,0.00,80.00,3.00
82746,359.66,-1.27,-1.90,0.66,0.99,2.44,0.99,2.26,4.34,0.00,80.00,3.00
82775,359.65,-1.26,-1.90,0.67,0.99,2.48,1.02,2.25,4.39,0.00,80.00,3.00
82812,359.68,-1.26,-1.90,0.76,0.99,2.44,1.07,2.24,4.34,0.00,80.00,3.00
82842,359.70,-1.25,-1.89,0.85,0.96,2.42,1.15,2.21,4.32,0.00,80.00,3.00
82871,359.71,-1.25,-1.89,0.89,0.97,2.37,1.18,2.22,4.27,0.00,80.00,3.00
82900,359.79,-1.26,-1.90,0.84,0.91,2.28,1.05,2.17,4.18,0.00,80.00,3.00
82932,359.83,-1.25,-1.90,0.84,0.93,2.26,1.01,2.19,4.16,0.00,80.00,3.00
82961,359.89,-1.25,-1.90,0.80,1.00,2.27,0.92,2.25,4.17,0.00,80.00,3.00
82990,359.85,-1.24,-1.90,0.75,1.03,2.18,0.90,2.28,4.08,0.00,80.00,3.00
83019,359.78,-1.24,-1.90,0.69,1.09,2.09,0.91,2.33,3.99,0.00,80.00,3.00
83049,359.84,-1.24,-1.90,0.72,1.11,2.14,0.88,2.36,4.04,0.00,80.00,3.00
83078,359.84,-1.24,-1.90,0.72,1.08,2.16,0.88,2.33,4.06,0.00,80.00,3.00
83107,359.73,-1.25,-1.90,0.74,1.04,2.18,1.01,2.28,4.09,0.00,80.00,3.00
83136,359.75,-1.25,-1.90,0.85,1.02,2.25,1.10,2.26,4.16,0.00,80.00,3.00
83168,359.76,-1.25,-1.90,0.89,0.94,2.34,1.13,2.20,4.25,0.00,80.00,3.00
83198,359.70,-1.25,-1.91,0.89,0.90,2.37,1.19,2.15,4.28,0.00,80.00,3.00
83227,359.65,-1.25,-1.90,0.88,0.94,2.41,1.23,2.19,4.31,0.00,80.00,3.00
83256,359.64,-1.25,-1.90,0.86,0.97,2.40,1.22,2.23,4.30,0.00,80.00,3.00
83285,359.71,-1.26,-1.90,0.85,0.96,2.41,1.14,2.22,4.31,0.00,80.00,3.00
83329,359.66,-1.26,-1.91,0.83,0.98,2.43,1.17,2.24,4.34,0.00,80.00,3.00
83359,359.68,-1.25,-1.91,0.81,1.00,2.44,1.13,2.25,4.36,0.00,80.00,3.00
83391,359.66,-1.26,-1.91,0.75,0.94,2.47,1.09,2.20,4.38,0.00,80.00,3.00
83420,359.66,-1.26,-1.91,0.66,0.93,2.39,1.00,2.19,4.30,0.00,80.00,3.00
83449,359.69,-1.26,-1.91,0.59,0.92,2.36,0.90,2.17,4.27,0.00,80.00,3.00
83478,359.65,-1.26,-1.91,0.52,0.96,2.33,0.87,2.22,4.24,0.00,80.00,3.00
83508,359.63,-1.26,-1.92,0.64,0.98,2.23,1.01,2.24,4.14,0.00,80.00,3.00
83537,359.67,-1.25,-1.92,0.65,1.02,2.19,0.98,2.27,4.11,0.00,80.00,3.00
83566,359.67,-1.25,-1.92,0.70,1.00,2.27,1.03,2.25,4.19,0.00,80.00,3.00
83598,359.67,-1.25,-1.91,0.88,1.04,2.32,1.21,2.29,4.23,0.00,80.00,3.00
83627,359.58,-1.25,-1.91,0.89,0.99,2.31,1.30,2.24,4.21,0.00,80.00,3.00
83657,359.56,-1.25,-1.91,0.86,1.00,2.39,1.31,2.25,4.30,0.00,80.00,3.00
83686,359.54,-1.25,-1.90,0.87,1.03,2.38,1.33,2.28,4.28,0.00,80.00,3.00
83715,359.53,-1.24,-1.89,0.90,1.02,2.28,1.37,2.27,4.17,0.00,80.00,3.00
83744,359.54,-1.24,-1.89,0.91,1.02,2.25,1.37,2.26,4.14,0.00,80.00,3.00
83774,359.55,-1.25,-1.89,0.79,1.04,2.23,1.24,2.29,4.11,0.00,80.00,3.00
83806,359.53,-1.24,-1.88,0.78,0.98,2.21,1.25,2.22,4.09,0.00,80.00,3.00
83835,359.58,-1.24,-1.88,0.71,0.98,2.20,1.13,2.23,4.07,0.00,80.00,3.00
83864,359.55,-1.24,-1.88,0.71,0.94,2.32,1.16,2.18,4.20,0.00,80.00,3.00
83893,359.55,-1.23,-1.89,0.69,0.96,2.35,1.14,2.20,4.24,0.00,80.00,3.00
83923,359.49,-1.22,-1.89,0.69,0.94,2.30,1.21,2.16,4.19,0.00,80.00,3.00
83967,359.47,-1.23,-1.89,0.75,0.94,2.36,1.28,2.17,4.26,0.00,80.00,3.00
83996,359.47,-1.23,-1.89,0.74,0.89,2.37,1.27,2.12,4.26,0.00,80.00,3.00
84028,359.49,-1.23,-1.89,0.76,0.93,2.36,1.27,2.16,4.25,0.00,80.00,3.00
84057,359.52,-1.24,-1.88,0.82,0.94,2.34,1.30,2.18,4.22,0.00,80.00,3.00
84086,359.66,-1.24,-1.88,0.86,0.90,2.34,1.20,2.14,4.23,0.00,80.00,3.00
84116,359.63,-1.24,-1.88,0.92,0.86,2.44,1.28,2.10,4.32,0.00,80.00,3.00
84145,359.66,-1.24,-1.89,0.86,0.92,2.42,1.20,2.16,4.31,0.00,80.00,3.00
84174,359.73,-1.24,-1.89,0.92,0.97,2.44,1.19,2.21,4.33,0.00,80.00,3.00
84203,359.69,-1.24,-1.88,0.93,0.93,2.45,1.24,2.17,4.33,0.00,80.00,3.00
84235,359.72,-1.25,-1.88,0.90,0.98,2.46,1.18,2.23,4.34,0.00,80.00,3.00
84264,359.69,-1.24,-1.88,0.90,1.03,2.38,1.21,2.28,4.26,0.00,80.00,3.00
84294,359.70,-1.24,-1.88,0.89,0.99,2.43,1.20,2.23,4.31,0.00,80.00,3.00
84323,359.70,-1.24,-1.88,0.83,1.00,2.42,1.13,2.24,4.29,0.00,80.00,3.00
84352,359.69,-1.24,-1.88,0.84,1.02,2.49,1.15,2.27,4.37,0.00,80.00,3.00
84381,359.69,-1.25,-1.88,0.80,1.02,2.53,1.11,2.28,4.42,0.00,80.00,3.00
84410,359.73,-1.25,-1.88,0.75,1.03,2.51,1.02,2.27,4.39,0.00,80.00,3.00
84451,359.68,-1.25,-1.88,0.78,1.03,2.50,1.10,2.29,4.39,0.00,80.00,3.00
84480,359.64,-1.26,-1.88,0.77,1.06,2.41,1.13,2.33,4.30,0.00,80.00,3.00
84509,359.66,-1.26,-1.88,0.78,1.01,2.38,1.12,2.27,4.26,0.00,80.00,3.00
84538,359.65,-1.26,-1.88,0.75,1.00,2.33,1.10,2.26,4.21,0.00,80.00,3.00
84567,359.57,-1.27,-1.88,0.76,0.95,2.31,1.19,2.21,4.19,0.00,80.00,3.00
84612,359.58,-1.27,-1.88,0.85,0.97,2.31,1.26,2.24,4.19,0.00,80.00,3.00
84641,359.66,-1.27,-1.88,0.87,0.95,2.28,1.21,2.22,4.17,0.00,80.00,3.00
84673,359.61,-1.28,-1.88,0.92,0.95,2.32,1.31,2.22,4.20,0.00,80.00,3.00
84702,359.59,-1.28,-1.88,0.95,0.97,2.32,1.36,2.25,4.21,0.00,80.00,3.00
84731,359.61,-1.28,-1.88,0.99,1.03,2.21,1.37,2.30,4.09,0.00,80.00,3.00
84760,359.61,-1.28,-1.88,0.92,1.07,2.20,1.31,2.35,4.08,0.00,80.00,3.00
84789,359.58,-1.28,-1.87,0.91,1.04,2.21,1.33,2.32,4.08,0.00,80.00,3.00
84819,359.53,-1.28,-1.88,0.80,1.06,2.22,1.28,2.33,4.10,0.00,80.00,3.00
84848,359.52,-1.28,-1.88,0.86,1.03,2.21,1.34,2.31,4.09,0.00,80.00,3.00
84880,359.46,-1.27,-1.88,0.80,1.01,2.31,1.34,2.29,4.19,0.00,80.00,3.00
84909,359.41,-1.27,-1.88,0.82,0.93,2.31,1.41,2.20,4.19,0.00,80.00,3.00
84938,359.36,-1.26,-1.88,0.82,0.97,2.29,1.46,2.23,4.17,0.00,80.00,3.00
84967,359.41,-1.27,-1.88,0.81,0.98,2.28,1.39,2.25,4.16,0.00,80.00,3.00
84996,359.48,-1.27,-1.88,0.76,1.01,2.31,1.28,2.27,4.19,0.00,80.00,3.00
85025,359.50,-1.27,-1.87,0.75,1.00,2.29,1.25,2.27,4.16,0.00,80.00,3.00
85055,359.45,-1.28,-1.87,0.76,1.02,2.30,1.31,2.29,4.17,0.00,80.00,3.00
85084,359.51,-1.27,-1.87,0.73,1.01,2.33,1.22,2.28,4.20,0.00,80.00,3.00
85116,359.48,-1.27,-1.87,0.78,0.95,2.37,1.29,2.22,4.25,0.00,80.00,3.00
85145,359.50,-1.28,-1.88,0.78,0.90,2.40,1.28,2.18,4.27,0.00,80.00,3.00
85174,359.56,-1.28,-1.88,0.77,0.87,2.38,1.21,2.15,4.26,0.00,80.00,3.00
85203,359.60,-1.28,-1.89,0.74,0.85,2.41,1.14,2.13,4.29,0.00,80.00,3.00
85248,359.58,-1.28,-1.89,0.77,0.90,2.39,1.19,2.18,4.28,0.00,80.00,3.00
85277,359.58,-1.28,-1.89,0.77,0.92,2.39,1.18,2.19,4.28,0.00,80.00,3.00
85306,359.56,-1.27,-1.89,0.78,0.90,2.36,1.22,2.17,4.26,0.00,80.00,3.00
85338,359.58,-1.27,-1.89,0.72,0.94,2.31,1.14,2.21,4.20,0.00,80.00,3.00
85367,359.49,-1.28,-1.89,0.70,0.96,2.26,1.21,2.23,4.15,0.00,80.00,3.00
85396,359.48,-1.28,-1.89,0.73,0.99,2.23,1.25,2.27,4.12,0.00,80.00,3.00
85425,359.48,-1.28,-1.89,0.74,0.96,2.28,1.26,2.24,4.17,0.00,80.00,3.00
85455,359.47,-1.29,-1.90,0.73,0.93,2.27,1.26,2.22,4.17,0.00,80.00,3.00
85484,359.46,-1.29,-1.90,0.77,1.00,2.35,1.31,2.28,4.24,0.00,80.00,3.00
85513,359.47,-1.28,-1.90,0.81,1.06,2.40,1.35,2.34,4.29,0.00,80.00,3.00
85545,359.45,-1.28,-1.90,0.77,1.03,2.42,1.32,2.32,4.32,0.00,80.00,3.00
85574,359.42,-1.28,-1.90,0.73,1.00,2.39,1.31,2.28,4.29,0.00,80.00,3.00
85603,359.36,-1.28,-1.89,0.70,1.03,2.38,1.34,2.31,4.28,0.00,80.00,3.00
85633,359.39,-1.29,-1.89,0.63,0.97,2.29,1.23,2.25,4.18,0.00,80.00,3.00
85662,359.42,-1.29,-1.89,0.71,0.92,2.27,1.29,2.21,4.16,0.00,80.00,3.00
85691,359.36,-1.29,-1.89,0.84,0.87,2.35,1.48,2.17,4.24,0.00,80.00,3.00
85720,359.43,-1.30,-1.89,0.84,0.91,2.35,1.41,2.21,4.24,0.00,80.00,3.00
85752,359.45,-1.30,-1.90,0.90,0.93,2.39,1.45,2.23,4.29,0.00,80.00,3.00
85781,359.45,-1.30,-1.89,0.91,0.95,2.36,1.46,2.25,4.26,0.00,80.00,3.00
85810,359.45,-1.31,-1.90,0.85,0.96,2.36,1.40,2.27,4.26,0.00,80.00,3.00
85839,359.50,-1.31,-1.89,0.76,0.97,2.38,1.26,2.27,4.26,0.00,80.00,3.00
85883,359.52,-1.31,-1.89,0.64,0.96,2.39,1.12,2.27,4.28,0.00,80.00,3.00
86018,359.59,-1.30,-1.88,0.70,0.93,2.37,1.10,2.22,4.25,0.00,80.00,3.00
86153,359.53,-1.30,-1.88,0.71,0.93,2.37,1.18,2.23,4.25,0.00,80.00,3.00
86295,359.50,-1.30,-1.88,0.66,0.86,2.41,1.16,2.16,4.29,0.00,80.00,3.00
86324,359.49,-1.29,-1.87,0.78,0.92,2.39,1.29,2.22,4.26,0.00,80.00,3.00
86353,359.40,-1.30,-1.87,0.77,0.89,2.33,1.37,2.19,4.19,0.00,80.00,3.00
86382,359.42,-1.32,-1.87,0.84,0.92,2.24,1.41,2.23,4.11,0.00,80.00,3.00
86411,359.44,-1.32,-1.87,0.89,0.91,2.17,1.45,2.23,4.03,0.00,80.00,3.00
86449,359.41,-1.31,-1.87,0.89,0.92,2.15,1.47,2.23,4.02,0.00,80.00,3.00
86478,359.39,-1.31,-1.88,1.01,0.95,2.17,1.62,2.26,4.05,0.00,80.00,3.00
86510,359.40,-1.31,-1.88,1.16,1.03,2.33,1.76,2.35,4.21,0.00,80.00,3.00
86539,359.35,-1.30,-1.88,0.91,0.99,2.53,1.56,2.30,4.40,0.00,80.00,3.00
86568,359.34,-1.29,-1.88,0.69,0.99,2.26,1.34,2.28,4.14,0.00,80.00,3.00
86597,359.35,-1.29,-1.88,0.76,0.95,2.19,1.42,2.24,4.07,0.00,80.00,3.00
86627,359.38,-1.29,-1.88,0.81,0.97,2.20,1.43,2.26,4.08,0.00,80.00,3.00
86656,359.45,-1.29,-1.87,0.83,0.96,2.22,1.37,2.25,4.10,0.00,80.00,3.00
86685,359.47,-1.29,-1.86,0.78,0.95,2.24,1.31,2.24,4.10,0.00,80.00,3.00
86717,359.51,-1.29,-1.87,0.83,0.95,2.25,1.32,2.24,4.12,0.00,80.00,3.00
86746,359.57,-1.29,-1.86,0.76,0.91,2.27,1.19,2.20,4.13,0.00,80.00,3.00
86775,359.59,-1.29,-1.85,0.82,0.88,2.30,1.24,2.18,4.14,0.00,80.00,3.00
86804,359.52,-1.29,-1.85,0.87,0.87,2.29,1.35,2.16,4.13,0.00,80.00,3.00
86848,359.46,-1.29,-1.85,0.96,0.86,2.31,1.50,2.15,4.16,0.00,80.00,3.00
86877,359.43,-1.29,-1.86,1.00,0.89,2.29,1.57,2.18,4.14,0.00,80.00,3.00
86907,359.43,-1.29,-1.86,1.00,0.91,2.23,1.57,2.20,4.08,0.00,80.00,3.00
86939,359.42,-1.29,-1.86,1.02,0.94,2.24,1.60,2.23,4.10,0.00,80.00,3.00
86968,359.48,-1.29,-1.86,0.94,1.01,2.20,1.46,2.31,4.05,0.00,80.00,3.00
86997,359.52,-1.29,-1.85,0.83,1.01,2.14,1.32,2.30,4.00,0.00,80.00,3.00
87026,359.47,-1.29,-1.86,0.77,1.02,2.18,1.30,2.31,4.04,0.00,80.00,3.00
87055,359.41,-1.28,-1.86,0.77,0.99,2.19,1.36,2.27,4.05,0.00,80.00,3.00
87084,359.44,-1.29,-1.86,0.69,1.05,2.24,1.25,2.34,4.09,0.00,80.00,3.00
87113,359.49,-1.28,-1.86,0.75,1.00,2.25,1.25,2.28,4.11,0.00,80.00,3.00
87145,359.52,-1.29,-1.86,0.81,0.99,2.29,1.29,2.28,4.15,0.00,80.00,3.00
87174,359.51,-1.29,-1.86,0.82,0.97,2.26,1.32,2.26,4.12,0.00,80.00,3.00
87203,359.53,-1.29,-1.86,0.83,0.94,2.32,1.30,2.24,4.18,0.00,80.00,3.00
87233,359.61,-1.29,-1.87,0.80,0.88,2.31,1.19,2.17,4.17,0.00,80.00,3.00
87262,359.59,-1.28,-1.86,0.70,0.88,2.32,1.11,2.16,4.18,0.00,80.00,3.00
87291,359.61,-1.29,-1.85,0.72,0.86,2.34,1.11,2.15,4.19,0.00,80.00,3.00
87320,359.61,-1.28,-1.85,0.74,0.89,2.43,1.13,2.17,4.28,0.00,80.00,3.00
87349,359.63,-1.28,-1.85,0.68,0.85,2.42,1.05,2.13,4.27,0.00,80.00,3.00
87381,359.60,-1.29,-1.86,0.71,0.86,2.38,1.11,2.15,4.24,0.00,80.00,3.00
87410,359.64,-1.29,-1.86,0.86,0.92,2.41,1.22,2.21,4.27,0.00,80.00,3.00
87439,359.65,-1.29,-1.87,0.82,0.91,2.36,1.18,2.20,4.23,0.00,80.00,3.00
87483,359.66,-1.29,-1.87,0.75,0.88,2.33,1.09,2.17,4.20,0.00,80.00,3.00
87512,359.62,-1.28,-1.88,0.79,0.87,2.27,1.17,2.15,4.15,0.00,80.00,3.00
87541,359.63,-1.28,-1.87,0.79,0.91,2.35,1.16,2.18,4.21,0.00,80.00,3.00
87570,359.62,-1.27,-1.88,0.84,0.89,2.32,1.22,2.16,4.20,0.00,80.00,3.00
87603,359.60,-1.27,-1.88,0.76,0.84,2.36,1.16,2.11,4.23,0.00,80.00,3.00
87632,359.61,-1.27,-1.88,0.79,0.88,2.38,1.18,2.15,4.26,0.00,80.00,3.00
87661,359.62,-1.27,-1.88,0.85,1.00,2.40,1.23,2.27,4.28,0.00,80.00,3.00
87690,359.58,-1.27,-1.89,0.81,0.94,2.30,1.23,2.22,4.19,0.00,80.00,3.00
87719,359.47,-1.27,-1.90,0.89,0.91,2.25,1.42,2.18,4.14,0.00,80.00,3.00
87748,359.36,-1.27,-1.90,0.78,0.95,2.21,1.42,2.22,4.11,0.00,80.00,3.00
87777,359.37,-1.27,-1.89,0.75,0.91,2.22,1.38,2.18,4.11,0.00,80.00,3.00
87809,359.41,-1.26,-1.89,0.82,0.92,2.19,1.40,2.18,4.08,0.00,80.00,3.00
87838,359.52,-1.26,-1.90,0.75,0.96,2.24,1.23,2.22,4.14,0.00,80.00,3.00
87867,359.56,-1.25,-1.90,0.77,0.96,2.27,1.21,2.20,4.17,0.00,80.00,3.00
87897,359.59,-1.23,-1.90,0.78,0.96,2.30,1.19,2.20,4.20,0.00,80.00,3.00
87926,359.64,-1.22,-1.90,0.90,0.93,2.36,1.25,2.15,4.26,0.00,80.00,3.00
87955,359.62,-1.22,-1.89,0.94,0.88,2.36,1.32,2.10,4.25,0.00,80.00,3.00
87984,359.64,-1.23,-1.89,0.94,0.82,2.33,1.30,2.04,4.22,0.00,80.00,3.00
88016,359.65,-1.22,-1.90,0.97,0.82,2.39,1.32,2.04,4.28,0.00,80.00,3.00
88045,359.70,-1.23,-1.90,0.94,0.82,2.35,1.25,2.05,4.25,0.00,80.00,3.00
88082,359.80,-1.23,-1.90,0.96,0.79,2.31,1.16,2.02,4.21,0.00,80.00,3.00
88126,359.82,-1.22,-1.89,0.88,0.84,2.24,1.07,2.06,4.13,0.00,80.00,3.00
88155,359.77,-1.23,-1.90,0.83,0.91,2.23,1.06,2.14,4.13,0.00,80.00,3.00
88185,359.77,-1.23,-1.89,0.79,0.92,2.21,1.02,2.15,4.11,0.00,80.00,3.00
88214,359.79,-1.23,-1.90,0.79,0.96,2.20,1.00,2.19,4.10,0.00,80.00,3.00
88246,359.77,-1.22,-1.90,0.77,1.03,2.18,0.99,2.25,4.09,0.00,80.00,3.00
88275,359.74,-1.23,-1.91,0.79,1.06,2.24,1.04,2.29,4.15,0.00,80.00,3.00
88304,359.83,-1.23,-1.92,0.82,1.04,2.32,0.99,2.27,4.24,0.00,80.00,3.00
88333,359.79,-1.23,-1.91,0.84,1.05,2.40,1.05,2.28,4.32,0.00,80.00,3.00
88362,359.81,-1.24,-1.90,0.76,1.07,2.39,0.95,2.31,4.29,0.00,80.00,3.00
88391,359.86,-1.26,-1.89,0.89,1.02,2.39,1.02,2.28,4.28,0.00,80.00,3.00
88420,359.88,-1.25,-1.89,0.91,1.03,2.36,1.02,2.28,4.25,0.00,80.00,3.00
88452,359.84,-1.24,-1.87,0.89,1.00,2.38,1.05,2.24,4.26,0.00,80.00,3.00
88481,359.80,-1.24,-1.86,0.99,0.98,2.32,1.19,2.22,4.18,0.00,80.00,3.00
88510,359.81,-1.24,-1.86,1.09,0.94,2.36,1.28,2.18,4.21,0.00,80.00,3.00
88539,359.85,-1.24,-1.85,1.18,0.92,2.37,1.33,2.16,4.22,0.00,80.00,3.00
88568,359.82,-1.25,-1.85,0.97,0.93,2.47,1.15,2.18,4.31,0.00,80.00,3.00
88597,359.91,-1.25,-1.84,0.91,0.93,2.39,0.99,2.18,4.24,0.00,80.00,3.00
88626,359.84,-1.25,-1.85,0.90,0.93,2.37,1.06,2.19,4.21,0.00,80.00,3.00
88658,359.82,-1.25,-1.85,0.94,0.93,2.39,1.13,2.18,4.23,0.00,80.00,3.00
88687,359.84,-1.25,-1.85,0.78,0.95,2.40,0.95,2.20,4.25,0.00,80.00,3.00
88717,359.79,-1.25,-1.85,0.81,1.01,2.37,1.02,2.25,4.21,0.00,80.00,3.00
88761,359.76,-1.25,-1.84,0.80,1.01,2.30,1.04,2.26,4.14,0.00,80.00,3.00
88789,359.79,-1.25,-1.84,0.79,1.00,2.40,1.00,2.25,4.24,0.00,80.00,3.00
88819,359.75,-1.25,-1.84,0.69,0.99,2.41,0.94,2.24,4.25,0.00,80.00,3.00
88848,359.81,-1.25,-1.84,0.67,1.01,2.36,0.87,2.26,4.20,0.00,80.00,3.00
88880,359.85,-1.25,-1.84,0.77,0.98,2.33,0.92,2.23,4.18,0.00,80.00,3.00
88909,359.88,-1.24,-1.83,0.74,0.89,2.37,0.86,2.13,4.20,0.00,80.00,3.00
88938,359.91,-1.24,-1.83,0.83,0.92,2.42,0.92,2.16,4.25,0.00,80.00,3.00
88967,359.89,-1.24,-1.82,0.95,0.92,2.37,1.06,2.16,4.19,0.00,80.00,3.00
88996,359.87,-1.24,-1.82,0.97,0.90,2.40,1.10,2.14,4.22,0.00,80.00,3.00
89025,359.93,-1.24,-1.81,0.93,0.89,2.41,1.00,2.14,4.23,0.00,80.00,3.00
89054,359.93,-1.25,-1.81,0.91,0.96,2.46,0.98,2.20,4.26,0.00,80.00,3.00
89086,359.85,-1.25,-1.80,0.82,0.95,2.53,0.98,2.20,4.33,0.00,80.00,3.00
89115,359.78,-1.25,-1.80,0.90,0.99,2.57,1.12,2.24,4.37,0.00,80.00,3.00
89144,359.79,-1.24,-1.80,0.91,1.01,2.58,1.12,2.26,4.37,0.00,80.00,3.00
89173,359.81,-1.24,-1.80,0.84,1.05,2.56,1.03,2.29,4.36,0.00,80.00,3.00
89202,359.76,-1.24,-1.80,0.87,1.00,2.54,1.11,2.23,4.35,0.00,80.00,3.00
89231,359.88,-1.24,-1.80,0.95,0.95,2.48,1.07,2.18,4.28,0.00,80.00,3.00
89261,359.92,-1.24,-1.79,0.87,0.91,2.42,0.96,2.15,4.22,0.00,80.00,3.00
89289,359.88,-1.24,-1.80,0.84,0.87,2.30,0.96,2.11,4.10,0.00,80.00,3.00
89321,359.84,-1.24,-1.80,0.83,0.85,2.22,0.99,2.10,4.02,0.00,80.00,3.00
89351,359.73,-1.25,-1.80,0.93,0.80,2.28,1.20,2.04,4.08,0.00,80.00,3.00
89394,359.78,-1.25,-1.80,0.91,0.80,2.26,1.13,2.05,4.06,0.00,80.00,3.00
89423,359.76,-1.25,-1.81,0.90,0.81,2.26,1.14,2.06,4.07,0.00,80.00,3.00
89453,359.71,-1.25,-1.82,0.89,0.80,2.26,1.18,2.05,4.07,0.00,80.00,3.00
89482,359.71,-1.26,-1.82,0.91,0.83,2.33,1.20,2.09,4.15,0.00,80.00,3.00
89511,359.72,-1.25,-1.82,0.97,0.86,2.37,1.25,2.11,4.19,0.00,80.00,3.00
89542,359.67,-1.25,-1.81,0.98,0.91,2.34,1.31,2.16,4.15,0.00,80.00,3.00
89571,359.64,-1.26,-1.81,0.95,0.89,2.44,1.30,2.14,4.25,0.00,80.00,3.00
89600,359.57,-1.26,-1.81,0.99,0.86,2.39,1.42,2.12,4.20,0.00,80.00,3.00
89629,359.59,-1.27,-1.81,0.97,0.88,2.42,1.39,2.15,4.24,0.00,80.00,3.00
89658,359.61,-1.26,-1.82,0.88,0.91,2.39,1.27,2.17,4.21,0.00,80.00,3.00
89687,359.59,-1.27,-1.83,0.81,0.89,2.40,1.22,2.16,4.23,0.00,80.00,3.00
89716,359.56,-1.26,-1.83,0.86,0.90,2.31,1.30,2.17,4.14,0.00,80.00,3.00
89761,359.51,-1.27,-1.82,0.89,0.93,2.32,1.38,2.20,4.14,0.00,80.00,3.00
89790,359.49,-1.27,-1.82,1.01,0.92,2.37,1.52,2.19,4.19,0.00,80.00,3.00
89819,359.39,-1.26,-1.83,0.97,0.88,2.36,1.57,2.15,4.19,0.00,80.00,3.00
89848,359.43,-1.26,-1.83,0.97,0.92,2.42,1.54,2.18,4.25,0.00,80.00,3.00
89876,359.45,-1.24,-1.85,0.91,0.91,2.40,1.46,2.16,4.25,0.00,80.00,3.00
89905,359.44,-1.23,-1.85,0.83,0.94,2.41,1.39,2.17,4.26,0.00,80.00,3.00
89934,359.50,-1.24,-1.85,0.91,0.96,2.41,1.42,2.20,4.25,0.00,80.00,3.00
89966,359.48,-1.25,-1.86,0.83,0.96,2.35,1.35,2.21,4.20,0.00,80.00,3.00
90011,359.44,-1.24,-1.87,0.84,0.96,2.31,1.41,2.20,4.18,0.00,80.00,3.00
90040,359.45,-1.25,-1.88,0.92,0.98,2.30,1.47,2.23,4.19,0.00,80.00,3.00
90069,359.41,-1.25,-1.89,0.89,1.01,2.34,1.49,2.26,4.23,0.00,80.00,3.00
90098,359.42,-1.25,-1.88,0.86,1.00,2.33,1.44,2.24,4.21,0.00,80.00,3.00
90127,359.40,-1.25,-1.88,0.81,1.01,2.39,1.41,2.26,4.27,0.00,80.00,3.00
90157,359.47,-1.25,-1.88,0.77,1.06,2.44,1.30,2.31,4.32,0.00,80.00,3.00
90189,359.46,-1.24,-1.88,0.74,1.10,2.47,1.27,2.34,4.35,0.00,80.00,3.00
90218,359.48,-1.25,-1.88,0.71,1.14,2.45,1.23,2.39,4.32,0.00,80.00,3.00
90247,359.54,-1.25,-1.88,0.62,1.10,2.47,1.08,2.36,4.35,0.00,80.00,3.00
90276,359.55,-1.26,-1.88,0.66,1.08,2.32,1.12,2.34,4.20,0.00,80.00,3.00
90305,359.56,-1.26,-1.88,0.75,1.08,2.29,1.19,2.35,4.17,0.00,80.00,3.00
90335,359.66,-1.26,-1.89,0.79,1.08,2.30,1.12,2.35,4.19,0.00,80.00,3.00
90364,359.67,-1.26,-1.89,0.82,1.00,2.28,1.15,2.26,4.17,0.00,80.00,3.00
90396,359.67,-1.26,-1.88,0.92,0.98,2.21,1.25,2.25,4.09,0.00,80.00,3.00
90425,359.69,-1.27,-1.88,0.85,1.01,2.21,1.16,2.27,4.09,0.00,80.00,3.00
90455,359.66,-1.28,-1.89,0.91,0.94,2.18,1.25,2.22,4.06,0.00,80.00,3.00
90484,359.65,-1.28,-1.90,0.78,0.89,2.19,1.13,2.17,4.08,0.00,80.00,3.00
90513,359.66,-1.27,-1.91,0.76,0.84,2.23,1.10,2.10,4.14,0.00,80.00,3.00
90542,359.67,-1.27,-1.91,0.73,0.90,2.18,1.05,2.17,4.09,0.00,80.00,3.00
90572,359.70,-1.27,-1.91,0.73,0.92,2.26,1.03,2.19,4.17,0.00,80.00,3.00
90604,359.72,-1.26,-1.91,0.73,0.92,2.35,1.01,2.18,4.26,0.00,80.00,3.00
90649,359.74,-1.25,-1.91,0.64,0.97,2.35,0.90,2.23,4.26,0.00,80.00,3.00
90678,359.71,-1.25,-1.92,0.70,0.98,2.36,0.98,2.23,4.28,0.00,80.00,3.00
90707,359.71,-1.26,-1.92,0.67,0.97,2.39,0.96,2.22,4.30,0.00,80.00,3.00
90736,359.75,-1.25,-1.91,0.72,0.94,2.46,0.97,2.19,4.37,0.00,80.00,3.00
90765,359.72,-1.25,-1.91,0.65,0.93,2.46,0.93,2.18,4.37,0.00,80.00,3.00
90795,359.74,-1.24,-1.91,0.66,0.92,2.47,0.92,2.16,4.38,0.00,80.00,3.00
90827,359.73,-1.25,-1.91,0.70,0.94,2.45,0.96,2.19,4.35,0.00,80.00,3.00
90856,359.70,-1.25,-1.91,0.70,0.97,2.40,1.00,2.22,4.31,0.00,80.00,3.00
90885,359.72,-1.25,-1.91,0.76,0.97,2.32,1.05,2.22,4.24,0.00,80.00,3.00
90914,359.67,-1.25,-1.91,0.82,0.97,2.23,1.15,2.22,4.14,0.00,80.00,3.00
90944,359.66,-1.24,-1.91,0.78,1.00,2.23,1.13,2.24,4.13,0.00,80.00,3.00
90973,359.67,-1.24,-1.89,0.80,0.96,2.27,1.13,2.20,4.17,0.00,80.00,3.00
91002,359.67,-1.24,-1.90,0.82,0.92,2.31,1.16,2.16,4.21,0.00,80.00,3.00
91034,359.70,-1.23,-1.90,0.84,0.89,2.36,1.14,2.12,4.26,0.00,80.00,3.00
91064,359.73,-1.23,-1.90,0.74,0.94,2.41,1.01,2.17,4.31,0.00,80.00,3.00
91093,359.72,-1.23,-1.90,0.84,0.91,2.39,1.12,2.14,4.29,0.00,80.00,3.00
91122,359.72,-1.23,-1.90,0.93,0.91,2.39,1.21,2.14,4.29,0.00,80.00,3.00
91151,359.71,-1.22,-1.90,1.01,0.94,2.37,1.30,2.16,4.28,0.00,80.00,3.00
91180,359.60,-1.22,-1.91,1.07,0.97,2.37,1.47,2.19,4.27,0.00,80.00,3.00
91209,359.62,-1.22,-1.90,1.06,1.01,2.35,1.44,2.23,4.25,0.00,80.00,3.00
91239,359.56,-1.21,-1.90,1.08,1.04,2.36,1.52,2.25,4.27,0.00,80.00,3.00
91286,359.52,-1.21,-1.90,0.96,1.05,2.32,1.44,2.27,4.22,0.00,80.00,3.00
91315,359.56,-1.21,-1.90,0.87,1.07,2.33,1.31,2.28,4.23,0.00,80.00,3.00
91345,359.56,-1.21,-1.89,0.85,1.07,2.21,1.29,2.28,4.10,0.00,80.00,3.00
91382,359.53,-1.22,-1.89,0.72,1.06,2.14,1.20,2.28,4.03,0.00,80.00,3.00
91411,359.45,-1.22,-1.89,0.68,1.07,2.17,1.23,2.29,4.06,0.00,80.00,3.00
91440,359.45,-1.22,-1.89,0.65,1.06,2.21,1.20,2.28,4.10,0.00,80.00,3.00
91470,359.38,-1.21,-1.90,0.72,1.02,2.20,1.34,2.23,4.09,0.00,80.00,3.00
91502,359.41,-1.21,-1.90,0.72,0.99,2.24,1.31,2.20,4.14,0.00,80.00,3.00
91531,359.52,-1.22,-1.89,0.81,0.97,2.34,1.29,2.19,4.23,0.00,80.00,3.00
91560,359.42,-1.22,-1.90,0.71,0.89,2.43,1.29,2.11,4.32,0.00,80.00,3.00
91589,359.38,-1.22,-1.89,0.67,0.88,2.38,1.29,2.10,4.27,0.00,80.00,3.00
91618,359.44,-1.22,-1.90,0.63,0.90,2.38,1.19,2.12,4.28,0.00,80.00,3.00
91648,359.39,-1.21,-1.90,0.60,0.90,2.34,1.21,2.11,4.24,0.00,80.00,3.00
91677,359.34,-1.21,-1.90,0.57,0.90,2.33,1.23,2.11,4.23,0.00,80.00,3.00
91709,359.36,-1.21,-1.90,0.74,0.91,2.25,1.38,2.12,4.15,0.00,80.00,3.00
91738,359.33,-1.20,-1.90,0.80,0.86,2.24,1.47,2.06,4.14,0.00,80.00,3.00
91767,359.30,-1.20,-1.90,0.89,0.83,2.26,1.59,2.04,4.16,0.00,80.00,3.00
91796,359.31,-1.19,-1.90,1.01,0.83,2.27,1.71,2.02,4.17,0.00,80.00,3.00
91826,359.29,-1.18,-1.90,1.15,0.84,2.32,1.86,2.02,4.22,0.00,80.00,3.00
91855,359.20,-1.19,-1.90,1.18,0.89,2.39,1.98,2.08,4.30,0.00,80.00,3.00
91899,359.15,-1.19,-1.90,1.15,0.90,2.43,2.00,2.09,4.33,0.00,80.00,3.00
91931,359.07,-1.19,-1.91,1.08,0.91,2.47,2.02,2.10,4.38,0.00,80.00,3.00
91961,359.03,-1.19,-1.92,0.96,0.91,2.47,1.93,2.09,4.39,0.00,80.00,3.00
91990,359.00,-1.17,-1.91,0.80,0.93,2.42,1.79,2.10,4.33,0.00,80.00,3.00
92019,358.99,-1.17,-1.91,0.67,0.93,2.40,1.68,2.10,4.30,0.00,80.00,3.00
92048,358.95,-1.18,-1.90,0.71,0.91,2.33,1.76,2.09,4.23,0.00,80.00,3.00
92077,358.84,-1.18,-1.91,0.72,0.94,2.24,1.88,2.11,4.15,0.00,80.00,3.00
92106,358.85,-1.18,-1.91,0.78,0.99,2.22,1.93,2.16,4.13,0.00,80.00,3.00
92138,358.83,-1.19,-1.91,0.79,1.01,2.24,1.96,2.20,4.15,0.00,80.00,3.00
92167,358.83,-1.19,-1.92,0.76,1.05,2.27,1.94,2.24,4.19,0.00,80.00,3.00
92196,358.82,-1.20,-1.92,0.69,1.07,2.33,1.88,2.26,4.25,0.00,80.00,3.00
92226,358.76,-1.19,-1.91,0.67,1.10,2.39,1.91,2.30,4.30,0.00,80.00,3.00
92255,358.77,-1.20,-1.91,0.64,1.08,2.41,1.88,2.29,4.32,0.00,80.00,3.00
92284,358.73,-1.20,-1.91,0.64,1.07,2.44,1.91,2.27,4.35,0.00,80.00,3.00
92313,358.77,-1.20,-1.91,0.77,0.98,2.41,2.00,2.18,4.32,0.00,80.00,3.00
92345,358.79,-1.20,-1.92,0.85,0.97,2.41,2.06,2.17,4.33,0.00,80.00,3.00
92374,358.83,-1.20,-1.91,0.85,0.95,2.35,2.02,2.15,4.26,0.00,80.00,3.00
92403,358.85,-1.20,-1.91,0.82,0.90,2.31,1.97,2.11,4.22,0.00,80.00,3.00
92433,358.91,-1.21,-1.91,0.81,0.89,2.26,1.90,2.10,4.17,0.00,80.00,3.00
92462,358.93,-1.22,-1.91,0.70,0.93,2.32,1.77,2.15,4.23,0.00,80.00,3.00
92491,358.94,-1.22,-1.91,0.64,0.95,2.30,1.70,2.17,4.21,0.00,80.00,3.00
92535,358.98,-1.22,-1.91,0.64,0.97,2.26,1.66,2.19,4.18,0.00,80.00,3.00
92568,358.94,-1.22,-1.92,0.72,0.96,2.24,1.77,2.19,4.16,0.00,80.00,3.00
92597,358.93,-1.23,-1.91,0.76,0.92,2.32,1.82,2.15,4.23,0.00,80.00,3.00
92626,358.92,-1.22,-1.91,0.83,0.91,2.30,1.90,2.14,4.21,0.00,80.00,3.00
92655,358.98,-1.22,-1.91,0.88,0.93,2.31,1.90,2.15,4.22,0.00,80.00,3.00
92684,358.97,-1.22,-1.90,0.92,0.91,2.32,1.94,2.13,4.22,0.00,80.00,3.00
92713,359.08,-1.22,-1.89,0.87,0.93,2.33,1.79,2.15,4.22,0.00,80.00,3.00
92742,359.04,-1.22,-1.89,0.81,0.98,2.36,1.77,2.21,4.25,0.00,80.00,3.00
92775,359.09,-1.23,-1.89,0.78,0.96,2.30,1.69,2.19,4.19,0.00,80.00,3.00
92804,359.18,-1.23,-1.89,0.64,0.97,2.30,1.46,2.20,4.19,0.00,80.00,3.00
92833,359.14,-1.24,-1.89,0.65,0.97,2.28,1.51,2.21,4.16,0.00,80.00,3.00
92862,359.12,-1.24,-1.88,0.67,0.95,2.29,1.54,2.19,4.17,0.00,80.00,3.00
92891,359.11,-1.24,-1.89,0.66,0.93,2.30,1.55,2.17,4.19,0.00,80.00,3.00
92920,359.15,-1.23,-1.89,0.74,0.98,2.35,1.59,2.22,4.24,0.00,80.00,3.00
92949,359.16,-1.24,-1.89,0.74,1.03,2.37,1.58,2.26,4.26,0.00,80.00,3.00
92981,359.16,-1.23,-1.89,0.76,1.02,2.35,1.59,2.25,4.24,0.00,80.00,3.00
93019,359.13,-1.23,-1.89,0.71,0.99,2.30,1.57,2.23,4.19,0.00,80.00,3.00
93048,359.14,-1.23,-1.90,0.72,0.99,2.30,1.58,2.22,4.19,0.00,80.00,3.00
93077,359.25,-1.23,-1.90,0.73,0.95,2.27,1.48,2.18,4.17,0.00,80.00,3.00
93106,359.28,-1.22,-1.89,0.81,0.91,2.28,1.53,2.13,4.18,0.00,80.00,3.00
93151,359.25,-1.22,-1.89,0.78,0.89,2.19,1.53,2.11,4.09,0.00,80.00,3.00
93180,359.23,-1.22,-1.89,0.76,0.92,2.24,1.53,2.14,4.13,0.00,80.00,3.00
93209,359.23,-1.22,-1.89,0.78,0.94,2.31,1.55,2.16,4.20,0.00,80.00,3.00
93241,359.16,-1.22,-1.89,0.74,0.97,2.33,1.58,2.19,4.22,0.00,80.00,3.00
93270,359.14,-1.22,-1.89,0.67,1.00,2.34,1.53,2.22,4.23,0.00,80.00,3.00
93299,359.15,-1.22,-1.89,0.58,1.01,2.36,1.42,2.24,4.25,0.00,80.00,3.00
93328,359.15,-1.23,-1.88,0.63,0.99,2.46,1.48,2.22,4.34,0.00,80.00,3.00
93358,359.14,-1.23,-1.89,0.67,0.98,2.38,1.53,2.21,4.27,0.00,80.00,3.00
93387,359.13,-1.22,-1.88,0.66,0.98,2.35,1.53,2.19,4.24,0.00,80.00,3.00
93416,359.11,-1.22,-1.88,0.78,0.95,2.33,1.67,2.17,4.21,0.00,80.00,3.00
93448,359.15,-1.21,-1.88,0.84,0.97,2.29,1.69,2.18,4.17,0.00,80.00,3.00
93477,359.16,-1.21,-1.88,0.84,0.99,2.21,1.68,2.19,4.09,0.00,80.00,3.00
93506,359.21,-1.22,-1.88,0.88,1.00,2.22,1.67,2.22,4.10,0.00,80.00,3.00
93535,359.20,-1.21,-1.88,0.83,0.98,2.26,1.63,2.20,4.14,0.00,80.00,3.00
93564,359.26,-1.22,-1.88,0.78,1.01,2.21,1.51,2.23,4.09,0.00,80.00,3.00
93593,359.34,-1.22,-1.88,0.67,1.00,2.23,1.33,2.23,4.11,0.00,80.00,3.00
93622,359.36,-1.21,-1.87,0.63,1.03,2.25,1.26,2.25,4.12,0.00,80.00,3.00
93654,359.43,-1.21,-1.87,0.63,1.01,2.26,1.21,2.22,4.13,0.00,80.00,3.00
93683,359.47,-1.22,-1.87,0.61,0.99,2.26,1.14,2.21,4.13,0.00,80.00,3.00
93712,359.53,-1.22,-1.87,0.74,1.00,2.22,1.21,2.22,4.09,0.00,80.00,3.00
93742,359.57,-1.22,-1.87,0.76,1.00,2.26,1.18,2.22,4.13,0.00,80.00,3.00
93839,359.50,-1.21,-1.88,0.75,0.98,2.25,1.25,2.19,4.13,0.00,80.00,3.00
93973,359.52,-1.22,-1.89,0.77,0.98,2.29,1.26,2.20,4.18,0.00,80.00,3.00
94111,359.49,-1.22,-1.89,0.78,1.02,2.29,1.29,2.25,4.18,0.00,80.00,3.00
94208,359.49,-1.22,-1.89,0.72,1.07,2.31,1.22,2.29,4.20,0.00,80.00,3.00
94237,359.50,-1.23,-1.89,0.78,1.06,2.32,1.27,2.29,4.20,0.00,80.00,3.00
94266,359.49,-1.23,-1.88,0.79,1.06,2.33,1.29,2.29,4.21,0.00,80.00,3.00
94296,359.41,-1.22,-1.88,0.81,1.06,2.23,1.40,2.27,4.12,0.00,80.00,3.00
94325,359.40,-1.22,-1.88,0.83,1.03,2.26,1.43,2.25,4.14,0.00,80.00,3.00
94354,359.40,-1.22,-1.88,0.89,1.04,2.24,1.49,2.26,4.12,0.00,80.00,3.00
94383,359.40,-1.22,-1.88,0.75,0.95,2.30,1.36,2.17,4.18,0.00,80.00,3.00
94415,359.36,-1.22,-1.88,0.82,0.93,2.25,1.46,2.15,4.13,0.00,80.00,3.00
94444,359.42,-1.22,-1.88,0.87,0.97,2.25,1.45,2.20,4.13,0.00,80.00,3.00
94473,359.55,-1.23,-1.88,0.95,1.00,2.25,1.40,2.23,4.13,0.00,80.00,3.00
94502,359.48,-1.22,-1.88,0.83,0.99,2.22,1.34,2.21,4.10,0.00,80.00,3.00
94531,359.52,-1.22,-1.89,0.82,1.01,2.23,1.30,2.23,4.11,0.00,80.00,3.00
94560,359.48,-1.22,-1.90,0.80,1.00,2.30,1.32,2.22,4.20,0.00,80.00,3.00
94590,359.52,-1.22,-1.90,0.75,0.96,2.29,1.23,2.18,4.19,0.00,80.00,3.00
94622,359.53,-1.22,-1.90,0.72,0.94,2.29,1.20,2.16,4.19,0.00,80.00,3.00
94651,359.53,-1.22,-1.90,0.72,0.92,2.38,1.19,2.14,4.29,0.00,80.00,3.00
94680,359.56,-1.21,-1.91,0.73,0.93,2.40,1.17,2.14,4.31,0.00,80.00,3.00
94724,359.61,-1.21,-1.91,0.78,0.91,2.43,1.16,2.12,4.34,0.00,80.00,3.00
94754,359.69,-1.21,-1.91,0.71,0.88,2.47,1.02,2.09,4.38,0.00,80.00,3.00
94783,359.61,-1.21,-1.91,0.77,0.87,2.50,1.16,2.08,4.41,0.00,80.00,3.00
94812,359.58,-1.21,-1.91,0.81,0.90,2.50,1.22,2.11,4.41,0.00,80.00,3.00
94844,359.57,-1.21,-1.92,0.84,0.93,2.50,1.27,2.14,4.42,0.00,80.00,3.00
94873,359.62,-1.22,-1.91,0.90,0.89,2.51,1.28,2.10,4.41,0.00,80.00,3.00
94902,359.55,-1.22,-1.90,0.89,0.89,2.48,1.34,2.10,4.38,0.00,80.00,3.00
94931,359.50,-1.21,-1.89,0.92,0.90,2.42,1.42,2.12,4.31,0.00,80.00,3.00
94960,359.51,-1.22,-1.89,0.89,0.91,2.36,1.38,2.13,4.26,0.00,80.00,3.00
94989,359.50,-1.22,-1.90,0.92,0.90,2.31,1.43,2.12,4.21,0.00,80.00,3.00
95027,359.54,-1.22,-1.90,0.82,0.92,2.30,1.27,2.15,4.20,0.00,80.00,3.00
95059,359.52,-1.22,-1.90,0.79,0.94,2.33,1.27,2.16,4.22,0.00,80.00,3.00
95088,359.59,-1.23,-1.90,0.77,0.99,2.27,1.18,2.22,4.17,0.00,80.00,3.00
95117,359.64,-1.23,-1.89,0.73,1.00,2.31,1.09,2.23,4.20,0.00,80.00,3.00
95146,359.62,-1.23,-1.89,0.64,1.01,2.38,1.02,2.25,4.27,0.00,80.00,3.00
95175,359.62,-1.23,-1.89,0.69,0.97,2.45,1.06,2.20,4.34,0.00,80.00,3.00
95204,359.63,-1.24,-1.89,0.63,0.96,2.38,1.00,2.19,4.27,0.00,80.00,3.00
95233,359.68,-1.24,-1.89,0.63,0.95,2.41,0.95,2.19,4.30,0.00,80.00,3.00
95265,359.73,-1.24,-1.89,0.60,0.94,2.41,0.87,2.18,4.30,0.00,80.00,3.00
95294,359.69,-1.24,-1.89,0.59,0.92,2.34,0.90,2.17,4.24,0.00,80.00,3.00
95323,359.67,-1.25,-1.89,0.58,0.91,2.29,0.91,2.16,4.19,0.00,80.00,3.00
95368,359.66,-1.24,-1.91,0.68,0.93,2.31,1.01,2.17,4.21,0.00,80.00,3.00
95397,359.73,-1.24,-1.90,0.83,0.89,2.32,1.10,2.14,4.23,0.00,80.00,3.00
95426,359.64,-1.24,-1.90,0.93,0.86,2.34,1.29,2.10,4.24,0.00,80.00,3.00
95455,359.61,-1.25,-1.91,0.95,0.87,2.33,1.34,2.12,4.24,0.00,80.00,3.00
95484,359.61,-1.25,-1.92,0.93,0.86,2.38,1.32,2.12,4.30,0.00,80.00,3.00
95516,359.53,-1.25,-1.92,0.85,0.87,2.43,1.32,2.12,4.36,0.00,80.00,3.00
95545,359.50,-1.26,-1.93,0.80,0.83,2.39,1.30,2.08,4.32,0.00,80.00,3.00
95574,359.46,-1.25,-1.92,0.72,0.90,2.39,1.26,2.15,4.31,0.00,80.00,3.00
95603,359.48,-1.25,-1.92,0.72,0.92,2.35,1.23,2.18,4.27,0.00,80.00,3.00
95633,359.51,-1.26,-1.92,0.72,0.94,2.38,1.21,2.20,4.30,0.00,80.00,3.00
95662,359.55,-1.25,-1.91,0.72,0.92,2.32,1.17,2.17,4.22,0.00,80.00,3.00
95691,359.54,-1.25,-1.90,0.69,0.94,2.30,1.15,2.19,4.20,0.00,80.00,3.00
95723,359.51,-1.25,-1.90,0.67,0.91,2.26,1.15,2.16,4.16,0.00,80.00,3.00
95752,359.48,-1.25,-1.90,0.62,0.95,2.21,1.14,2.20,4.11,0.00,80.00,3.00
95781,359.53,-1.25,-1.90,0.71,0.91,2.22,1.18,2.15,4.12,0.00,80.00,3.00
95810,359.59,-1.26,-1.90,0.75,0.89,2.18,1.17,2.15,4.07,0.00,80.00,3.00
95839,359.53,-1.26,-1.90,0.79,0.90,2.18,1.26,2.16,4.09,0.00,80.00,3.00
95868,359.47,-1.26,-1.89,0.74,0.92,2.21,1.27,2.18,4.10,0.00,80.00,3.00
95897,359.48,-1.26,-1.89,0.72,0.88,2.23,1.24,2.14,4.12,0.00,80.00,3.00
95929,359.57,-1.26,-1.89,0.71,0.90,2.31,1.13,2.16,4.19,0.00,80.00,3.00
95974,359.54,-1.26,-1.89,0.64,0.94,2.26,1.10,2.21,4.14,0.00,80.00,3.00
96003,359.52,-1.27,-1.89,0.66,0.94,2.30,1.14,2.21,4.19,0.00,80.00,3.00
96032,359.54,-1.27,-1.89,0.65,0.93,2.33,1.10,2.20,4.23,0.00,80.00,3.00
96061,359.52,-1.27,-1.90,0.78,0.91,2.34,1.26,2.19,4.23,0.00,80.00,3.00
96090,359.53,-1.28,-1.89,0.82,0.90,2.41,1.28,2.17,4.30,0.00,80.00,3.00
96119,359.53,-1.27,-1.89,0.76,0.87,2.41,1.23,2.14,4.30,0.00,80.00,3.00
96151,359.54,-1.27,-1.90,0.80,0.84,2.40,1.26,2.11,4.30,0.00,80.00,3.00
96180,359.50,-1.27,-1.90,0.83,0.88,2.39,1.32,2.14,4.30,0.00,80.00,3.00
96209,359.51,-1.27,-1.91,0.70,0.88,2.46,1.19,2.15,4.37,0.00,80.00,3.00
96238,359.50,-1.28,-1.90,0.73,0.92,2.38,1.23,2.20,4.28,0.00,80.00,3.00
96267,359.45,-1.27,-1.89,0.78,0.91,2.30,1.32,2.17,4.19,0.00,80.00,3.00
96296,359.53,-1.27,-1.89,0.76,0.91,2.30,1.23,2.18,4.19,0.00,80.00,3.00
96325,359.50,-1.27,-1.89,0.83,0.87,2.29,1.33,2.14,4.18,0.00,80.00,3.00
96357,359.51,-1.26,-1.88,0.86,0.92,2.30,1.35,2.18,4.18,0.00,80.00,3.00
96386,359.48,-1.26,-1.89,0.96,0.89,2.28,1.48,2.16,4.17,0.00,80.00,3.00
96416,359.44,-1.26,-1.90,0.97,0.87,2.31,1.54,2.13,4.21,0.00,80.00,3.00
96445,359.49,-1.26,-1.90,0.93,0.90,2.29,1.45,2.17,4.19,0.00,80.00,3.00
96474,359.50,-1.26,-1.90,0.76,0.96,2.33,1.26,2.22,4.22,0.00,80.00,3.00
96503,359.42,-1.26,-1.89,0.77,0.98,2.42,1.35,2.24,4.31,0.00,80.00,3.00
96532,359.39,-1.26,-1.89,0.77,0.98,2.43,1.38,2.24,4.32,0.00,80.00,3.00
96564,359.35,-1.26,-1.89,0.75,1.00,2.41,1.39,2.26,4.30,0.00,80.00,3.00
96608,359.34,-1.25,-1.89,0.74,0.99,2.44,1.40,2.25,4.33,0.00,80.00,3.00
96637,359.34,-1.25,-1.90,0.84,0.94,2.52,1.50,2.18,4.42,0.00,80.00,3.00
96675,359.38,-1.24,-1.91,0.87,0.91,2.46,1.48,2.16,4.37,0.00,80.00,3.00
96704,359.34,-1.25,-1.91,0.80,0.96,2.37,1.46,2.20,4.28,0.00,80.00,3.00
96733,359.35,-1.25,-1.91,0.76,1.02,2.38,1.40,2.27,4.29,0.00,80.00,3.00
96762,359.34,-1.25,-1.92,0.68,0.98,2.38,1.34,2.23,4.29,0.00,80.00,3.00
96794,359.29,-1.26,-1.92,0.68,1.00,2.39,1.38,2.26,4.31,0.00,80.00,3.00
96822,359.34,-1.26,-1.92,0.64,1.07,2.38,1.30,2.33,4.30,0.00,80.00,3.00
96851,359.30,-1.25,-1.92,0.73,1.07,2.46,1.42,2.32,4.38,0.00,80.00,3.00
96880,359.26,-1.26,-1.91,0.80,0.94,2.45,1.54,2.20,4.36,0.00,80.00,3.00
96909,359.22,-1.26,-1.91,0.84,0.91,2.45,1.62,2.17,4.36,0.00,80.00,3.00
96938,359.28,-1.27,-1.91,0.90,0.86,2.40,1.62,2.12,4.31,0.00,80.00,3.00
96967,359.30,-1.26,-1.91,0.96,0.82,2.42,1.66,2.07,4.33,0.00,80.00,3.00
96998,359.30,-1.25,-1.90,0.93,0.78,2.36,1.63,2.03,4.26,0.00,80.00,3.00
97027,359.37,-1.25,-1.89,0.91,0.81,2.38,1.54,2.06,4.27,0.00,80.00,3.00
97056,359.47,-1.24,-1.89,0.85,0.89,2.38,1.38,2.12,4.27,0.00,80.00,3.00
97085,359.47,-1.24,-1.88,0.80,0.90,2.41,1.33,2.13,4.29,0.00,80.00,3.00
97113,359.45,-1.24,-1.88,0.79,0.94,2.39,1.34,2.18,4.26,0.00,80.00,3.00
97142,359.50,-1.24,-1.87,0.77,1.00,2.39,1.28,2.23,4.27,0.00,80.00,3.00
97171,359.44,-1.24,-1.88,0.72,1.04,2.38,1.28,2.28,4.26,0.00,80.00,3.00
97219,359.42,-1.24,-1.88,0.80,1.03,2.35,1.38,2.27,4.23,0.00,80.00,3.00
97248,359.39,-1.25,-1.88,0.82,0.98,2.32,1.43,2.23,4.20,0.00,80.00,3.00
97277,359.44,-1.24,-1.87,0.81,0.98,2.30,1.38,2.23,4.17,0.00,80.00,3.00
97307,359.43,-1.24,-1.87,0.74,0.95,2.30,1.32,2.19,4.17,0.00,80.00,3.00
97336,359.39,-1.24,-1.88,0.78,0.92,2.25,1.39,2.16,4.13,0.00,80.00,3.00
97365,359.44,-1.23,-1.88,0.84,0.93,2.25,1.41,2.16,4.13,0.00,80.00,3.00
97394,359.52,-1.23,-1.89,0.77,0.97,2.32,1.26,2.20,4.20,0.00,80.00,3.00
97424,359.50,-1.23,-1.89,0.80,1.01,2.30,1.30,2.23,4.19,0.00,80.00,3.00
97456,359.45,-1.22,-1.90,0.78,1.01,2.31,1.33,2.24,4.20,0.00,80.00,3.00
97485,359.44,-1.22,-1.90,0.80,1.05,2.29,1.36,2.27,4.19,0.00,80.00,3.00
97514,359.40,-1.22,-1.90,0.81,1.05,2.26,1.41,2.27,4.16,0.00,80.00,3.00
97544,359.44,-1.22,-1.89,0.72,1.06,2.26,1.27,2.28,4.15,0.00,80.00,3.00
97573,359.39,-1.23,-1.90,0.64,1.02,2.28,1.25,2.25,4.17,0.00,80.00,3.00
97602,359.40,-1.22,-1.90,0.70,0.99,2.25,1.29,2.21,4.15,0.00,80.00,3.00
97631,359.39,-1.23,-1.89,0.69,0.97,2.27,1.30,2.20,4.16,0.00,80.00,3.00
97663,359.36,-1.23,-1.89,0.66,0.93,2.27,1.31,2.16,4.16,0.00,80.00,3.00
97693,359.36,-1.24,-1.88,0.61,0.89,2.28,1.25,2.12,4.17,0.00,80.00,3.00
97722,359.35,-1.24,-1.88,0.71,0.88,2.30,1.35,2.12,4.18,0.00,80.00,3.00
97751,359.33,-1.24,-1.88,0.73,0.88,2.29,1.40,2.12,4.18,0.00,80.00,3.00
97780,359.32,-1.24,-1.89,0.80,0.91,2.32,1.48,2.15,4.21,0.00,80.00,3.00
97810,359.33,-1.24,-1.89,0.81,0.90,2.35,1.48,2.14,4.24,0.00,80.00,3.00
97855,359.38,-1.24,-1.89,0.81,0.92,2.35,1.44,2.16,4.24,0.00,80.00,3.00
97887,359.37,-1.25,-1.89,0.87,0.92,2.34,1.50,2.17,4.24,0.00,80.00,3.00
97916,359.34,-1.25,-1.89,0.91,0.95,2.33,1.57,2.19,4.22,0.00,80.00,3.00
97945,359.31,-1.25,-1.89,0.88,0.91,2.34,1.57,2.16,4.23,0.00,80.00,3.00
97975,359.29,-1.25,-1.89,0.82,0.94,2.33,1.54,2.19,4.22,0.00,80.00,3.00
98004,359.29,-1.25,-1.90,0.79,0.91,2.37,1.50,2.15,4.27,0.00,80.00,3.00
98033,359.33,-1.25,-1.90,0.80,0.90,2.38,1.47,2.15,4.28,0.00,80.00,3.00
98062,359.36,-1.25,-1.90,0.72,0.96,2.42,1.36,2.21,4.33,0.00,80.00,3.00
98095,359.41,-1.25,-1.91,0.67,0.94,2.47,1.26,2.19,4.38,0.00,80.00,3.00
98124,359.39,-1.24,-1.91,0.65,0.99,2.48,1.26,2.23,4.39,0.00,80.00,3.00
98153,359.35,-1.25,-1.90,0.58,0.99,2.41,1.23,2.24,4.31,0.00,80.00,3.00
98182,359.31,-1.25,-1.89,0.51,0.95,2.42,1.20,2.20,4.32,0.00,80.00,3.00
98211,359.29,-1.24,-1.89,0.54,0.89,2.38,1.25,2.13,4.27,0.00,80.00,3.00
98241,359.29,-1.24,-1.90,0.63,0.86,2.35,1.33,2.10,4.25,0.00,80.00,3.00
98270,359.34,-1.23,-1.89,0.65,0.84,2.27,1.31,2.07,4.16,0.00,80.00,3.00
98310,359.43,-1.23,-1.89,0.58,0.80,2.25,1.16,2.03,4.14,0.00,80.00,3.00
98339,359.38,-1.24,-1.90,0.71,0.83,2.33,1.33,2.07,4.22,0.00,80.00,3.00
98369,359.42,-1.23,-1.90,0.66,0.88,2.28,1.23,2.11,4.18,0.00,80.00,3.00
98398,359.44,-1.22,-1.90,0.61,0.91,2.29,1.18,2.13,4.19,0.00,80.00,3.00
98427,359.41,-1.22,-1.90,0.62,0.95,2.27,1.21,2.17,4.17,0.00,80.00,3.00
98472,359.43,-1.22,-1.89,0.69,1.02,2.30,1.26,2.24,4.19,0.00,80.00,3.00
98501,359.40,-1.21,-1.90,0.67,0.99,2.27,1.27,2.20,4.17,0.00,80.00,3.00
98533,359.37,-1.22,-1.90,0.67,0.99,2.28,1.30,2.21,4.19,0.00,80.00,3.00
98562,359.35,-1.22,-1.90,0.67,0.99,2.32,1.32,2.21,4.23,0.00,80.00,3.00
98592,359.29,-1.23,-1.91,0.66,1.03,2.39,1.37,2.26,4.30,0.00,80.00,3.00
98621,359.32,-1.23,-1.92,0.70,0.99,2.39,1.38,2.22,4.30,0.00,80.00,3.00
98650,359.29,-1.24,-1.92,0.76,0.99,2.43,1.46,2.22,4.35,0.00,80.00,3.00
98679,359.30,-1.24,-1.93,0.76,1.00,2.43,1.46,2.24,4.36,0.00,80.00,3.00
98708,359.35,-1.24,-1.93,0.79,0.96,2.34,1.44,2.21,4.27,0.00,80.00,3.00
98740,359.35,-1.24,-1.92,0.84,0.93,2.42,1.50,2.17,4.34,0.00,80.00,3.00
98770,359.39,-1.24,-1.93,0.85,0.90,2.43,1.45,2.14,4.36,0.00,80.00,3.00
98799,359.41,-1.25,-1.94,0.76,0.98,2.41,1.35,2.22,4.35,0.00,80.00,3.00
98828,359.41,-1.25,-1.93,0.76,0.98,2.40,1.35,2.23,4.33,0.00,80.00,3.00
98857,359.40,-1.24,-1.93,0.74,0.97,2.48,1.35,2.21,4.41,0.00,80.00,3.00
98886,359.45,-1.25,-1.93,0.79,0.94,2.43,1.34,2.19,4.36,0.00,80.00,3.00
98916,359.37,-1.25,-1.92,0.70,0.94,2.36,1.33,2.19,4.28,0.00,80.00,3.00
98948,359.41,-1.27,-1.92,0.79,0.90,2.37,1.37,2.17,4.29,0.00,80.00,3.00
98977,359.38,-1.27,-1.92,0.82,0.82,2.42,1.43,2.09,4.34,0.00,80.00,3.00
99006,359.41,-1.26,-1.92,0.83,0.83,2.30,1.42,2.09,4.22,0.00,80.00,3.00
99035,359.42,-1.26,-1.91,0.76,0.83,2.31,1.34,2.09,4.22,0.00,80.00,3.00
99080,359.29,-1.27,-1.91,0.72,0.86,2.28,1.43,2.13,4.20,0.00,80.00,3.00
99110,359.36,-1.26,-1.91,0.81,0.89,2.30,1.45,2.14,4.21,0.00,80.00,3.00
99139,359.37,-1.26,-1.91,0.76,0.91,2.29,1.39,2.17,4.20,0.00,80.00,3.00
99171,359.34,-1.26,-1.91,0.69,0.94,2.26,1.35,2.20,4.17,0.00,80.00,3.00
99200,359.41,-1.26,-1.91,0.76,0.94,2.35,1.34,2.20,4.26,0.00,80.00,3.00
99229,359.44,-1.26,-1.92,0.75,0.92,2.38,1.31,2.18,4.30,0.00,80.00,3.00
99258,359.45,-1.25,-1.91,0.74,0.94,2.42,1.29,2.19,4.33,0.00,80.00,3.00
99288,359.45,-1.25,-1.92,0.62,0.93,2.43,1.17,2.19,4.35,0.00,80.00,3.00
99317,359.45,-1.26,-1.91,0.67,0.91,2.46,1.22,2.17,4.37,0.00,80.00,3.00
99346,359.44,-1.25,-1.92,0.70,0.91,2.39,1.26,2.16,4.31,0.00,80.00,3.00
99375,359.40,-1.25,-1.93,0.65,0.95,2.32,1.25,2.20,4.25,0.00,80.00,3.00
99407,359.48,-1.25,-1.92,0.68,0.95,2.28,1.20,2.21,4.21,0.00,80.00,3.00
99437,359.50,-1.26,-1.93,0.84,0.98,2.25,1.35,2.24,4.17,0.00,80.00,3.00
99466,359.53,-1.26,-1.92,0.90,1.02,2.24,1.37,2.28,4.16,0.00,80.00,3.00
99495,359.56,-1.25,-1.92,0.94,1.03,2.32,1.39,2.28,4.24,0.00,80.00,3.00
99524,359.47,-1.26,-1.91,0.93,1.01,2.29,1.45,2.26,4.20,0.00,80.00,3.00
99553,359.51,-1.26,-1.90,0.96,1.00,2.28,1.45,2.26,4.18,0.00,80.00,3.00
99582,359.46,-1.25,-1.90,0.84,1.01,2.30,1.37,2.26,4.19,0.00,80.00,3.00
99614,359.41,-1.26,-1.90,0.74,0.99,2.34,1.33,2.24,4.24,0.00,80.00,3.00
99644,359.38,-1.25,-1.90,0.68,0.99,2.41,1.30,2.25,4.31,0.00,80.00,3.00
99689,359.43,-1.25,-1.91,0.62,1.01,2.43,1.19,2.26,4.34,0.00,80.00,3.00
99718,359.44,-1.25,-1.91,0.59,1.01,2.51,1.15,2.26,4.42,0.00,80.00,3.00
99747,359.41,-1.25,-1.91,0.60,0.99,2.61,1.19,2.24,4.51,0.00,80.00,3.00
99776,359.40,-1.25,-1.90,0.58,1.00,2.59,1.18,2.25,4.50,0.00,80.00,3.00
99805,359.35,-1.25,-1.91,0.54,0.99,2.50,1.19,2.24,4.41,0.00,80.00,3.00
99837,359.30,-1.25,-1.90,0.56,0.99,2.44,1.26,2.24,4.34,0.00,80.00,3.00
99867,359.30,-1.25,-1.90,0.61,1.00,2.38,1.31,2.25,4.27,0.00,80.00,3.00
99896,359.30,-1.25,-1.89,0.62,0.99,2.35,1.33,2.24,4.24,0.00,80.00,3.00
99925,359.29,-1.26,-1.89,0.68,0.96,2.28,1.39,2.22,4.17,0.00,80.00,3.00
99954,359.24,-1.27,-1.89,0.73,0.92,2.26,1.49,2.19,4.15,0.00,80.00,3.00
99991,359.20,-1.27,-1.89,0.73,0.91,2.27,1.52,2.17,4.16,0.00,80.00,3.00
100020,359.21,-1.27,-1.88,0.75,0.91,2.30,1.54,2.18,4.18,0.00,80.00,3.00
100053,359.21,-1.28,-1.89,0.85,0.91,2.28,1.63,2.19,4.17,0.00,80.00,3.00
100082,359.14,-1.28,-1.89,0.82,0.94,2.28,1.68,2.22,4.16,0.00,80.00,3.00
100111,359.08,-1.27,-1.88,0.81,0.96,2.33,1.73,2.23,4.21,0.00,80.00,3.00
100140,359.14,-1.26,-1.88,0.90,0.94,2.27,1.76,2.21,4.15,0.00,80.00,3.00
100169,359.15,-1.26,-1.88,0.91,0.96,2.24,1.76,2.22,4.12,0.00,80.00,3.00
100198,359.13,-1.25,-1.88,0.88,0.94,2.29,1.75,2.19,4.17,0.00,80.00,3.00
100227,359.13,-1.25,-1.89,0.83,0.94,2.31,1.70,2.19,4.20,0.00,80.00,3.00
100259,359.10,-1.25,-1.89,0.84,0.91,2.31,1.73,2.16,4.20,0.00,80.00,3.00
100304,359.15,-1.25,-1.88,0.80,0.92,2.36,1.65,2.17,4.24,0.00,80.00,3.00
100334,359.15,-1.25,-1.88,0.79,0.90,2.43,1.64,2.14,4.31,0.00,80.00,3.00
100363,359.08,-1.24,-1.89,0.74,0.89,2.36,1.66,2.13,4.25,0.00,80.00,3.00
100392,359.11,-1.24,-1.89,0.78,0.89,2.40,1.66,2.13,4.29,0.00,80.00,3.00
100421,359.08,-1.24,-1.89,0.66,0.95,2.36,1.57,2.19,4.25,0.00,80.00,3.00
100450,359.10,-1.23,-1.89,0.71,0.97,2.40,1.61,2.20,4.29,0.00,80.00,3.00
100482,359.00,-1.22,-1.89,0.75,1.06,2.32,1.75,2.28,4.20,0.00,80.00,3.00
100511,359.02,-1.22,-1.88,0.70,1.09,2.36,1.67,2.30,4.24,0.00,80.00,3.00
100541,359.06,-1.23,-1.88,0.67,1.12,2.42,1.62,2.35,4.30,0.00,80.00,3.00
100570,359.00,-1.23,-1.89,0.82,1.04,2.47,1.81,2.27,4.36,0.00,80.00,3.00
100599,359.08,-1.22,-1.88,0.77,1.02,2.45,1.69,2.24,4.33,0.00,80.00,3.00
100628,359.04,-1.23,-1.88,0.74,0.95,2.47,1.70,2.18,4.35,0.00,80.00,3.00
100657,359.02,-1.23,-1.88,0.76,0.95,2.49,1.73,2.18,4.38,0.00,80.00,3.00
100689,359.02,-1.23,-1.88,0.85,0.96,2.46,1.82,2.19,4.34,0.00,80.00,3.00
100718,359.00,-1.23,-1.88,0.82,0.95,2.40,1.81,2.18,4.27,0.00,80.00,3.00
100747,358.99,-1.23,-1.88,0.77,0.99,2.36,1.79,2.22,4.24,0.00,80.00,3.00
100776,358.98,-1.23,-1.88,0.74,1.06,2.38,1.76,2.29,4.26,0.00,80.00,3.00
100805,359.00,-1.23,-1.88,0.70,1.06,2.41,1.70,2.29,4.29,0.00,80.00,3.00
100834,359.06,-1.23,-1.88,0.73,1.04,2.35,1.68,2.27,4.23,0.00,80.00,3.00
100864,359.07,-1.24,-1.87,0.69,1.03,2.33,1.62,2.27,4.20,0.00,80.00,3.00
100912,359.11,-1.23,-1.86,0.70,1.02,2.39,1.59,2.25,4.25,0.00,80.00,3.00
100941,359.04,-1.23,-1.86,0.67,0.95,2.36,1.63,2.17,4.22,0.00,80.00,3.00
100970,359.03,-1.23,-1.86,0.72,0.87,2.40,1.69,2.10,4.25,0.00,80.00,3.00
100999,359.04,-1.23,-1.85,0.72,0.90,2.37,1.68,2.13,4.22,0.00,80.00,3.00
101028,358.94,-1.24,-1.85,0.73,0.87,2.37,1.79,2.11,4.22,0.00,80.00,3.00
101057,358.98,-1.23,-1.85,0.76,0.88,2.38,1.78,2.11,4.23,0.00,80.00,3.00
101086,358.99,-1.24,-1.86,0.73,0.91,2.31,1.74,2.15,4.17,0.00,80.00,3.00
101118,358.94,-1.24,-1.88,0.75,0.98,2.26,1.81,2.21,4.14,0.00,80.00,3.00
101148,358.97,-1.23,-1.88,0.79,1.00,2.21,1.82,2.23,4.09,0.00,80.00,3.00
101177,359.00,-1.24,-1.88,0.78,1.01,2.27,1.78,2.25,4.15,0.00,80.00,3.00
101206,359.00,-1.24,-1.87,0.77,1.04,2.27,1.78,2.29,4.14,0.00,80.00,3.00
101235,358.93,-1.24,-1.88,0.79,1.04,2.33,1.85,2.28,4.21,0.00,80.00,3.00
101264,359.03,-1.25,-1.88,0.80,1.04,2.39,1.77,2.29,4.27,0.00,80.00,3.00
101293,359.01,-1.25,-1.87,0.82,1.05,2.36,1.81,2.30,4.24,0.00,80.00,3.00
101325,358.96,-1.26,-1.87,0.86,1.03,2.31,1.90,2.29,4.18,0.00,80.00,3.00
101354,358.95,-1.27,-1.88,0.80,0.99,2.35,1.85,2.26,4.22,0.00,80.00,3.00
101383,358.96,-1.26,-1.88,0.87,0.98,2.33,1.91,2.24,4.21,0.00,80.00,3.00
101412,358.97,-1.25,-1.88,0.85,0.94,2.31,1.88,2.19,4.19,0.00,80.00,3.00
101441,358.93,-1.24,-1.88,0.84,0.94,2.29,1.91,2.18,4.17,0.00,80.00,3.00
101470,359.00,-1.25,-1.89,0.88,0.93,2.30,1.88,2.17,4.19,0.00,80.00,3.00
101516,358.97,-1.24,-1.89,0.85,0.91,2.24,1.87,2.15,4.13,0.00,80.00,3.00
101706,358.93,-1.24,-1.89,0.91,0.93,2.17,1.98,2.17,4.06,0.00,80.00,3.00
101843,358.89,-1.23,-1.87,0.94,0.94,2.16,2.06,2.17,4.04,0.00,80.00,3.00
101928,358.96,-1.23,-1.87,0.95,0.97,2.22,1.99,2.19,4.09,0.00,80.00,3.00
101966,358.97,-1.23,-1.88,0.92,0.98,2.26,1.95,2.21,4.14,0.00,80.00,3.00
101995,358.90,-1.23,-1.88,0.99,1.00,2.26,2.09,2.24,4.14,0.00,80.00,3.00
102024,358.91,-1.23,-1.88,0.99,0.96,2.28,2.08,2.20,4.16,0.00,80.00,3.00
102053,358.88,-1.24,-1.88,0.92,0.96,2.33,2.03,2.20,4.21,0.00,80.00,3.00
102085,358.85,-1.24,-1.88,0.92,0.92,2.31,2.07,2.16,4.19,0.00,80.00,3.00
102114,358.85,-1.24,-1.88,0.92,0.92,2.23,2.08,2.17,4.11,0.00,80.00,3.00
102143,358.81,-1.23,-1.87,0.75,0.92,2.19,1.93,2.16,4.07,0.00,80.00,3.00
102172,358.79,-1.24,-1.88,0.85,1.01,2.24,2.06,2.25,4.12,0.00,80.00,3.00
102201,358.82,-1.25,-1.88,0.78,0.96,2.35,1.97,2.20,4.22,0.00,80.00,3.00
102231,358.80,-1.25,-1.87,0.78,0.92,2.37,1.97,2.18,4.24,0.00,80.00,3.00
102260,358.83,-1.26,-1.88,0.79,0.93,2.35,1.96,2.19,4.23,0.00,80.00,3.00
102292,358.87,-1.27,-1.88,0.73,0.92,2.32,1.87,2.19,4.20,0.00,80.00,3.00
102321,358.96,-1.27,-1.88,0.70,0.94,2.29,1.74,2.20,4.17,0.00,80.00,3.00
102350,358.93,-1.27,-1.88,0.73,0.97,2.25,1.80,2.24,4.13,0.00,80.00,3.00
102379,358.82,-1.27,-1.88,0.68,0.96,2.28,1.86,2.23,4.17,0.00,80.00,3.00
102408,358.80,-1.27,-1.88,0.64,0.97,2.32,1.84,2.24,4.20,0.00,80.00,3.00
102453,358.83,-1.27,-1.88,0.62,0.94,2.36,1.79,2.21,4.25,0.00,80.00,3.00
102482,358.85,-1.27,-1.88,0.67,0.95,2.42,1.82,2.22,4.30,0.00,80.00,3.00
102514,358.90,-1.27,-1.88,0.60,0.92,2.37,1.69,2.20,4.25,0.00,80.00,3.00
102543,358.91,-1.27,-1.88,0.66,0.90,2.39,1.75,2.16,4.27,0.00,80.00,3.00
102572,358.90,-1.27,-1.88,0.73,0.83,2.42,1.83,2.10,4.30,0.00,80.00,3.00
102601,358.92,-1.27,-1.88,0.72,0.87,2.43,1.81,2.14,4.31,0.00,80.00,3.00
102631,358.92,-1.27,-1.87,0.71,0.90,2.41,1.80,2.17,4.28,0.00,80.00,3.00
102660,358.88,-1.26,-1.87,0.79,0.88,2.41,1.91,2.15,4.28,0.00,80.00,3.00
102689,358.86,-1.27,-1.87,0.82,0.90,2.42,1.96,2.17,4.29,0.00,80.00,3.00
102721,358.81,-1.26,-1.87,0.78,0.97,2.30,1.98,2.24,4.17,0.00,80.00,3.00
102750,358.81,-1.26,-1.87,0.81,0.93,2.32,2.00,2.19,4.19,0.00,80.00,3.00
102779,358.87,-1.27,-1.86,0.76,0.89,2.31,1.90,2.16,4.17,0.00,80.00,3.00
102808,358.83,-1.26,-1.87,0.77,0.89,2.30,1.93,2.15,4.17,0.00,80.00,3.00
102837,358.82,-1.26,-1.88,0.84,0.89,2.37,2.02,2.15,4.24,0.00,80.00,3.00
102866,358.91,-1.25,-1.88,0.88,0.91,2.45,1.96,2.16,4.32,0.00,80.00,3.00
102895,358.94,-1.26,-1.88,0.94,0.92,2.45,2.00,2.18,4.33,0.00,80.00,3.00
102927,358.88,-1.26,-1.88,0.97,0.96,2.45,2.09,2.22,4.33,0.00,80.00,3.00
102956,358.87,-1.26,-1.88,0.97,1.00,2.48,2.10,2.27,4.35,0.00,80.00,3.00
102985,358.86,-1.27,-1.87,0.94,1.03,2.47,2.08,2.31,4.34,0.00,80.00,3.00
103014,358.86,-1.27,-1.87,0.84,1.04,2.41,1.98,2.31,4.28,0.00,80.00,3.00
103059,358.79,-1.28,-1.87,0.75,1.01,2.38,1.96,2.29,4.25,0.00,80.00,3.00
103088,358.87,-1.28,-1.87,0.68,0.96,2.37,1.81,2.24,4.23,0.00,80.00,3.00
103118,358.87,-1.28,-1.87,0.58,1.00,2.36,1.71,2.28,4.23,0.00,80.00,3.00
103150,358.85,-1.28,-1.87,0.62,0.96,2.38,1.77,2.24,4.25,0.00,80.00,3.00
103179,358.89,-1.28,-1.87,0.58,0.95,2.39,1.69,2.23,4.25,0.00,80.00,3.00
103208,358.90,-1.27,-1.87,0.65,0.94,2.42,1.75,2.21,4.30,0.00,80.00,3.00
103237,358.91,-1.27,-1.87,0.63,0.96,2.40,1.72,2.23,4.28,0.00,80.00,3.00
103266,358.94,-1.28,-1.87,0.70,0.94,2.38,1.75,2.22,4.25,0.00,80.00,3.00
103295,358.95,-1.29,-1.86,0.64,0.88,2.28,1.69,2.17,4.14,0.00,80.00,3.00
103324,358.93,-1.28,-1.86,0.65,0.92,2.15,1.72,2.20,4.01,0.00,80.00,3.00
103356,358.95,-1.28,-1.86,0.71,0.94,2.12,1.76,2.23,3.99,0.00,80.00,3.00
103385,359.03,-1.29,-1.87,0.74,0.97,2.09,1.72,2.26,3.96,0.00,80.00,3.00
103414,359.07,-1.29,-1.87,0.82,1.01,2.09,1.74,2.30,3.96,0.00,80.00,3.00
103443,359.08,-1.29,-1.87,0.94,0.98,2.16,1.86,2.27,4.04,0.00,80.00,3.00
103472,359.13,-1.29,-1.87,0.94,0.96,2.24,1.81,2.25,4.11,0.00,80.00,3.00
103501,359.14,-1.29,-1.87,0.86,1.00,2.22,1.72,2.29,4.09,0.00,80.00,3.00
103531,359.12,-1.29,-1.87,0.94,0.96,2.21,1.82,2.25,4.08,0.00,80.00,3.00
103563,359.19,-1.29,-1.87,0.94,0.96,2.28,1.75,2.25,4.15,0.00,80.00,3.00
103600,359.19,-1.30,-1.87,0.88,0.96,2.33,1.69,2.26,4.20,0.00,80.00,3.00
103629,359.23,-1.29,-1.87,0.80,1.03,2.32,1.58,2.33,4.19,0.00,80.00,3.00
103674,359.18,-1.30,-1.87,0.79,1.00,2.29,1.61,2.29,4.16,0.00,80.00,3.00
103703,359.14,-1.29,-1.87,0.70,0.97,2.35,1.55,2.26,4.22,0.00,80.00,3.00
103732,359.16,-1.28,-1.87,0.61,0.96,2.30,1.45,2.24,4.17,0.00,80.00,3.00
103761,359.17,-1.28,-1.88,0.62,0.93,2.28,1.45,2.21,4.16,0.00,80.00,3.00
103793,359.16,-1.28,-1.87,0.58,0.96,2.22,1.42,2.25,4.09,0.00,80.00,3.00
103822,359.20,-1.28,-1.88,0.57,0.96,2.22,1.36,2.25,4.09,0.00,80.00,3.00
103851,359.16,-1.29,-1.88,0.61,0.99,2.20,1.45,2.28,4.07,0.00,80.00,3.00
103880,359.18,-1.29,-1.88,0.63,0.98,2.15,1.45,2.27,4.03,0.00,80.00,3.00
103909,359.25,-1.29,-1.88,0.58,1.01,2.19,1.33,2.31,4.07,0.00,80.00,3.00
103938,359.27,-1.29,-1.88,0.79,0.98,2.25,1.52,2.27,4.13,0.00,80.00,3.00
103967,359.24,-1.28,-1.88,0.81,0.98,2.29,1.57,2.27,4.16,0.00,80.00,3.00
103999,359.20,-1.28,-1.87,0.83,0.98,2.32,1.63,2.26,4.19,0.00,80.00,3.00
104028,359.21,-1.28,-1.87,0.85,1.03,2.28,1.65,2.32,4.15,0.00,80.00,3.00
104057,359.21,-1.28,-1.87,0.83,1.00,2.21,1.62,2.28,4.08,0.00,80.00,3.00
104085,359.20,-1.28,-1.87,0.69,0.99,2.23,1.48,2.27,4.10,0.00,80.00,3.00
104114,359.20,-1.29,-1.87,0.66,1.02,2.24,1.46,2.31,4.11,0.00,80.00,3.00
104143,359.21,-1.29,-1.87,0.60,1.03,2.26,1.39,2.32,4.13,0.00,80.00,3.00
104172,359.27,-1.29,-1.87,0.64,1.05,2.26,1.37,2.34,4.13,0.00,80.00,3.00
104209,359.23,-1.29,-1.87,0.71,0.99,2.30,1.48,2.28,4.18,0.00,80.00,3.00
104255,359.27,-1.29,-1.87,0.71,0.96,2.31,1.44,2.25,4.19,0.00,80.00,3.00
104283,359.24,-1.29,-1.87,0.79,0.97,2.29,1.55,2.27,4.16,0.00,80.00,3.00
104312,359.20,-1.30,-1.88,0.78,0.96,2.30,1.58,2.26,4.18,0.00,80.00,3.00
104341,359.20,-1.30,-1.88,0.81,0.96,2.29,1.61,2.26,4.17,0.00,80.00,3.00
104370,359.17,-1.30,-1.87,0.82,0.91,2.38,1.65,2.21,4.26,0.00,80.00,3.00
104399,359.13,-1.31,-1.88,0.94,0.90,2.42,1.80,2.20,4.29,0.00,80.00,3.00
104430,359.09,-1.30,-1.87,1.06,0.93,2.39,1.97,2.23,4.26,0.00,80.00,3.00
104460,359.20,-1.30,-1.87,1.05,0.92,2.41,1.85,2.22,4.27,0.00,80.00,3.00
104489,359.26,-1.30,-1.86,1.04,0.90,2.40,1.78,2.21,4.26,0.00,80.00,3.00
104518,359.23,-1.30,-1.87,0.90,0.95,2.28,1.67,2.24,4.14,0.00,80.00,3.00
104547,359.27,-1.30,-1.87,0.83,0.96,2.26,1.56,2.26,4.13,0.00,80.00,3.00
104577,359.32,-1.30,-1.86,0.77,0.93,2.24,1.45,2.22,4.10,0.00,80.00,3.00
104606,359.32,-1.30,-1.86,0.64,0.95,2.23,1.32,2.24,4.10,0.00,80.00,3.00
104638,359.30,-1.30,-1.85,0.67,0.91,2.29,1.37,2.21,4.15,0.00,80.00,3.00
104667,359.33,-1.29,-1.85,0.56,0.93,2.27,1.24,2.22,4.12,0.00,80.00,3.00
104697,359.35,-1.29,-1.85,0.59,0.98,2.26,1.23,2.27,4.12,0.00,80.00,3.00
104726,359.33,-1.30,-1.85,0.58,1.01,2.26,1.25,2.31,4.11,0.00,80.00,3.00
104755,359.31,-1.30,-1.85,0.62,1.07,2.30,1.31,2.37,4.16,0.00,80.00,3.00
104784,359.23,-1.30,-1.86,0.57,1.06,2.20,1.33,2.36,4.06,0.00,80.00,3.00
104814,359.28,-1.30,-1.87,0.56,1.06,2.21,1.28,2.36,4.08,0.00,80.00,3.00
104862,359.28,-1.29,-1.86,0.70,1.05,2.24,1.43,2.34,4.10,0.00,80.00,3.00
104892,359.33,-1.30,-1.86,0.70,0.99,2.34,1.37,2.29,4.21,0.00,80.00,3.00
104921,359.32,-1.29,-1.86,0.62,0.99,2.34,1.29,2.28,4.21,0.00,80.00,3.00
104950,359.31,-1.29,-1.87,0.72,0.94,2.36,1.41,2.24,4.23,0.00,80.00,3.00
104979,359.31,-1.29,-1.87,0.83,0.94,2.34,1.51,2.23,4.20,0.00,80.00,3.00
105008,359.24,-1.29,-1.87,0.84,0.95,2.34,1.60,2.24,4.21,0.00,80.00,3.00
105038,359.24,-1.29,-1.87,0.79,0.94,2.29,1.55,2.23,4.16,0.00,80.00,3.00
105070,359.25,-1.29,-1.87,0.85,0.92,2.28,1.59,2.22,4.15,0.00,80.00,3.00
105099,359.21,-1.29,-1.87,0.82,0.95,2.29,1.61,2.24,4.17,0.00,80.00,3.00
105128,359.18,-1.29,-1.88,0.73,1.02,2.36,1.55,2.31,4.24,0.00,80.00,3.00
105157,359.12,-1.29,-1.88,0.70,1.04,2.39,1.57,2.33,4.27,0.00,80.00,3.00
105187,359.18,-1.29,-1.88,0.64,1.07,2.37,1.46,2.36,4.25,0.00,80.00,3.00
105216,359.18,-1.29,-1.88,0.62,1.02,2.34,1.44,2.32,4.23,0.00,80.00,3.00
105253,359.19,-1.30,-1.89,0.66,0.97,2.33,1.47,2.27,4.22,0.00,80.00,3.00
105285,359.18,-1.29,-1.90,0.67,0.96,2.35,1.50,2.25,4.25,0.00,80.00,3.00
105315,359.10,-1.30,-1.90,0.73,0.92,2.30,1.63,2.22,4.20,0.00,80.00,3.00
105344,359.09,-1.30,-1.90,0.74,0.91,2.34,1.64,2.20,4.23,0.00,80.00,3.00
105373,359.06,-1.29,-1.90,0.75,0.91,2.35,1.69,2.20,4.25,0.00,80.00,3.00
105402,359.05,-1.29,-1.91,0.75,0.97,2.36,1.70,2.26,4.27,0.00,80.00,3.00
105431,358.98,-1.28,-1.91,0.86,0.97,2.39,1.87,2.25,4.29,0.00,80.00,3.00
105477,359.04,-1.29,-1.90,0.83,0.97,2.30,1.79,2.26,4.20,0.00,80.00,3.00
105509,359.09,-1.29,-1.90,0.75,0.94,2.33,1.66,2.23,4.23,0.00,80.00,3.00
105538,359.08,-1.29,-1.91,0.89,0.86,2.38,1.80,2.15,4.29,0.00,80.00,3.00
105567,359.07,-1.29,-1.91,0.92,0.89,2.44,1.85,2.17,4.35,0.00,80.00,3.00
105597,359.07,-1.29,-1.91,0.82,0.91,2.45,1.76,2.20,4.36,0.00,80.00,3.00
105626,359.05,-1.28,-1.91,0.82,0.90,2.50,1.77,2.18,4.41,0.00,80.00,3.00
105655,358.97,-1.27,-1.91,1.01,0.84,2.52,2.03,2.11,4.43,0.00,80.00,3.00
105684,358.98,-1.27,-1.91,0.97,0.82,2.43,2.00,2.09,4.34,0.00,80.00,3.00
105716,359.00,-1.28,-1.91,0.83,0.83,2.38,1.83,2.11,4.28,0.00,80.00,3.00
105746,359.05,-1.28,-1.91,0.88,0.86,2.28,1.83,2.13,4.19,0.00,80.00,3.00
105775,359.11,-1.28,-1.91,0.86,0.85,2.25,1.76,2.13,4.16,0.00,80.00,3.00
105804,359.10,-1.28,-1.91,0.76,0.85,2.23,1.65,2.13,4.15,0.00,80.00,3.00
105833,359.08,-1.27,-1.91,0.74,0.88,2.34,1.66,2.16,4.25,0.00,80.00,3.00
105862,359.13,-1.27,-1.91,0.85,0.92,2.34,1.73,2.18,4.25,0.00,80.00,3.00
105891,359.18,-1.26,-1.91,0.85,0.93,2.32,1.66,2.19,4.23,0.00,80.00,3.00
105924,359.17,-1.26,-1.91,0.76,0.93,2.35,1.59,2.20,4.25,0.00,80.00,3.00
105953,359.16,-1.27,-1.91,0.75,0.96,2.38,1.59,2.23,4.29,0.00,80.00,3.00
105982,359.14,-1.26,-1.91,0.77,0.97,2.39,1.63,2.23,4.31,0.00,80.00,3.00
106011,359.11,-1.26,-1.91,0.84,0.98,2.38,1.73,2.24,4.28,0.00,80.00,3.00
106057,359.17,-1.26,-1.90,0.86,0.95,2.43,1.68,2.22,4.33,0.00,80.00,3.00
106086,359.12,-1.27,-1.89,0.86,0.94,2.46,1.75,2.20,4.35,0.00,80.00,3.00
106115,359.08,-1.26,-1.89,0.96,0.93,2.47,1.89,2.20,4.36,0.00,80.00,3.00
106147,359.12,-1.27,-1.89,0.96,0.96,2.46,1.84,2.22,4.34,0.00,80.00,3.00
106177,359.13,-1.26,-1.89,0.93,1.01,2.45,1.80,2.28,4.34,0.00,80.00,3.00
106206,359.12,-1.27,-1.89,0.84,1.00,2.41,1.72,2.27,4.30,0.00,80.00,3.00
106235,359.13,-1.28,-1.89,0.77,1.00,2.33,1.64,2.28,4.23,0.00,80.00,3.00
106264,359.15,-1.28,-1.89,0.70,0.98,2.35,1.55,2.25,4.24,0.00,80.00,3.00
106293,359.18,-1.27,-1.88,0.66,0.97,2.34,1.48,2.24,4.22,0.00,80.00,3.00
106322,359.19,-1.28,-1.87,0.75,0.90,2.23,1.56,2.17,4.10,0.00,80.00,3.00
106355,359.13,-1.28,-1.86,0.78,0.91,2.22,1.65,2.18,4.08,0.00,80.00,3.00
106384,359.09,-1.28,-1.86,0.80,0.87,2.28,1.71,2.15,4.15,0.00,80.00,3.00
106413,359.03,-1.28,-1.85,0.78,0.90,2.23,1.75,2.18,4.08,0.00,80.00,3.00
106442,359.03,-1.29,-1.86,0.76,0.92,2.28,1.73,2.21,4.13,0.00,80.00,3.00
106471,358.99,-1.30,-1.86,0.73,0.97,2.32,1.74,2.27,4.18,0.00,80.00,3.00
106500,358.97,-1.30,-1.85,0.70,0.99,2.36,1.73,2.29,4.21,0.00,80.00,3.00
106530,359.05,-1.31,-1.85,0.66,1.01,2.36,1.61,2.32,4.21,0.00,80.00,3.00
106562,359.12,-1.31,-1.85,0.80,1.00,2.42,1.68,2.32,4.27,0.00,80.00,3.00
106591,359.12,-1.31,-1.85,0.87,0.95,2.44,1.75,2.27,4.28,0.00,80.00,3.00
106620,359.10,-1.31,-1.84,0.85,0.96,2.35,1.75,2.27,4.19,0.00,80.00,3.00
106666,359.16,-1.31,-1.84,0.89,0.93,2.36,1.72,2.25,4.20,0.00,80.00,3.00
106695,359.22,-1.30,-1.83,0.95,0.92,2.31,1.73,2.22,4.14,0.00,80.00,3.00
106724,359.22,-1.30,-1.83,0.90,0.96,2.29,1.69,2.26,4.13,0.00,80.00,3.00
106753,359.22,-1.31,-1.83,0.75,0.91,2.24,1.52,2.22,4.07,0.00,80.00,3.00
106785,359.23,-1.31,-1.82,0.75,0.96,2.15,1.53,2.27,3.97,0.00,80.00,3.00
106814,359.20,-1.31,-1.81,0.78,0.93,2.22,1.58,2.24,4.03,0.00,80.00,3.00
106844,359.22,-1.30,-1.81,0.76,0.96,2.15,1.55,2.26,3.96,0.00,80.00,3.00
106873,359.21,-1.30,-1.81,0.78,0.97,2.12,1.56,2.27,3.93,0.00,80.00,3.00
106910,359.22,-1.30,-1.80,0.84,0.93,2.10,1.63,2.23,3.90,0.00,80.00,3.00
106939,359.25,-1.31,-1.80,0.89,0.97,2.24,1.65,2.28,4.04,0.00,80.00,3.00
106969,359.27,-1.30,-1.80,0.85,0.98,2.23,1.58,2.28,4.03,0.00,80.00,3.00
107001,359.22,-1.30,-1.80,0.81,1.02,2.19,1.58,2.33,3.99,0.00,80.00,3.00
107030,359.16,-1.31,-1.81,0.78,1.00,2.30,1.62,2.30,4.10,0.00,80.00,3.00
107059,359.16,-1.31,-1.80,0.83,1.01,2.40,1.67,2.32,4.20,0.00,80.00,3.00
107088,359.11,-1.30,-1.80,0.81,0.98,2.37,1.70,2.28,4.17,0.00,80.00,3.00
107117,359.11,-1.31,-1.80,0.76,0.94,2.29,1.65,2.25,4.09,0.00,80.00,3.00
107146,359.11,-1.31,-1.80,0.84,0.90,2.36,1.73,2.21,4.15,0.00,80.00,3.00
107175,359.14,-1.32,-1.79,0.72,0.86,2.35,1.58,2.17,4.14,0.00,80.00,3.00
107207,359.19,-1.32,-1.80,0.61,0.87,2.29,1.42,2.19,4.09,0.00,80.00,3.00
107253,359.12,-1.31,-1.80,0.57,0.89,2.23,1.45,2.20,4.03,0.00,80.00,3.00
107282,359.07,-1.31,-1.80,0.62,0.87,2.31,1.55,2.18,4.11,0.00,80.00,3.00
107311,358.97,-1.32,-1.80,0.62,0.88,2.29,1.65,2.19,4.09,0.00,80.00,3.00
107340,358.99,-1.32,-1.80,0.68,0.89,2.34,1.70,2.21,4.14,0.00,80.00,3.00
107369,359.01,-1.32,-1.79,0.73,0.91,2.30,1.72,2.24,4.09,0.00,80.00,3.00
107399,359.04,-1.33,-1.80,0.75,0.90,2.36,1.71,2.23,4.17,0.00,80.00,3.00
107431,359.12,-1.33,-1.80,0.70,0.88,2.33,1.58,2.22,4.13,0.00,80.00,3.00
107460,359.09,-1.33,-1.80,0.55,0.89,2.24,1.46,2.22,4.04,0.00,80.00,3.00
107489,359.16,-1.33,-1.80,0.58,0.93,2.22,1.42,2.26,4.02,0.00,80.00,3.00
107518,359.15,-1.33,-1.80,0.59,0.94,2.24,1.44,2.26,4.04,0.00,80.00,3.00
107547,359.17,-1.33,-1.81,0.65,0.90,2.21,1.48,2.23,4.02,0.00,80.00,3.00
107576,359.22,-1.33,-1.81,0.73,0.96,2.24,1.51,2.28,4.06,0.00,80.00,3.00
107606,359.21,-1.32,-1.82,0.74,0.92,2.31,1.53,2.23,4.13,0.00,80.00,3.00
107638,359.24,-1.31,-1.83,0.76,0.93,2.38,1.53,2.25,4.21,0.00,80.00,3.00
107667,359.15,-1.31,-1.84,0.81,0.93,2.35,1.67,2.23,4.19,0.00,80.00,3.00
107696,359.17,-1.30,-1.85,0.87,0.97,2.36,1.71,2.27,4.22,0.00,80.00,3.00
107725,359.17,-1.30,-1.85,0.83,1.02,2.30,1.66,2.31,4.15,0.00,80.00,3.00
107754,359.14,-1.29,-1.85,0.79,1.03,2.31,1.65,2.32,4.16,0.00,80.00,3.00
107783,359.13,-1.28,-1.85,0.73,1.07,2.30,1.60,2.35,4.15,0.00,80.00,3.00
107812,359.13,-1.28,-1.86,0.74,1.03,2.25,1.61,2.31,4.11,0.00,80.00,3.00
107861,359.16,-1.28,-1.87,0.69,1.01,2.22,1.53,2.30,4.09,0.00,80.00,3.00
107890,359.17,-1.28,-1.87,0.65,0.96,2.26,1.48,2.24,4.13,0.00,80.00,3.00
107919,359.17,-1.28,-1.87,0.63,0.97,2.34,1.46,2.25,4.21,0.00,80.00,3.00
107948,359.21,-1.27,-1.88,0.65,0.97,2.27,1.44,2.24,4.16,0.00,80.00,3.00
107977,359.13,-1.28,-1.88,0.71,0.99,2.23,1.58,2.27,4.11,0.00,80.00,3.00
108006,359.19,-1.28,-1.89,0.68,1.00,2.24,1.50,2.28,4.13,0.00,80.00,3.00
108036,359.18,-1.28,-1.90,0.70,1.02,2.26,1.53,2.29,4.15,0.00,80.00,3.00
108068,359.15,-1.27,-1.89,0.74,1.09,2.18,1.58,2.37,4.07,0.00,80.00,3.00
108097,359.11,-1.27,-1.89,0.73,1.06,2.23,1.62,2.32,4.13,0.00,80.00,3.00
108126,359.03,-1.26,-1.89,0.66,1.03,2.32,1.63,2.29,4.21,0.00,80.00,3.00
108155,359.04,-1.26,-1.90,0.65,1.02,2.33,1.61,2.29,4.23,0.00,80.00,3.00
108184,359.06,-1.26,-1.90,0.74,1.01,2.35,1.68,2.26,4.25,0.00,80.00,3.00
108214,359.06,-1.26,-1.90,0.67,0.95,2.43,1.61,2.21,4.34,0.00,80.00,3.00
108243,359.04,-1.25,-1.90,0.67,0.95,2.36,1.64,2.20,4.26,0.00,80.00,3.00
108275,359.03,-1.25,-1.90,0.61,0.95,2.31,1.58,2.20,4.20,0.00,80.00,3.00
108304,358.99,-1.24,-1.90,0.75,1.00,2.26,1.76,2.23,4.16,0.00,80.00,3.00
108333,359.04,-1.24,-1.90,0.75,0.98,2.30,1.71,2.22,4.21,0.00,80.00,3.00
108362,359.05,-1.25,-1.90,0.79,0.97,2.35,1.74,2.22,4.24,0.00,80.00,3.00
108391,359.03,-1.24,-1.90,0.87,0.95,2.34,1.84,2.19,4.24,0.00,80.00,3.00
108420,359.06,-1.24,-1.89,0.88,0.95,2.36,1.82,2.19,4.25,0.00,80.00,3.00
108466,359.05,-1.25,-1.89,0.88,0.93,2.42,1.83,2.18,4.31,0.00,80.00,3.00
108498,359.10,-1.25,-1.90,0.85,0.92,2.41,1.75,2.17,4.31,0.00,80.00,3.00
108527,359.06,-1.24,-1.90,0.87,0.92,2.36,1.81,2.16,4.26,0.00,80.00,3.00
108565,359.13,-1.24,-1.89,0.75,0.96,2.33,1.63,2.20,4.22,0.00,80.00,3.00
108594,359.14,-1.24,-1.89,0.70,1.02,2.32,1.56,2.26,4.21,0.00,80.00,3.00
108623,359.14,-1.25,-1.90,0.71,1.01,2.35,1.56,2.26,4.25,0.00,80.00,3.00
108652,359.16,-1.25,-1.90,0.68,1.01,2.34,1.53,2.26,4.24,0.00,80.00,3.00
108681,359.21,-1.26,-1.91,0.67,1.00,2.38,1.46,2.26,4.29,0.00,80.00,3.00
108713,359.20,-1.26,-1.91,0.66,1.01,2.36,1.46,2.26,4.27,0.00,80.00,3.00
108742,359.15,-1.25,-1.91,0.85,0.94,2.31,1.70,2.19,4.22,0.00,80.00,3.00
108771,359.20,-1.26,-1.91,0.82,0.93,2.22,1.62,2.19,4.13,0.00,80.00,3.00
108800,359.20,-1.27,-1.91,0.84,0.93,2.20,1.64,2.19,4.11,0.00,80.00,3.00
108830,359.26,-1.25,-1.91,0.73,0.88,2.22,1.46,2.14,4.14,0.00,80.00,3.00
108859,359.28,-1.25,-1.91,0.70,0.86,2.20,1.42,2.11,4.11,0.00,80.00,3.00
108888,359.21,-1.24,-1.92,0.59,0.93,2.20,1.38,2.18,4.12,0.00,80.00,3.00
108920,359.13,-1.25,-1.92,0.65,0.96,2.31,1.51,2.21,4.23,0.00,80.00,3.00
108949,359.11,-1.25,-1.92,0.66,0.97,2.34,1.55,2.23,4.26,0.00,80.00,3.00
108978,359.19,-1.25,-1.91,0.65,1.04,2.39,1.46,2.29,4.30,0.00,80.00,3.00
109007,359.18,-1.26,-1.91,0.69,1.09,2.42,1.51,2.35,4.33,0.00,80.00,3.00
109053,359.15,-1.26,-1.91,0.68,1.08,2.43,1.53,2.34,4.34,0.00,80.00,3.00
109188,359.17,-1.26,-1.91,0.63,1.02,2.42,1.46,2.28,4.33,0.00,80.00,3.00
109323,359.14,-1.26,-1.91,0.62,1.07,2.38,1.48,2.33,4.29,0.00,80.00,3.00
109410,359.20,-1.26,-1.91,0.58,1.02,2.38,1.37,2.28,4.29,0.00,80.00,3.00
109439,359.20,-1.26,-1.91,0.67,0.96,2.35,1.48,2.22,4.26,0.00,80.00,3.00
109468,359.26,-1.26,-1.90,0.67,0.92,2.37,1.41,2.18,4.27,0.00,80.00,3.00
109498,359.27,-1.27,-1.89,0.62,0.95,2.41,1.35,2.22,4.30,0.00,80.00,3.00
109527,359.29,-1.27,-1.88,0.61,0.95,2.39,1.31,2.22,4.28,0.00,80.00,3.00
109556,359.30,-1.28,-1.89,0.55,0.92,2.45,1.25,2.20,4.35,0.00,80.00,3.00
109585,359.31,-1.28,-1.89,0.44,0.95,2.49,1.13,2.23,4.38,0.00,80.00,3.00
109613,359.30,-1.29,-1.89,0.57,0.95,2.41,1.27,2.23,4.30,0.00,80.00,3.00
109642,359.35,-1.28,-1.88,0.63,0.95,2.40,1.28,2.23,4.28,0.00,80.00,3.00
109671,359.37,-1.29,-1.88,0.63,0.94,2.40,1.26,2.23,4.28,0.00,80.00,3.00
109700,359.35,-1.29,-1.88,0.68,0.93,2.32,1.33,2.22,4.20,0.00,80.00,3.00
109729,359.35,-1.29,-1.88,0.62,0.93,2.30,1.27,2.22,4.18,0.00,80.00,3.00
109758,359.46,-1.29,-1.87,0.73,0.87,2.31,1.26,2.17,4.18,0.00,80.00,3.00
109787,359.46,-1.28,-1.87,0.66,0.90,2.32,1.20,2.19,4.19,0.00,80.00,3.00
109816,359.46,-1.28,-1.86,0.63,0.88,2.35,1.18,2.17,4.21,0.00,80.00,3.00
109848,359.45,-1.28,-1.87,0.59,0.89,2.43,1.14,2.16,4.30,0.00,80.00,3.00
109877,359.40,-1.29,-1.88,0.58,0.90,2.43,1.18,2.19,4.31,0.00,80.00,3.00
109923,359.40,-1.29,-1.88,0.60,0.90,2.47,1.20,2.19,4.35,0.00,80.00,3.00
109952,359.42,-1.28,-1.88,0.50,0.94,2.37,1.08,2.22,4.25,0.00,80.00,3.00
109981,359.35,-1.29,-1.88,0.55,0.94,2.38,1.19,2.23,4.26,0.00,80.00,3.00
110010,359.40,-1.30,-1.88,0.57,0.90,2.29,1.17,2.20,4.17,0.00,80.00,3.00
110039,359.45,-1.30,-1.88,0.66,0.91,2.24,1.21,2.21,4.12,0.00,80.00,3.00
110071,359.46,-1.30,-1.89,0.72,0.94,2.24,1.27,2.24,4.13,0.00,80.00,3.00
110101,359.49,-1.31,-1.88,0.82,0.93,2.29,1.33,2.23,4.17,0.00,80.00,3.00
110130,359.53,-1.30,-1.88,0.78,0.93,2.31,1.25,2.24,4.19,0.00,80.00,3.00
110159,359.47,-1.30,-1.89,0.78,0.87,2.30,1.31,2.17,4.19,0.00,80.00,3.00
110188,359.47,-1.31,-1.89,0.79,0.91,2.32,1.33,2.22,4.21,0.00,80.00,3.00
110217,359.48,-1.31,-1.89,0.76,0.89,2.37,1.29,2.20,4.25,0.00,80.00,3.00
110246,359.45,-1.31,-1.88,0.74,0.96,2.30,1.29,2.26,4.18,0.00,80.00,3.00
110278,359.44,-1.31,-1.88,0.81,0.97,2.32,1.37,2.28,4.19,0.00,80.00,3.00
110307,359.45,-1.31,-1.88,0.81,1.02,2.31,1.36,2.33,4.19,0.00,80.00,3.00
110336,359.38,-1.31,-1.87,0.75,1.05,2.29,1.37,2.35,4.17,0.00,80.00,3.00
110365,359.43,-1.31,-1.88,0.74,1.01,2.31,1.30,2.32,4.19,0.00,80.00,3.00
110394,359.46,-1.30,-1.88,0.70,1.01,2.28,1.24,2.32,4.16,0.00,80.00,3.00
110423,359.48,-1.30,-1.88,0.70,0.96,2.31,1.22,2.26,4.19,0.00,80.00,3.00
110453,359.41,-1.30,-1.87,0.71,0.95,2.30,1.31,2.25,4.17,0.00,80.00,3.00
110494,359.45,-1.31,-1.87,0.73,0.92,2.31,1.28,2.23,4.18,0.00,80.00,3.00
110539,359.52,-1.31,-1.86,0.84,0.88,2.33,1.33,2.20,4.19,0.00,80.00,3.00
110568,359.51,-1.31,-1.85,0.87,0.94,2.32,1.36,2.24,4.18,0.00,80.00,3.00
110597,359.50,-1.30,-1.85,0.81,0.91,2.38,1.32,2.22,4.24,0.00,80.00,3.00
110626,359.46,-1.31,-1.85,0.77,0.96,2.38,1.31,2.27,4.23,0.00,80.00,3.00
110655,359.40,-1.31,-1.86,0.72,0.96,2.40,1.32,2.27,4.26,0.00,80.00,3.00
110684,359.48,-1.31,-1.85,0.63,0.99,2.38,1.15,2.30,4.23,0.00,80.00,3.00
110716,359.55,-1.31,-1.85,0.53,0.99,2.35,0.98,2.30,4.19,0.00,80.00,3.00
110745,359.49,-1.30,-1.85,0.48,0.97,2.37,0.99,2.27,4.22,0.00,80.00,3.00
110774,359.46,-1.29,-1.86,0.55,0.96,2.29,1.09,2.25,4.15,0.00,80.00,3.00
110803,359.46,-1.29,-1.86,0.62,0.95,2.33,1.16,2.24,4.19,0.00,80.00,3.00
110832,359.51,-1.29,-1.86,0.69,1.02,2.35,1.18,2.30,4.21,0.00,80.00,3.00
110861,359.52,-1.29,-1.85,0.68,1.03,2.37,1.16,2.32,4.23,0.00,80.00,3.00
110890,359.48,-1.29,-1.85,0.72,1.04,2.38,1.24,2.33,4.23,0.00,80.00,3.00
110922,359.45,-1.30,-1.86,0.73,1.04,2.42,1.29,2.34,4.28,0.00,80.00,3.00
110951,359.45,-1.30,-1.86,0.74,1.00,2.45,1.29,2.30,4.31,0.00,80.00,3.00
110980,359.41,-1.31,-1.86,0.76,0.98,2.40,1.35,2.29,4.26,0.00,80.00,3.00
111009,359.34,-1.31,-1.87,0.83,0.96,2.43,1.49,2.28,4.31,0.00,80.00,3.00
111039,359.32,-1.31,-1.87,0.81,0.93,2.42,1.49,2.24,4.29,0.00,80.00,3.00
111068,359.32,-1.31,-1.86,0.78,0.94,2.40,1.46,2.25,4.26,0.00,80.00,3.00
111097,359.32,-1.31,-1.86,0.76,0.98,2.40,1.44,2.28,4.25,0.00,80.00,3.00
111145,359.32,-1.31,-1.86,0.82,0.95,2.39,1.49,2.26,4.25,0.00,80.00,3.00
111174,359.28,-1.30,-1.87,0.83,0.97,2.43,1.55,2.27,4.30,0.00,80.00,3.00
111203,359.26,-1.30,-1.87,0.85,0.99,2.39,1.58,2.29,4.26,0.00,80.00,3.00
111232,359.33,-1.30,-1.88,0.94,1.02,2.37,1.61,2.32,4.25,0.00,80.00,3.00
111261,359.29,-1.29,-1.88,1.03,1.03,2.37,1.73,2.32,4.25,0.00,80.00,3.00
111289,359.27,-1.29,-1.87,1.01,1.05,2.37,1.75,2.34,4.24,0.00,80.00,3.00
111318,359.23,-1.29,-1.87,0.95,1.05,2.38,1.72,2.34,4.25,0.00,80.00,3.00
111350,359.23,-1.29,-1.87,0.93,1.04,2.33,1.70,2.33,4.20,0.00,80.00,3.00
111379,359.28,-1.29,-1.86,0.98,1.03,2.35,1.69,2.32,4.21,0.00,80.00,3.00
111407,359.35,-1.29,-1.86,0.82,0.96,2.28,1.47,2.25,4.14,0.00,80.00,3.00
111436,359.38,-1.30,-1.86,0.76,0.96,2.29,1.37,2.25,4.15,0.00,80.00,3.00
111465,359.31,-1.30,-1.86,0.80,0.99,2.26,1.49,2.28,4.12,0.00,80.00,3.00
111494,359.37,-1.30,-1.86,0.83,0.94,2.27,1.47,2.24,4.13,0.00,80.00,3.00
111523,359.34,-1.30,-1.86,0.79,0.95,2.23,1.45,2.25,4.08,0.00,80.00,3.00
111555,359.29,-1.30,-1.86,0.78,1.00,2.31,1.50,2.31,4.16,0.00,80.00,3.00
111584,359.31,-1.30,-1.85,0.89,1.00,2.30,1.58,2.30,4.16,0.00,80.00,3.00
111613,359.30,-1.29,-1.86,0.86,0.95,2.29,1.56,2.24,4.14,0.00,80.00,3.00
111642,359.26,-1.29,-1.85,0.88,0.95,2.27,1.62,2.24,4.12,0.00,80.00,3.00
111672,359.30,-1.29,-1.85,0.86,0.95,2.27,1.56,2.24,4.11,0.00,80.00,3.00
111718,359.22,-1.30,-1.85,0.84,0.91,2.31,1.62,2.21,4.15,0.00,80.00,3.00
111747,359.16,-1.29,-1.85,0.67,0.81,2.26,1.51,2.10,4.11,0.00,80.00,3.00
111779,359.16,-1.29,-1.85,0.65,0.79,2.31,1.49,2.08,4.17,0.00,80.00,3.00
111809,359.15,-1.29,-1.86,0.62,0.81,2.34,1.47,2.10,4.20,0.00,80.00,3.00
111838,359.12,-1.29,-1.86,0.66,0.80,2.36,1.54,2.10,4.22,0.00,80.00,3.00
111867,359.19,-1.29,-1.86,0.59,0.82,2.38,1.39,2.11,4.24,0.00,80.00,3.00
111896,359.09,-1.29,-1.85,0.64,0.79,2.39,1.54,2.08,4.24,0.00,80.00,3.00
111926,359.12,-1.29,-1.85,0.74,0.88,2.37,1.62,2.17,4.22,0.00,80.00,3.00
111955,359.11,-1.29,-1.85,0.80,0.86,2.35,1.69,2.15,4.20,0.00,80.00,3.00
111987,359.10,-1.28,-1.84,0.73,0.88,2.34,1.63,2.17,4.18,0.00,80.00,3.00
112016,359.11,-1.28,-1.85,0.82,0.88,2.35,1.72,2.16,4.20,0.00,80.00,3.00
112046,359.03,-1.28,-1.85,0.84,0.90,2.28,1.81,2.18,4.13,0.00,80.00,3.00
112075,359.01,-1.28,-1.86,0.81,0.90,2.33,1.80,2.18,4.19,0.00,80.00,3.00
112104,359.03,-1.28,-1.86,0.83,0.93,2.30,1.80,2.20,4.16,0.00,80.00,3.00
112141,359.06,-1.27,-1.86,0.83,0.91,2.35,1.77,2.18,4.21,0.00,80.00,3.00
112171,359.15,-1.27,-1.85,0.88,0.88,2.35,1.73,2.15,4.20,0.00,80.00,3.00
112203,359.18,-1.27,-1.86,0.92,0.94,2.35,1.75,2.21,4.21,0.00,80.00,3.00
112232,359.17,-1.26,-1.86,0.80,0.93,2.36,1.63,2.19,4.23,0.00,80.00,3.00
112261,359.16,-1.27,-1.86,0.80,0.97,2.39,1.64,2.24,4.25,0.00,80.00,3.00
112307,359.15,-1.28,-1.85,0.80,0.97,2.36,1.65,2.25,4.21,0.00,80.00,3.00
112336,359.11,-1.28,-1.85,0.74,0.95,2.32,1.63,2.23,4.17,0.00,80.00,3.00
112366,359.09,-1.29,-1.85,0.63,0.95,2.36,1.53,2.24,4.21,0.00,80.00,3.00
112395,359.07,-1.28,-1.86,0.64,0.93,2.38,1.57,2.22,4.24,0.00,80.00,3.00
112427,359.08,-1.28,-1.86,0.70,0.90,2.35,1.62,2.18,4.21,0.00,80.00,3.00
112456,359.12,-1.28,-1.85,0.59,0.87,2.41,1.47,2.15,4.26,0.00,80.00,3.00
112485,359.10,-1.28,-1.85,0.53,0.91,2.46,1.42,2.19,4.30,0.00,80.00,3.00
112515,359.12,-1.28,-1.83,0.55,0.94,2.43,1.43,2.22,4.27,0.00,80.00,3.00
112544,359.16,-1.27,-1.83,0.59,0.98,2.43,1.43,2.25,4.26,0.00,80.00,3.00
112573,359.19,-1.27,-1.84,0.56,1.02,2.42,1.38,2.29,4.26,0.00,80.00,3.00
112602,359.18,-1.27,-1.83,0.67,1.08,2.37,1.49,2.34,4.20,0.00,80.00,3.00
112635,359.16,-1.27,-1.83,0.78,1.08,2.32,1.62,2.35,4.15,0.00,80.00,3.00
112664,359.16,-1.27,-1.83,0.81,1.07,2.31,1.65,2.34,4.14,0.00,80.00,3.00
112693,359.14,-1.28,-1.83,0.76,1.03,2.24,1.62,2.31,4.07,0.00,80.00,3.00
112722,359.19,-1.27,-1.82,0.74,1.05,2.17,1.55,2.32,3.99,0.00,80.00,3.00
112751,359.22,-1.27,-1.82,0.66,1.05,2.26,1.44,2.32,4.08,0.00,80.00,3.00
112780,359.29,-1.26,-1.81,0.60,1.01,2.33,1.31,2.27,4.14,0.00,80.00,3.00
112810,359.32,-1.26,-1.81,0.61,0.97,2.36,1.29,2.24,4.17,0.00,80.00,3.00
112842,359.38,-1.27,-1.81,0.65,0.93,2.41,1.26,2.20,4.21,0.00,80.00,3.00
112888,359.45,-1.27,-1.82,0.71,0.90,2.51,1.27,2.18,4.32,0.00,80.00,3.00
112917,359.42,-1.27,-1.81,0.68,0.88,2.58,1.27,2.15,4.39,0.00,80.00,3.00
112946,359.41,-1.28,-1.81,0.77,0.86,2.55,1.36,2.13,4.37,0.00,80.00,3.00
112976,359.43,-1.27,-1.82,0.82,0.88,2.51,1.38,2.15,4.33,0.00,80.00,3.00
113005,359.47,-1.28,-1.82,0.81,0.93,2.57,1.33,2.21,4.39,0.00,80.00,3.00
113034,359.41,-1.28,-1.82,0.76,0.96,2.55,1.35,2.24,4.36,0.00,80.00,3.00
113066,359.41,-1.28,-1.82,0.79,0.99,2.44,1.37,2.27,4.26,0.00,80.00,3.00
113095,359.43,-1.26,-1.82,0.80,0.97,2.37,1.37,2.23,4.18,0.00,80.00,3.00
113124,359.42,-1.27,-1.81,0.76,0.99,2.36,1.34,2.25,4.17,0.00,80.00,3.00
113154,359.47,-1.27,-1.81,0.61,0.98,2.30,1.14,2.25,4.11,0.00,80.00,3.00
113183,359.49,-1.27,-1.82,0.58,0.98,2.24,1.09,2.25,4.06,0.00,80.00,3.00
113212,359.46,-1.27,-1.82,0.61,0.96,2.28,1.15,2.24,4.10,0.00,80.00,3.00
113241,359.57,-1.26,-1.83,0.59,0.99,2.25,1.02,2.25,4.08,0.00,80.00,3.00
113273,359.67,-1.27,-1.84,0.55,1.00,2.22,0.88,2.27,4.05,0.00,80.00,3.00
113302,359.73,-1.27,-1.83,0.63,0.98,2.24,0.90,2.25,4.07,0.00,80.00,3.00
113332,359.80,-1.27,-1.83,0.69,0.98,2.24,0.89,2.24,4.07,0.00,80.00,3.00
113361,359.81,-1.27,-1.83,0.70,0.99,2.21,0.89,2.26,4.05,0.00,80.00,3.00
113390,359.74,-1.27,-1.84,0.71,1.00,2.29,0.98,2.27,4.13,0.00,80.00,3.00
113419,359.77,-1.26,-1.84,0.71,0.98,2.35,0.94,2.24,4.18,0.00,80.00,3.00
113448,359.73,-1.26,-1.83,0.69,1.01,2.37,0.96,2.28,4.21,0.00,80.00,3.00
113497,359.73,-1.26,-1.84,0.61,1.02,2.34,0.88,2.28,4.18,0.00,80.00,3.00
113527,359.78,-1.26,-1.86,0.56,1.00,2.36,0.78,2.27,4.22,0.00,80.00,3.00
113556,359.74,-1.26,-1.87,0.54,0.95,2.39,0.80,2.22,4.25,0.00,80.00,3.00
113585,359.73,-1.27,-1.87,0.54,0.96,2.36,0.81,2.23,4.23,0.00,80.00,3.00
113614,359.67,-1.27,-1.87,0.65,0.95,2.35,0.99,2.22,4.22,0.00,80.00,3.00
113643,359.69,-1.28,-1.87,0.73,0.92,2.38,1.05,2.20,4.26,0.00,80.00,3.00
113672,359.61,-1.28,-1.88,0.73,0.88,2.35,1.12,2.16,4.23,0.00,80.00,3.00
113704,359.58,-1.27,-1.88,0.80,0.89,2.38,1.22,2.16,4.26,0.00,80.00,3.00
113734,359.51,-1.27,-1.88,0.83,0.87,2.37,1.32,2.14,4.25,0.00,80.00,3.00
113763,359.51,-1.27,-1.88,0.68,0.89,2.38,1.18,2.16,4.26,0.00,80.00,3.00
113800,359.51,-1.27,-1.89,0.60,0.93,2.39,1.09,2.20,4.27,0.00,80.00,3.00
113829,359.54,-1.28,-1.90,0.62,0.97,2.42,1.08,2.25,4.32,0.00,80.00,3.00
113858,359.61,-1.28,-1.89,0.57,0.97,2.36,0.96,2.24,4.25,0.00,80.00,3.00
113888,359.60,-1.27,-1.89,0.49,0.96,2.38,0.88,2.23,4.27,0.00,80.00,3.00
113920,359.61,-1.27,-1.88,0.49,0.99,2.38,0.88,2.26,4.26,0.00,80.00,3.00
113949,359.69,-1.27,-1.88,0.54,1.01,2.33,0.84,2.28,4.21,0.00,80.00,3.00
113978,359.69,-1.27,-1.88,0.61,0.94,2.36,0.92,2.21,4.24,0.00,80.00,3.00
114007,359.68,-1.25,-1.89,0.62,1.00,2.29,0.95,2.25,4.18,0.00,80.00,3.00
114036,359.70,-1.26,-1.89,0.56,1.04,2.38,0.86,2.30,4.28,0.00,80.00,3.00
114083,359.68,-1.26,-1.90,0.67,1.05,2.34,0.98,2.31,4.24,0.00,80.00,3.00
114112,359.63,-1.26,-1.90,0.69,0.97,2.36,1.06,2.24,4.25,0.00,80.00,3.00
114144,359.62,-1.26,-1.92,0.72,1.00,2.36,1.10,2.26,4.28,0.00,80.00,3.00
114173,359.66,-1.26,-1.91,0.61,1.01,2.37,0.95,2.27,4.28,0.00,80.00,3.00
114202,359.69,-1.26,-1.91,0.74,0.99,2.38,1.05,2.25,4.30,0.00,80.00,3.00
114231,359.74,-1.25,-1.91,0.75,0.95,2.42,1.00,2.20,4.33,0.00,80.00,3.00
114260,359.74,-1.26,-1.91,0.77,0.93,2.50,1.03,2.19,4.41,0.00,80.00,3.00
114290,359.74,-1.26,-1.90,0.74,0.92,2.52,1.00,2.19,4.42,0.00,80.00,3.00
114319,359.69,-1.28,-1.91,0.73,0.91,2.50,1.04,2.18,4.42,0.00,80.00,3.00
114351,359.64,-1.28,-1.92,0.75,0.89,2.53,1.10,2.18,4.45,0.00,80.00,3.00
114380,359.57,-1.27,-1.92,0.76,0.92,2.48,1.19,2.20,4.40,0.00,80.00,3.00
114409,359.53,-1.26,-1.92,0.73,1.00,2.42,1.21,2.26,4.34,0.00,80.00,3.00
114438,359.51,-1.26,-1.92,0.77,1.01,2.35,1.26,2.27,4.27,0.00,80.00,3.00
114468,359.46,-1.26,-1.92,0.79,1.02,2.34,1.33,2.28,4.26,0.00,80.00,3.00
114497,359.44,-1.26,-1.92,0.84,1.03,2.34,1.40,2.29,4.26,0.00,80.00,3.00
114526,359.53,-1.26,-1.92,0.70,1.02,2.26,1.17,2.28,4.18,0.00,80.00,3.00
114558,359.56,-1.27,-1.92,0.68,0.98,2.31,1.13,2.25,4.23,0.00,80.00,3.00
114587,359.52,-1.27,-1.91,0.78,0.97,2.31,1.26,2.24,4.22,0.00,80.00,3.00
114616,359.53,-1.28,-1.92,0.75,0.97,2.40,1.21,2.24,4.32,0.00,80.00,3.00
114663,359.43,-1.28,-1.92,0.74,0.94,2.34,1.31,2.22,4.26,0.00,80.00,3.00
114692,359.34,-1.29,-1.92,0.79,0.97,2.32,1.45,2.25,4.24,0.00,80.00,3.00
114721,359.36,-1.28,-1.92,0.88,1.00,2.25,1.52,2.28,4.16,0.00,80.00,3.00
114750,359.39,-1.28,-1.93,0.83,1.01,2.17,1.44,2.29,4.10,0.00,80.00,3.00
114782,359.32,-1.29,-1.92,0.76,0.98,2.18,1.44,2.27,4.11,0.00,80.00,3.00
114811,359.27,-1.28,-1.93,0.83,0.99,2.15,1.56,2.28,4.07,0.00,80.00,3.00
114840,359.24,-1.28,-1.92,0.79,0.97,2.23,1.55,2.25,4.15,0.00,80.00,3.00
114870,359.20,-1.29,-1.92,0.79,0.92,2.24,1.59,2.22,4.16,0.00,80.00,3.00
114899,359.18,-1.29,-1.91,0.69,0.85,2.32,1.51,2.14,4.22,0.00,80.00,3.00
114928,359.21,-1.30,-1.91,0.72,0.81,2.33,1.51,2.11,4.24,0.00,80.00,3.00
114957,359.26,-1.30,-1.91,0.69,0.85,2.33,1.43,2.15,4.24,0.00,80.00,3.00
114989,359.22,-1.29,-1.92,0.76,0.91,2.31,1.54,2.20,4.22,0.00,80.00,3.00
115018,359.15,-1.30,-1.91,0.69,0.93,2.27,1.53,2.22,4.17,0.00,80.00,3.00
115047,359.15,-1.29,-1.90,0.79,0.98,2.31,1.64,2.27,4.21,0.00,80.00,3.00
115076,359.15,-1.29,-1.90,0.82,1.02,2.28,1.66,2.31,4.18,0.00,80.00,3.00
115105,359.14,-1.29,-1.89,0.75,0.97,2.30,1.61,2.27,4.20,0.00,80.00,3.00
115134,359.26,-1.29,-1.89,0.77,0.97,2.27,1.51,2.26,4.16,0.00,80.00,3.00
115164,359.28,-1.29,-1.89,0.82,0.90,2.35,1.55,2.19,4.25,0.00,80.00,3.00
115196,359.32,-1.28,-1.89,0.81,0.88,2.39,1.49,2.17,4.29,0.00,80.00,3.00
115242,359.24,-1.29,-1.89,0.82,0.87,2.35,1.58,2.16,4.24,0.00,80.00,3.00
115271,359.21,-1.29,-1.89,0.92,0.88,2.32,1.71,2.17,4.21,0.00,80.00,3.00
115300,359.20,-1.30,-1.88,1.01,0.86,2.31,1.81,2.16,4.20,0.00,80.00,3.00
115329,359.22,-1.29,-1.88,0.95,0.82,2.25,1.74,2.12,4.12,0.00,80.00,3.00
115358,359.20,-1.29,-1.88,0.90,0.82,2.19,1.70,2.11,4.07,0.00,80.00,3.00
115387,359.15,-1.29,-1.88,0.90,0.85,2.26,1.74,2.14,4.14,0.00,80.00,3.00
115419,359.11,-1.30,-1.89,0.89,0.86,2.32,1.78,2.15,4.20,0.00,80.00,3.00
115457,359.12,-1.30,-1.89,0.78,0.90,2.32,1.66,2.20,4.22,0.00,80.00,3.00
115486,359.02,-1.30,-1.89,0.70,0.95,2.35,1.68,2.26,4.25,0.00,80.00,3.00
115515,358.91,-1.31,-1.89,0.73,0.92,2.43,1.82,2.23,4.32,0.00,80.00,3.00
115544,358.93,-1.32,-1.89,0.75,0.92,2.42,1.82,2.23,4.31,0.00,80.00,3.00
115573,358.93,-1.32,-1.90,0.69,0.89,2.43,1.76,2.21,4.33,0.00,80.00,3.00
115602,358.88,-1.32,-1.89,0.72,0.86,2.37,1.84,2.19,4.26,0.00,80.00,3.00
115634,358.88,-1.32,-1.89,0.69,0.81,2.33,1.81,2.13,4.22,0.00,80.00,3.00
115663,358.94,-1.33,-1.88,0.73,0.87,2.38,1.79,2.20,4.27,0.00,80.00,3.00
115692,358.90,-1.32,-1.88,0.75,0.90,2.37,1.84,2.22,4.25,0.00,80.00,3.00
115721,358.87,-1.33,-1.89,0.70,0.89,2.30,1.83,2.22,4.18,0.00,80.00,3.00
115750,358.83,-1.33,-1.89,0.73,0.88,2.30,1.90,2.20,4.19,0.00,80.00,3.00
115779,358.81,-1.33,-1.89,0.74,0.92,2.33,1.94,2.25,4.21,0.00,80.00,3.00
115825,358.72,-1.32,-1.90,0.76,0.90,2.28,2.04,2.22,4.18,0.00,80.00,3.00
115857,358.73,-1.32,-1.90,0.74,0.94,2.27,2.01,2.26,4.17,0.00,80.00,3.00
115886,358.73,-1.31,-1.90,0.81,0.94,2.23,2.07,2.25,4.13,0.00,80.00,3.00
115916,358.78,-1.32,-1.90,0.77,0.97,2.30,1.99,2.30,4.20,0.00,80.00,3.00
115945,358.76,-1.33,-1.89,0.80,0.99,2.27,2.04,2.32,4.16,0.00,80.00,3.00
115974,358.79,-1.34,-1.89,0.77,0.98,2.22,1.98,2.31,4.11,0.00,80.00,3.00
116003,358.76,-1.34,-1.89,0.74,1.01,2.17,1.98,2.35,4.06,0.00,80.00,3.00
116032,358.75,-1.33,-1.89,0.75,1.01,2.21,1.99,2.34,4.10,0.00,80.00,3.00
116064,358.64,-1.33,-1.89,0.74,0.99,2.24,2.09,2.32,4.12,0.00,80.00,3.00
116093,358.65,-1.32,-1.89,0.75,0.96,2.23,2.11,2.29,4.11,0.00,80.00,3.00
116122,358.64,-1.32,-1.90,0.63,0.95,2.29,2.00,2.26,4.18,0.00,80.00,3.00
116151,358.65,-1.32,-1.90,0.67,0.91,2.36,2.02,2.24,4.26,0.00,80.00,3.00
116180,358.71,-1.31,-1.89,0.64,0.89,2.35,1.94,2.20,4.25,0.00,80.00,3.00
116209,358.76,-1.31,-1.90,0.62,0.92,2.30,1.86,2.22,4.20,0.00,80.00,3.00
116238,358.77,-1.31,-1.90,0.71,0.88,2.32,1.94,2.20,4.22,0.00,80.00,3.00
116270,358.78,-1.31,-1.89,0.71,0.92,2.31,1.93,2.23,4.21,0.00,80.00,3.00
116299,358.82,-1.30,-1.90,0.78,0.96,2.30,1.95,2.26,4.20,0.00,80.00,3.00
116328,358.79,-1.31,-1.89,0.71,1.03,2.26,1.92,2.33,4.15,0.00,80.00,3.00
116357,358.79,-1.31,-1.90,0.72,1.01,2.25,1.92,2.32,4.14,0.00,80.00,3.00
116404,358.77,-1.30,-1.90,0.66,1.03,2.27,1.89,2.33,4.17,0.00,80.00,3.00
116433,358.85,-1.30,-1.90,0.60,1.04,2.27,1.75,2.34,4.18,0.00,80.00,3.00
116462,358.88,-1.30,-1.90,0.59,1.04,2.33,1.71,2.34,4.23,0.00,80.00,3.00
116494,358.88,-1.30,-1.91,0.55,1.05,2.36,1.67,2.35,4.27,0.00,80.00,3.00
116523,358.91,-1.31,-1.90,0.49,1.00,2.38,1.58,2.31,4.28,0.00,80.00,3.00
116552,358.93,-1.31,-1.91,0.46,1.02,2.38,1.52,2.32,4.29,0.00,80.00,3.00
116581,358.96,-1.31,-1.89,0.43,0.96,2.41,1.47,2.27,4.31,0.00,80.00,3.00
116610,358.98,-1.32,-1.89,0.43,0.97,2.44,1.45,2.29,4.33,0.00,80.00,3.00
116639,358.98,-1.31,-1.89,0.49,0.93,2.40,1.51,2.25,4.28,0.00,80.00,3.00
116668,358.90,-1.31,-1.89,0.65,0.92,2.40,1.75,2.23,4.29,0.00,80.00,3.00
116700,358.88,-1.31,-1.89,0.67,0.93,2.40,1.79,2.24,4.29,0.00,80.00,3.00
116730,358.83,-1.31,-1.89,0.73,0.96,2.38,1.90,2.27,4.27,0.00,80.00,3.00
116759,358.86,-1.32,-1.89,0.74,0.98,2.33,1.88,2.29,4.23,0.00,80.00,3.00
116788,358.88,-1.31,-1.90,0.70,1.01,2.30,1.82,2.32,4.20,0.00,80.00,3.00
116817,358.90,-1.30,-1.88,0.70,1.05,2.24,1.80,2.35,4.12,0.00,80.00,3.00
116846,358.96,-1.30,-1.87,0.61,1.06,2.25,1.65,2.37,4.12,0.00,80.00,3.00
116875,358.93,-1.30,-1.85,0.58,1.04,2.25,1.64,2.33,4.11,0.00,80.00,3.00
116907,358.96,-1.29,-1.85,0.62,0.97,2.22,1.66,2.26,4.07,0.00,80.00,3.00
116936,358.92,-1.29,-1.85,0.61,0.98,2.22,1.69,2.26,4.07,0.00,80.00,3.00
116982,358.91,-1.29,-1.85,0.56,0.95,2.30,1.65,2.24,4.14,0.00,80.00,3.00
117011,358.90,-1.29,-1.85,0.60,0.91,2.30,1.70,2.20,4.15,0.00,80.00,3.00
117040,359.06,-1.28,-1.86,0.61,0.91,2.24,1.56,2.19,4.11,0.00,80.00,3.00
117069,359.08,-1.29,-1.86,0.63,0.94,2.29,1.54,2.22,4.15,0.00,80.00,3.00
117099,359.11,-1.28,-1.86,0.56,0.99,2.32,1.45,2.27,4.18,0.00,80.00,3.00
117195,359.15,-1.28,-1.85,0.62,0.97,2.27,1.47,2.25,4.13,0.00,80.00,3.00
117224,359.19,-1.28,-1.86,0.64,0.96,2.24,1.45,2.24,4.10,0.00,80.00,3.00
117253,359.19,-1.27,-1.86,0.64,0.93,2.24,1.45,2.20,4.10,0.00,80.00,3.00
117282,359.19,-1.28,-1.86,0.62,0.96,2.27,1.43,2.23,4.13,0.00,80.00,3.00
117311,359.19,-1.28,-1.86,0.74,0.96,2.24,1.55,2.24,4.11,0.00,80.00,3.00
117340,359.14,-1.28,-1.86,0.67,0.96,2.27,1.53,2.24,4.13,0.00,80.00,3.00
117369,359.15,-1.29,-1.87,0.62,0.99,2.31,1.47,2.27,4.17,0.00,80.00,3.00
117401,359.18,-1.28,-1.86,0.57,1.04,2.40,1.39,2.33,4.26,0.00,80.00,3.00
117430,359.20,-1.28,-1.85,0.52,1.02,2.47,1.32,2.30,4.32,0.00,80.00,3.00
117459,359.22,-1.28,-1.86,0.53,1.03,2.50,1.30,2.31,4.36,0.00,80.00,3.00
117488,359.18,-1.27,-1.86,0.58,1.05,2.47,1.40,2.32,4.34,0.00,80.00,3.00
117517,359.20,-1.27,-1.87,0.67,1.02,2.38,1.47,2.29,4.24,0.00,80.00,3.00
117546,359.14,-1.26,-1.87,0.73,0.98,2.32,1.58,2.25,4.19,0.00,80.00,3.00
117575,359.19,-1.25,-1.87,0.68,0.95,2.28,1.49,2.20,4.14,0.00,80.00,3.00
117624,359.27,-1.25,-1.87,0.72,0.90,2.31,1.45,2.15,4.18,0.00,80.00,3.00
117653,359.27,-1.26,-1.88,0.76,0.89,2.35,1.49,2.15,4.23,0.00,80.00,3.00
117682,359.20,-1.26,-1.88,0.74,0.85,2.34,1.53,2.11,4.22,0.00,80.00,3.00
117711,359.15,-1.26,-1.88,0.77,0.92,2.39,1.62,2.18,4.27,0.00,80.00,3.00
117740,359.13,-1.25,-1.88,0.84,0.90,2.39,1.71,2.15,4.26,0.00,80.00,3.00
117769,359.21,-1.25,-1.87,0.84,0.95,2.34,1.63,2.20,4.21,0.00,80.00,3.00
117798,359.22,-1.26,-1.87,0.78,0.96,2.27,1.56,2.22,4.13,0.00,80.00,3.00
117830,359.18,-1.26,-1.85,0.84,0.96,2.28,1.65,2.22,4.14,0.00,80.00,3.00
117860,359.20,-1.26,-1.85,0.86,0.96,2.27,1.65,2.22,4.12,0.00,80.00,3.00
117889,359.18,-1.27,-1.84,0.82,0.94,2.24,1.63,2.20,4.08,0.00,80.00,3.00
117918,359.22,-1.27,-1.84,0.90,0.92,2.24,1.68,2.19,4.09,0.00,80.00,3.00
117947,359.20,-1.27,-1.84,0.96,0.92,2.30,1.76,2.19,4.14,0.00,80.00,3.00
117976,359.17,-1.27,-1.86,0.88,0.98,2.26,1.71,2.25,4.11,0.00,80.00,3.00
118005,359.15,-1.26,-1.86,0.91,1.00,2.32,1.76,2.26,4.18,0.00,80.00,3.00
118037,359.13,-1.27,-1.86,0.82,1.04,2.31,1.69,2.31,4.17,0.00,80.00,3.00
118066,359.11,-1.27,-1.87,0.75,1.03,2.36,1.64,2.30,4.23,0.00,80.00,3.00
118094,359.17,-1.27,-1.87,0.66,1.02,2.39,1.49,2.29,4.26,0.00,80.00,3.00
118123,359.22,-1.27,-1.87,0.72,0.97,2.42,1.50,2.25,4.29,0.00,80.00,3.00
118152,359.21,-1.26,-1.88,0.82,0.91,2.45,1.61,2.18,4.33,0.00,80.00,3.00
118181,359.21,-1.26,-1.88,0.86,0.88,2.38,1.65,2.15,4.26,0.00,80.00,3.00
118227,359.19,-1.26,-1.88,0.91,0.90,2.39,1.72,2.17,4.27,0.00,80.00,3.00
118264,359.14,-1.25,-1.88,0.91,0.92,2.34,1.77,2.18,4.22,0.00,80.00,3.00
118293,359.17,-1.26,-1.87,0.90,0.96,2.33,1.73,2.22,4.20,0.00,80.00,3.00
118322,359.24,-1.27,-1.87,0.89,1.01,2.35,1.65,2.28,4.22,0.00,80.00,3.00
118350,359.23,-1.26,-1.87,0.86,1.01,2.35,1.63,2.27,4.22,0.00,80.00,3.00
118379,359.28,-1.27,-1.87,0.87,1.00,2.35,1.60,2.27,4.22,0.00,80.00,3.00
118408,359.26,-1.27,-1.88,0.88,0.99,2.38,1.62,2.25,4.25,0.00,80.00,3.00
118437,359.20,-1.27,-1.89,0.91,1.00,2.35,1.70,2.27,4.24,0.00,80.00,3.00
118469,359.24,-1.27,-1.90,0.94,0.96,2.23,1.70,2.22,4.13,0.00,80.00,3.00
118498,359.23,-1.27,-1.90,0.83,0.96,2.19,1.61,2.23,4.09,0.00,80.00,3.00
118527,359.31,-1.27,-1.90,0.77,0.96,2.17,1.46,2.22,4.07,0.00,80.00,3.00
118557,359.26,-1.26,-1.89,0.72,0.94,2.16,1.45,2.20,4.06,0.00,80.00,3.00
118586,359.28,-1.26,-1.89,0.73,0.90,2.19,1.45,2.16,4.08,0.00,80.00,3.00
118615,359.18,-1.26,-1.89,0.71,0.90,2.23,1.54,2.16,4.11,0.00,80.00,3.00
118644,359.12,-1.26,-1.89,0.72,0.87,2.28,1.60,2.12,4.17,0.00,80.00,3.00
118676,359.09,-1.26,-1.89,0.76,0.89,2.31,1.67,2.14,4.20,0.00,80.00,3.00
118706,359.05,-1.26,-1.89,0.75,0.89,2.31,1.70,2.15,4.20,0.00,80.00,3.00
118735,359.04,-1.25,-1.88,0.73,0.92,2.36,1.69,2.17,4.25,0.00,80.00,3.00
118782,359.00,-1.25,-1.88,0.67,0.96,2.41,1.66,2.21,4.29,0.00,80.00,3.00
118819,358.97,-1.25,-1.89,0.63,0.94,2.37,1.66,2.19,4.26,0.00,80.00,3.00
118849,359.00,-1.25,-1.88,0.63,1.00,2.34,1.63,2.25,4.22,0.00,80.00,3.00
118878,359.08,-1.25,-1.89,0.54,1.01,2.34,1.46,2.26,4.23,0.00,80.00,3.00
118910,359.07,-1.25,-1.88,0.53,1.01,2.34,1.46,2.26,4.23,0.00,80.00,3.00
118939,359.11,-1.26,-1.88,0.58,1.01,2.32,1.47,2.27,4.20,0.00,80.00,3.00
118968,359.11,-1.26,-1.88,0.61,1.06,2.32,1.51,2.32,4.20,0.00,80.00,3.00
118998,359.07,-1.27,-1.88,0.62,1.07,2.33,1.55,2.33,4.21,0.00,80.00,3.00
119027,359.03,-1.27,-1.88,0.64,0.99,2.32,1.61,2.26,4.20,0.00,80.00,3.00
119056,359.01,-1.27,-1.88,0.79,0.95,2.33,1.78,2.22,4.22,0.00,80.00,3.00
119085,359.02,-1.27,-1.89,0.84,0.86,2.30,1.82,2.13,4.19,0.00,80.00,3.00
119117,358.99,-1.28,-1.89,0.84,0.79,2.25,1.85,2.08,4.15,0.00,80.00,3.00
119147,358.90,-1.28,-1.90,0.82,0.79,2.24,1.92,2.07,4.13,0.00,80.00,3.00
119176,358.94,-1.28,-1.90,0.83,0.84,2.26,1.89,2.11,4.16,0.00,80.00,3.00
119205,359.00,-1.27,-1.90,0.87,0.84,2.25,1.87,2.11,4.15,0.00,80.00,3.00
119234,359.05,-1.28,-1.90,0.88,0.82,2.26,1.83,2.10,4.16,0.00,80.00,3.00
119263,359.06,-1.28,-1.90,0.78,0.80,2.28,1.72,2.08,4.18,0.00,80.00,3.00
119292,359.03,-1.28,-1.91,0.69,0.86,2.36,1.67,2.14,4.27,0.00,80.00,3.00
119342,359.05,-1.28,-1.91,0.76,0.89,2.36,1.71,2.17,4.27,0.00,80.00,3.00
119371,359.05,-1.28,-1.93,0.78,0.89,2.37,1.73,2.17,4.29,0.00,80.00,3.00
119401,359.01,-1.28,-1.93,0.65,0.86,2.39,1.64,2.14,4.32,0.00,80.00,3.00
119430,359.00,-1.27,-1.94,0.63,0.83,2.40,1.64,2.11,4.34,0.00,80.00,3.00
119459,358.98,-1.28,-1.94,0.71,0.87,2.37,1.73,2.15,4.32,0.00,80.00,3.00
119488,359.00,-1.27,-1.93,0.76,0.85,2.34,1.76,2.12,4.27,0.00,80.00,3.00
119517,358.99,-1.27,-1.91,0.69,0.81,2.38,1.71,2.08,4.29,0.00,80.00,3.00
119550,358.98,-1.27,-1.91,0.74,0.87,2.38,1.76,2.14,4.30,0.00,80.00,3.00
119579,358.97,-1.27,-1.91,0.85,0.95,2.35,1.87,2.22,4.26,0.00,80.00,3.00
119608,358.94,-1.27,-1.92,0.87,0.95,2.41,1.93,2.22,4.32,0.00,80.00,3.00
119637,358.96,-1.27,-1.91,0.89,0.93,2.44,1.93,2.20,4.35,0.00,80.00,3.00
119666,358.95,-1.27,-1.91,0.89,0.94,2.45,1.94,2.21,4.36,0.00,80.00,3.00
119696,358.93,-1.28,-1.91,0.92,0.95,2.43,1.99,2.23,4.35,0.00,80.00,3.00
119725,358.87,-1.28,-1.92,0.82,0.94,2.42,1.95,2.21,4.34,0.00,80.00,3.00
119757,358.93,-1.28,-1.92,0.71,0.94,2.41,1.77,2.22,4.34,0.00,80.00,3.00
119786,358.94,-1.28,-1.93,0.63,1.02,2.50,1.68,2.30,4.43,0.00,80.00,3.00
119815,358.85,-1.27,-1.93,0.54,1.06,2.50,1.69,2.34,4.43,0.00,80.00,3.00
119845,358.82,-1.27,-1.93,0.51,1.06,2.46,1.69,2.33,4.39,0.00,80.00,3.00
119874,358.92,-1.28,-1.92,0.47,1.00,2.45,1.56,2.28,4.37,0.00,80.00,3.00
119921,358.90,-1.28,-1.93,0.57,1.01,2.44,1.67,2.30,4.37,0.00,80.00,3.00
119950,358.89,-1.29,-1.94,0.66,1.01,2.42,1.77,2.30,4.36,0.00,80.00,3.00
119982,358.91,-1.29,-1.94,0.68,0.94,2.43,1.78,2.22,4.37,0.00,80.00,3.00
120011,358.90,-1.29,-1.94,0.61,0.87,2.40,1.71,2.16,4.34,0.00,80.00,3.00
120040,358.90,-1.28,-1.94,0.62,0.88,2.43,1.71,2.16,4.37,0.00,80.00,3.00
120070,358.92,-1.29,-1.95,0.66,0.88,2.43,1.74,2.17,4.38,0.00,80.00,3.00
120099,358.96,-1.29,-1.95,0.57,0.87,2.43,1.61,2.15,4.38,0.00,80.00,3.00
120128,358.97,-1.29,-1.95,0.59,0.84,2.31,1.62,2.13,4.27,0.00,80.00,3.00
120157,358.99,-1.29,-1.94,0.67,0.93,2.29,1.68,2.22,4.23,0.00,80.00,3.00
120189,359.01,-1.29,-1.94,0.71,0.96,2.25,1.70,2.25,4.20,0.00,80.00,3.00
120218,359.03,-1.29,-1.94,0.71,0.99,2.20,1.69,2.28,4.14,0.00,80.00,3.00
120248,359.01,-1.29,-1.94,0.81,0.95,2.23,1.80,2.24,4.17,0.00,80.00,3.00
120277,358.98,-1.30,-1.95,0.80,0.98,2.29,1.82,2.28,4.24,0.00,80.00,3.00
120306,358.92,-1.30,-1.95,0.78,0.91,2.30,1.86,2.20,4.26,0.00,80.00,3.00
120335,358.99,-1.30,-1.95,0.71,0.90,2.30,1.72,2.19,4.25,0.00,80.00,3.00
120364,358.98,-1.30,-1.95,0.71,0.88,2.32,1.73,2.17,4.27,0.00,80.00,3.00
120396,358.91,-1.30,-1.95,0.59,0.89,2.35,1.67,2.19,4.30,0.00,80.00,3.00
120426,358.88,-1.30,-1.95,0.58,0.89,2.31,1.70,2.18,4.26,0.00,80.00,3.00
120463,358.89,-1.29,-1.95,0.55,0.91,2.28,1.65,2.20,4.24,0.00,80.00,3.00
120510,358.88,-1.30,-1.96,0.53,0.91,2.29,1.65,2.21,4.24,0.00,80.00,3.00
120539,358.86,-1.29,-1.95,0.68,0.93,2.34,1.82,2.22,4.30,0.00,80.00,3.00
120568,358.92,-1.29,-1.95,0.70,0.95,2.34,1.78,2.23,4.29,0.00,80.00,3.00
120597,358.93,-1.29,-1.94,0.79,0.95,2.35,1.86,2.24,4.29,0.00,80.00,3.00
120629,358.93,-1.29,-1.94,0.84,0.94,2.39,1.91,2.23,4.33,0.00,80.00,3.00
120658,358.95,-1.29,-1.94,0.93,0.93,2.38,1.98,2.22,4.32,0.00,80.00,3.00
120687,359.02,-1.29,-1.94,0.92,0.95,2.40,1.89,2.24,4.34,0.00,80.00,3.00
120717,358.96,-1.29,-1.94,0.91,0.97,2.36,1.95,2.26,4.30,0.00,80.00,3.00
120746,358.90,-1.29,-1.93,0.92,0.98,2.41,2.02,2.27,4.34,0.00,80.00,3.00
120775,358.88,-1.29,-1.93,0.91,1.04,2.44,2.03,2.32,4.37,0.00,80.00,3.00
120804,358.84,-1.29,-1.93,0.87,1.09,2.38,2.03,2.37,4.30,0.00,80.00,3.00
120836,358.81,-1.29,-1.93,0.94,1.08,2.35,2.13,2.37,4.28,0.00,80.00,3.00
120865,358.78,-1.29,-1.93,1.01,1.13,2.29,2.23,2.42,4.22,0.00,80.00,3.00
120894,358.78,-1.28,-1.92,0.96,1.11,2.24,2.19,2.39,4.16,0.00,80.00,3.00
120923,358.77,-1.28,-1.93,0.98,1.08,2.31,2.21,2.37,4.24,0.00,80.00,3.00
120953,358.82,-1.29,-1.93,0.90,1.11,2.32,2.08,2.40,4.25,0.00,80.00,3.00
120982,358.84,-1.29,-1.93,0.99,1.11,2.36,2.14,2.40,4.29,0.00,80.00,3.00
121011,358.79,-1.30,-1.94,0.94,1.10,2.39,2.15,2.40,4.33,0.00,80.00,3.00
121061,358.79,-1.29,-1.95,0.89,1.05,2.41,2.09,2.34,4.36,0.00,80.00,3.00
121090,358.71,-1.29,-1.95,0.82,1.09,2.32,2.11,2.38,4.27,0.00,80.00,3.00
121119,358.72,-1.29,-1.95,0.75,1.01,2.26,2.04,2.29,4.20,0.00,80.00,3.00
121148,358.75,-1.29,-1.94,0.62,0.98,2.28,1.87,2.26,4.22,0.00,80.00,3.00
121177,358.67,-1.29,-1.94,0.57,0.95,2.31,1.90,2.24,4.26,0.00,80.00,3.00
121207,358.65,-1.29,-1.95,0.48,0.98,2.35,1.83,2.26,4.29,0.00,80.00,3.00
121236,358.64,-1.28,-1.94,0.39,0.96,2.39,1.75,2.24,4.33,0.00,80.00,3.00
121268,358.69,-1.28,-1.93,0.50,0.91,2.47,1.81,2.19,4.40,0.00,80.00,3.00
121297,358.64,-1.27,-1.92,0.55,0.97,2.44,1.91,2.24,4.36,0.00,80.00,3.00
121326,358.70,-1.27,-1.92,0.58,0.95,2.40,1.87,2.22,4.32,0.00,80.00,3.00
121355,358.70,-1.27,-1.93,0.56,0.90,2.33,1.86,2.17,4.26,0.00,80.00,3.00
121384,358.71,-1.27,-1.93,0.67,0.92,2.27,1.97,2.19,4.20,0.00,80.00,3.00
121413,358.65,-1.27,-1.93,0.69,0.96,2.27,2.04,2.22,4.20,0.00,80.00,3.00
121443,358.67,-1.27,-1.93,0.67,0.94,2.30,2.00,2.21,4.23,0.00,80.00,3.00
121475,358.69,-1.26,-1.92,0.57,0.91,2.31,1.88,2.18,4.23,0.00,80.00,3.00
121504,358.58,-1.26,-1.92,0.54,0.86,2.28,1.96,2.12,4.20,0.00,80.00,3.00
121533,358.61,-1.26,-1.92,0.63,0.87,2.27,2.02,2.13,4.19,0.00,80.00,3.00
121562,358.58,-1.26,-1.92,0.54,0.86,2.33,1.96,2.12,4.25,0.00,80.00,3.00
121591,358.56,-1.26,-1.92,0.49,0.86,2.34,1.93,2.12,4.25,0.00,80.00,3.00
121638,358.58,-1.26,-1.92,0.50,0.85,2.30,1.92,2.11,4.22,0.00,80.00,3.00
121667,358.59,-1.26,-1.93,0.54,0.91,2.35,1.95,2.17,4.28,0.00,80.00,3.00
121699,358.58,-1.26,-1.93,0.52,0.93,2.42,1.95,2.19,4.35,0.00,80.00,3.00
121728,358.54,-1.25,-1.93,0.51,0.94,2.51,1.97,2.19,4.44,0.00,80.00,3.00
121757,358.54,-1.25,-1.94,0.59,0.93,2.48,2.05,2.18,4.41,0.00,80.00,3.00
121786,358.58,-1.25,-1.94,0.60,0.92,2.49,2.02,2.17,4.43,0.00,80.00,3.00
121815,358.58,-1.25,-1.93,0.56,0.90,2.51,1.98,2.15,4.44,0.00,80.00,3.00
121845,358.59,-1.25,-1.93,0.52,0.92,2.48,1.93,2.17,4.41,0.00,80.00,3.00
121874,358.57,-1.25,-1.94,0.56,0.92,2.48,1.99,2.17,4.42,0.00,80.00,3.00
121906,358.53,-1.24,-1.93,0.56,0.92,2.51,2.03,2.16,4.44,0.00,80.00,3.00
121935,358.52,-1.24,-1.93,0.67,0.90,2.51,2.16,2.14,4.44,0.00,80.00,3.00
121964,358.53,-1.24,-1.94,0.77,0.92,2.53,2.24,2.16,4.47,0.00,80.00,3.00
121993,358.47,-1.24,-1.94,0.89,0.91,2.57,2.42,2.14,4.51,0.00,80.00,3.00
122022,358.49,-1.23,-1.93,0.87,0.88,2.54,2.38,2.11,4.47,0.00,80.00,3.00
122051,358.48,-1.23,-1.94,0.85,0.89,2.47,2.37,2.12,4.41,0.00,80.00,3.00
122080,358.43,-1.23,-1.94,0.75,0.89,2.40,2.32,2.12,4.34,0.00,80.00,3.00
122121,358.46,-1.23,-1.94,0.68,0.90,2.38,2.22,2.13,4.32,0.00,80.00,3.00
122150,358.43,-1.23,-1.93,0.61,0.89,2.31,2.18,2.11,4.24,0.00,80.00,3.00
122179,358.43,-1.23,-1.92,0.62,0.84,2.24,2.19,2.07,4.17,0.00,80.00,3.00
122226,358.35,-1.23,-1.92,0.59,0.90,2.30,2.25,2.13,4.22,0.00,80.00,3.00
122255,358.43,-1.23,-1.92,0.69,0.92,2.34,2.26,2.15,4.26,0.00,80.00,3.00
122284,358.46,-1.24,-1.92,0.69,0.93,2.37,2.22,2.18,4.30,0.00,80.00,3.00
122313,358.47,-1.25,-1.92,0.72,0.88,2.43,2.25,2.12,4.35,0.00,80.00,3.00
122345,358.53,-1.25,-1.92,0.80,0.91,2.47,2.27,2.16,4.39,0.00,80.00,3.00
122374,358.51,-1.25,-1.92,0.80,0.91,2.46,2.29,2.17,4.38,0.00,80.00,3.00
122403,358.53,-1.26,-1.92,0.80,0.85,2.41,2.26,2.12,4.33,0.00,80.00,3.00
122432,358.54,-1.26,-1.92,0.76,0.86,2.38,2.22,2.12,4.30,0.00,80.00,3.00
122461,358.57,-1.25,-1.92,0.79,0.89,2.42,2.22,2.15,4.34,0.00,80.00,3.00
122491,358.51,-1.25,-1.91,0.77,0.86,2.44,2.26,2.11,4.35,0.00,80.00,3.00
122520,358.46,-1.25,-1.91,0.79,0.89,2.43,2.33,2.14,4.35,0.00,80.00,3.00
122552,358.53,-1.25,-1.91,0.83,0.87,2.46,2.30,2.12,4.37,0.00,80.00,3.00
122581,358.57,-1.26,-1.91,0.86,0.85,2.51,2.30,2.11,4.42,0.00,80.00,3.00
122610,358.64,-1.26,-1.91,0.82,0.84,2.41,2.18,2.10,4.32,0.00,80.00,3.00
122639,358.60,-1.27,-1.91,0.82,0.87,2.40,2.23,2.13,4.31,0.00,80.00,3.00
122668,358.62,-1.26,-1.91,0.76,0.83,2.35,2.13,2.09,4.25,0.00,80.00,3.00
122697,358.64,-1.26,-1.90,0.71,0.85,2.36,2.07,2.11,4.27,0.00,80.00,3.00
122726,358.59,-1.25,-1.91,0.74,0.82,2.36,2.15,2.08,4.27,0.00,80.00,3.00
122776,358.58,-1.26,-1.91,0.80,0.85,2.32,2.22,2.11,4.24,0.00,80.00,3.00
122805,358.57,-1.26,-1.91,0.81,0.84,2.38,2.24,2.10,4.28,0.00,80.00,3.00
122834,358.61,-1.26,-1.91,0.78,0.82,2.35,2.17,2.09,4.26,0.00,80.00,3.00
122863,358.58,-1.27,-1.90,0.77,0.85,2.37,2.20,2.12,4.28,0.00,80.00,3.00
122892,358.64,-1.27,-1.90,0.81,0.91,2.33,2.17,2.18,4.23,0.00,80.00,3.00
122922,358.69,-1.26,-1.90,0.67,0.94,2.32,1.97,2.20,4.22,0.00,80.00,3.00
122951,358.75,-1.26,-1.91,0.62,0.98,2.33,1.87,2.25,4.23,0.00,80.00,3.00
122983,358.67,-1.26,-1.91,0.62,0.96,2.29,1.95,2.23,4.20,0.00,80.00,3.00
123012,358.62,-1.26,-1.91,0.56,1.03,2.28,1.94,2.30,4.19,0.00,80.00,3.00
123041,358.71,-1.28,-1.91,0.55,0.93,2.28,1.84,2.21,4.19,0.00,80.00,3.00
123070,358.63,-1.28,-1.91,0.64,0.92,2.38,2.00,2.20,4.29,0.00,80.00,3.00
123099,358.66,-1.29,-1.92,0.66,0.86,2.39,2.00,2.15,4.31,0.00,80.00,3.00
123128,358.68,-1.28,-1.91,0.71,0.91,2.46,2.03,2.19,4.37,0.00,80.00,3.00
123157,358.64,-1.28,-1.92,0.76,0.91,2.49,2.11,2.19,4.40,0.00,80.00,3.00
123189,358.65,-1.28,-1.91,0.80,0.94,2.48,2.16,2.22,4.39,0.00,80.00,3.00
123218,358.65,-1.28,-1.92,0.74,0.93,2.50,2.09,2.21,4.42,0.00,80.00,3.00
123247,358.67,-1.29,-1.91,0.77,0.96,2.42,2.10,2.25,4.33,0.00,80.00,3.00
123276,358.67,-1.29,-1.91,0.89,0.97,2.40,2.21,2.26,4.31,0.00,80.00,3.00
123306,358.65,-1.30,-1.90,0.91,0.94,2.37,2.26,2.24,4.27,0.00,80.00,3.00
123352,358.71,-1.29,-1.90,0.86,0.95,2.34,2.14,2.24,4.25,0.00,80.00,3.00
123381,358.78,-1.29,-1.90,0.85,1.03,2.28,2.07,2.32,4.17,0.00,80.00,3.00
123413,358.73,-1.29,-1.89,0.89,1.04,2.19,2.16,2.33,4.08,0.00,80.00,3.00
123443,358.76,-1.29,-1.89,0.87,1.04,2.16,2.11,2.33,4.05,0.00,80.00,3.00
123472,358.79,-1.28,-1.89,0.83,1.07,2.19,2.03,2.35,4.09,0.00,80.00,3.00
123501,358.80,-1.28,-1.89,0.80,1.06,2.19,2.01,2.35,4.08,0.00,80.00,3.00
123530,358.81,-1.29,-1.89,0.82,1.01,2.20,2.00,2.30,4.10,0.00,80.00,3.00
123559,358.77,-1.29,-1.89,0.71,1.01,2.33,1.94,2.30,4.23,0.00,80.00,3.00
123588,358.79,-1.29,-1.89,0.71,1.02,2.37,1.92,2.31,4.25,0.00,80.00,3.00
123620,358.77,-1.29,-1.88,0.68,1.02,2.40,1.91,2.31,4.28,0.00,80.00,3.00
123649,358.72,-1.29,-1.89,0.68,1.02,2.42,1.95,2.31,4.30,0.00,80.00,3.00
123678,358.76,-1.30,-1.89,0.74,1.06,2.33,1.98,2.36,4.22,0.00,80.00,3.00
123707,358.77,-1.29,-1.90,0.78,1.01,2.29,2.01,2.30,4.19,0.00,80.00,3.00
123736,358.81,-1.30,-1.89,0.78,0.95,2.31,1.97,2.25,4.21,0.00,80.00,3.00
123765,358.81,-1.30,-1.89,0.85,1.00,2.29,2.04,2.30,4.18,0.00,80.00,3.00
123803,358.88,-1.29,-1.88,0.85,0.96,2.22,1.97,2.25,4.10,0.00,80.00,3.00
123835,358.92,-1.29,-1.88,0.91,0.90,2.20,1.99,2.19,4.09,0.00,80.00,3.00
123864,358.86,-1.29,-1.88,0.93,0.92,2.25,2.06,2.21,4.13,0.00,80.00,3.00
123893,358.88,-1.29,-1.87,0.99,0.97,2.25,2.11,2.26,4.12,0.00,80.00,3.00
123940,358.85,-1.28,-1.87,0.97,0.98,2.24,2.12,2.26,4.11,0.00,80.00,3.00
123969,358.84,-1.29,-1.87,0.87,0.99,2.32,2.03,2.27,4.19,0.00,80.00,3.00
123998,358.81,-1.28,-1.87,0.79,1.02,2.32,1.99,2.30,4.19,0.00,80.00,3.00
124027,358.85,-1.28,-1.87,0.82,1.04,2.31,1.97,2.32,4.18,0.00,80.00,3.00
124059,358.94,-1.27,-1.88,0.72,1.05,2.35,1.77,2.32,4.22,0.00,80.00,3.00
124088,358.93,-1.27,-1.87,0.65,1.06,2.37,1.72,2.33,4.24,0.00,80.00,3.00
124117,358.89,-1.27,-1.87,0.66,1.02,2.34,1.76,2.29,4.21,0.00,80.00,3.00
124146,358.94,-1.28,-1.87,0.71,0.97,2.38,1.77,2.25,4.25,0.00,80.00,3.00
124175,359.00,-1.27,-1.87,0.73,0.97,2.39,1.74,2.24,4.27,0.00,80.00,3.00
124204,358.91,-1.27,-1.88,0.77,0.94,2.43,1.86,2.21,4.31,0.00,80.00,3.00
124233,358.92,-1.28,-1.88,0.88,0.91,2.34,1.96,2.19,4.22,0.00,80.00,3.00
124265,358.91,-1.29,-1.89,0.95,0.90,2.38,2.04,2.19,4.26,0.00,80.00,3.00
124294,358.97,-1.29,-1.88,0.83,0.94,2.44,1.85,2.22,4.32,0.00,80.00,3.00
124323,358.94,-1.29,-1.88,0.70,0.99,2.45,1.76,2.28,4.33,0.00,80.00,3.00
124352,358.92,-1.29,-1.88,0.61,0.95,2.44,1.69,2.25,4.32,0.00,80.00,3.00
124381,358.91,-1.29,-1.88,0.58,0.95,2.44,1.67,2.24,4.32,0.00,80.00,3.00
124411,358.87,-1.30,-1.89,0.53,0.96,2.43,1.66,2.26,4.31,0.00,80.00,3.00
124440,358.82,-1.30,-1.89,0.53,0.96,2.40,1.70,2.27,4.28,0.00,80.00,3.00
124489,358.74,-1.30,-1.89,0.64,0.95,2.37,1.90,2.25,4.26,0.00,80.00,3.00
124625,358.80,-1.30,-1.89,0.78,0.89,2.36,1.99,2.19,4.25,0.00,80.00,3.00
124759,358.84,-1.30,-1.89,0.97,0.93,2.39,2.13,2.23,4.28,0.00,80.00,3.00
124899,358.80,-1.29,-1.89,0.98,0.94,2.45,2.18,2.23,4.35,0.00,80.00,3.00
124928,358.87,-1.29,-1.89,1.01,0.93,2.45,2.14,2.22,4.34,0.00,80.00,3.00
124957,358.86,-1.28,-1.90,1.01,0.98,2.39,2.16,2.26,4.28,0.00,80.00,3.00
124986,358.84,-1.29,-1.90,0.98,1.01,2.39,2.14,2.30,4.29,0.00,80.00,3.00
125018,358.83,-1.29,-1.89,0.88,1.02,2.34,2.05,2.31,4.23,0.00,80.00,3.00
125047,358.82,-1.29,-1.89,0.82,1.00,2.29,2.01,2.29,4.18,0.00,80.00,3.00
125076,358.81,-1.28,-1.89,0.78,0.96,2.23,1.97,2.24,4.11,0.00,80.00,3.00
125105,358.85,-1.28,-1.89,0.54,0.85,2.27,1.69,2.13,4.16,0.00,80.00,3.00
125134,358.78,-1.28,-1.89,0.88,0.97,2.35,2.10,2.25,4.24,0.00,80.00,3.00
125163,358.82,-1.29,-1.90,0.79,0.87,2.44,1.97,2.16,4.35,0.00,80.00,3.00
125192,358.77,-1.29,-1.90,0.85,0.91,2.43,2.08,2.20,4.33,0.00,80.00,3.00
125224,358.77,-1.29,-1.90,0.78,0.91,2.41,2.01,2.20,4.31,0.00,80.00,3.00
125253,358.85,-1.29,-1.90,0.84,0.92,2.43,2.00,2.21,4.33,0.00,80.00,3.00
125282,358.87,-1.29,-1.90,0.74,0.97,2.46,1.87,2.27,4.36,0.00,80.00,3.00
125311,358.89,-1.30,-1.89,0.76,1.00,2.44,1.87,2.29,4.32,0.00,80.00,3.00
125340,358.88,-1.30,-1.89,0.70,1.01,2.38,1.82,2.31,4.27,0.00,80.00,3.00
125386,358.87,-1.30,-1.88,0.59,0.99,2.39,1.72,2.29,4.28,0.00,80.00,3.00
125415,358.94,-1.30,-1.88,0.58,1.01,2.33,1.64,2.31,4.21,0.00,80.00,3.00
125446,358.97,-1.31,-1.89,0.52,0.97,2.31,1.55,2.28,4.20,0.00,80.00,3.00
125475,359.02,-1.30,-1.89,0.61,0.93,2.39,1.59,2.24,4.28,0.00,80.00,3.00
125504,359.06,-1.30,-1.89,0.62,0.89,2.39,1.56,2.20,4.28,0.00,80.00,3.00
125533,359.08,-1.30,-1.90,0.67,0.84,2.38,1.59,2.14,4.27,0.00,80.00,3.00
125562,359.11,-1.31,-1.90,0.73,0.83,2.41,1.61,2.14,4.30,0.00,80.00,3.00
125590,359.11,-1.31,-1.90,0.67,0.88,2.38,1.57,2.19,4.28,0.00,80.00,3.00
125619,359.03,-1.31,-1.91,0.67,0.90,2.32,1.64,2.21,4.23,0.00,80.00,3.00
125647,358.96,-1.30,-1.91,0.49,0.94,2.22,1.52,2.25,4.13,0.00,80.00,3.00
125676,358.98,-1.30,-1.90,0.47,0.98,2.26,1.49,2.28,4.16,0.00,80.00,3.00
125705,359.03,-1.30,-1.90,0.51,1.00,2.22,1.49,2.29,4.12,0.00,80.00,3.00
125734,359.06,-1.30,-1.90,0.57,1.04,2.26,1.51,2.34,4.16,0.00,80.00,3.00
125772,359.10,-1.30,-1.89,0.56,1.03,2.30,1.46,2.33,4.19,0.00,80.00,3.00
125801,359.10,-1.29,-1.89,0.57,1.02,2.30,1.47,2.31,4.19,0.00,80.00,3.00
125830,359.09,-1.29,-1.88,0.63,0.99,2.27,1.54,2.29,4.16,0.00,80.00,3.00
125860,359.10,-1.30,-1.89,0.61,1.02,2.25,1.51,2.32,4.14,0.00,80.00,3.00
125892,359.05,-1.30,-1.88,0.63,1.01,2.30,1.59,2.31,4.18,0.00,80.00,3.00
125921,359.10,-1.30,-1.89,0.54,0.98,2.29,1.43,2.28,4.18,0.00,80.00,3.00
125998,359.14,-1.30,-1.89,0.65,1.04,2.29,1.51,2.34,4.19,0.00,80.00,3.00
126027,359.11,-1.30,-1.90,0.65,1.03,2.32,1.53,2.33,4.22,0.00,80.00,3.00
126057,359.15,-1.27,-1.86,0.62,1.06,2.35,1.47,2.33,4.20,0.00,80.00,3.00
126086,359.25,-1.24,-1.80,0.60,1.05,2.33,1.36,2.29,4.13,0.00,80.00,3.00
126115,359.22,-1.24,-1.82,0.54,1.05,2.34,1.32,2.28,4.16,0.00,80.00,3.00
126147,359.30,-1.23,-1.81,0.56,0.97,2.40,1.26,2.20,4.21,0.00,80.00,3.00
126176,359.26,-1.24,-1.82,0.58,0.93,2.36,1.32,2.17,4.17,0.00,80.00,3.00
126206,359.30,-1.23,-1.81,0.65,0.90,2.30,1.35,2.14,4.11,0.00,80.00,3.00
126235,359.34,-1.22,-1.79,0.60,0.87,2.25,1.26,2.09,4.04,0.00,80.00,3.00
126264,359.32,-1.22,-1.77,0.69,0.87,2.20,1.37,2.09,3.98,0.00,80.00,3.00
126293,359.34,-1.22,-1.77,0.68,0.48,2.46,1.34,1.71,4.22,0.00,80.00,3.00
126322,359.35,-1.23,-1.76,0.67,0.54,2.76,1.32,1.77,4.53,0.00,80.00,3.00
126355,359.35,-1.22,-1.77,0.72,0.64,2.73,1.37,1.86,4.50,0.00,80.00,3.00
126384,359.31,-1.22,-1.77,0.78,0.60,2.72,1.47,1.83,4.49,0.00,80.00,3.00
126413,359.29,-1.22,-1.77,0.72,0.64,2.68,1.43,1.86,4.45,0.00,80.00,3.00
126442,359.36,-1.22,-1.77,0.71,0.61,2.71,1.35,1.83,4.48,0.00,80.00,3.00
126471,359.34,-1.22,-1.77,0.62,1.09,2.39,1.27,2.31,4.16,0.00,80.00,3.00
126501,359.33,-1.22,-1.76,0.62,0.84,2.39,1.29,2.06,4.15,0.00,80.00,3.00
126530,359.31,-1.22,-1.76,0.60,0.99,2.37,1.29,2.21,4.13,0.00,80.00,3.00
126562,359.31,-1.22,-1.76,0.62,0.96,2.33,1.31,2.19,4.10,0.00,80.00,3.00
126591,359.27,-1.21,-1.77,0.71,0.92,2.38,1.44,2.14,4.15,0.00,80.00,3.00
126620,359.38,-1.22,-1.76,0.69,0.98,2.32,1.31,2.20,4.08,0.00,80.00,3.00
126650,359.34,-1.22,-1.75,0.71,0.94,2.27,1.36,2.16,4.02,0.00,80.00,3.00
126679,359.39,-1.22,-1.75,0.65,0.92,2.27,1.26,2.14,4.02,0.00,80.00,3.00
126708,359.36,-1.22,-1.74,0.56,0.91,2.26,1.20,2.13,4.00,0.00,80.00,3.00
126737,359.42,-1.22,-1.74,0.50,0.93,2.30,1.09,2.15,4.04,0.00,80.00,3.00
126769,359.43,-1.22,-1.75,0.42,0.96,2.27,1.00,2.18,4.02,0.00,80.00,3.00
126798,359.40,-1.23,-1.74,0.41,0.90,2.24,1.01,2.13,3.99,0.00,80.00,3.00
126836,359.42,-1.23,-1.75,0.43,0.92,2.22,1.02,2.15,3.97,0.00,80.00,3.00
126865,359.43,-1.24,-1.75,0.45,0.93,2.20,1.02,2.17,3.95,0.00,80.00,3.00
126894,359.45,-1.23,-1.75,0.50,0.92,2.16,1.05,2.15,3.90,0.00,80.00,3.00
126923,359.47,-1.23,-1.75,0.57,0.87,2.20,1.10,2.10,3.95,0.00,80.00,3.00
126952,359.47,-1.25,-1.75,0.53,0.91,2.16,1.06,2.15,3.91,0.00,80.00,3.00
126984,359.46,-1.24,-1.74,0.64,0.94,2.20,1.18,2.18,3.95,0.00,80.00,3.00
127014,359.43,-1.24,-1.74,0.59,0.99,2.20,1.16,2.23,3.94,0.00,80.00,3.00
127043,359.46,-1.24,-1.74,0.68,1.00,2.19,1.23,2.24,3.93,0.00,80.00,3.00
127072,359.41,-1.23,-1.74,0.63,0.99,2.14,1.22,2.22,3.88,0.00,80.00,3.00
127101,359.32,-1.23,-1.74,0.71,0.97,2.13,1.39,2.19,3.88,0.00,80.00,3.00
127130,359.34,-1.22,-1.74,0.72,0.90,2.17,1.38,2.12,3.91,0.00,80.00,3.00
127159,359.35,-1.21,-1.74,0.71,0.85,2.18,1.36,2.06,3.92,0.00,80.00,3.00
127192,359.36,-1.22,-1.73,0.72,0.76,2.20,1.35,1.98,3.93,0.00,80.00,3.00
127221,359.30,-1.23,-1.74,0.73,0.80,2.24,1.42,2.03,3.98,0.00,80.00,3.00
127250,359.18,-1.23,-1.74,0.86,0.84,2.26,1.67,2.07,4.00,0.00,80.00,3.00
127279,359.13,-1.22,-1.75,0.82,0.88,2.25,1.70,2.10,4.00,0.00,80.00,3.00
127308,359.13,-1.23,-1.75,0.80,0.94,2.26,1.67,2.17,4.00,0.00,80.00,3.00
127337,359.14,-1.22,-1.74,0.87,0.93,2.22,1.73,2.15,3.96,0.00,80.00,3.00
127367,359.19,-1.23,-1.75,0.85,0.99,2.29,1.66,2.22,4.04,0.00,80.00,3.00
127399,359.07,-1.23,-1.74,0.87,0.96,2.35,1.80,2.19,4.10,0.00,80.00,3.00
127428,359.12,-1.23,-1.74,0.82,0.92,2.38,1.70,2.15,4.11,0.00,80.00,3.00
127465,359.09,-1.24,-1.73,0.85,0.95,2.37,1.76,2.19,4.11,0.00,80.00,3.00
127494,359.07,-1.24,-1.72,0.83,0.94,2.44,1.77,2.18,4.16,0.00,80.00,3.00
127524,359.07,-1.24,-1.72,0.88,0.95,2.44,1.81,2.18,4.15,0.00,80.00,3.00
127553,359.05,-1.26,-1.75,0.89,0.91,2.44,1.84,2.17,4.19,0.00,80.00,3.00
127582,359.00,-1.29,-1.80,0.87,0.91,2.47,1.87,2.19,4.27,0.00,80.00,3.00
127622,359.02,-1.28,-1.79,0.88,0.93,2.42,1.86,2.22,4.21,0.00,80.00,3.00
127651,359.01,-1.29,-1.80,0.74,0.92,2.41,1.72,2.21,4.20,0.00,80.00,3.00
127680,359.01,-1.29,-1.79,0.70,0.95,2.34,1.69,2.23,4.13,0.00,80.00,3.00
127709,359.00,-1.28,-1.80,0.69,0.99,2.40,1.69,2.28,4.20,0.00,80.00,3.00
127739,358.94,-1.29,-1.81,0.67,1.05,2.34,1.73,2.34,4.15,0.00,80.00,3.00
127768,358.93,-1.30,-1.84,0.63,1.07,2.31,1.70,2.37,4.14,0.00,80.00,3.00
127797,358.92,-1.29,-1.85,0.65,1.07,2.30,1.73,2.36,4.15,0.00,80.00,3.00
127829,358.94,-1.30,-1.85,0.76,1.07,2.32,1.82,2.37,4.17,0.00,80.00,3.00
127858,358.99,-1.30,-1.84,0.73,1.05,2.31,1.74,2.35,4.15,0.00,80.00,3.00
127887,359.02,-1.30,-1.84,0.71,0.99,2.34,1.69,2.29,4.18,0.00,80.00,3.00
127916,359.06,-1.31,-1.84,0.77,0.96,2.35,1.71,2.27,4.19,0.00,80.00,3.00
127946,359.03,-1.31,-1.84,0.79,0.93,2.32,1.75,2.24,4.16,0.00,80.00,3.00
127975,359.02,-1.31,-1.84,0.66,0.98,2.22,1.64,2.29,4.06,0.00,80.00,3.00
128004,358.99,-1.31,-1.83,0.65,0.95,2.31,1.66,2.26,4.14,0.00,80.00,3.00
128036,358.99,-1.30,-1.83,0.64,0.96,2.27,1.65,2.26,4.10,0.00,80.00,3.00
128065,358.98,-1.30,-1.82,0.56,1.01,2.24,1.58,2.32,4.07,0.00,80.00,3.00
128094,359.01,-1.31,-1.82,0.63,0.98,2.28,1.62,2.29,4.10,0.00,80.00,3.00
128123,358.88,-1.31,-1.83,0.74,0.98,2.41,1.86,2.29,4.25,0.00,80.00,3.00
128152,358.88,-1.31,-1.84,0.76,0.99,2.47,1.89,2.30,4.31,0.00,80.00,3.00
128181,358.86,-1.31,-1.85,0.78,0.99,2.38,1.92,2.29,4.23,0.00,80.00,3.00
128211,358.86,-1.31,-1.85,0.76,0.95,2.37,1.90,2.25,4.22,0.00,80.00,3.00
128243,358.81,-1.30,-1.86,0.74,0.94,2.45,1.94,2.24,4.31,0.00,80.00,3.00
128272,358.80,-1.30,-1.85,0.62,0.93,2.37,1.82,2.23,4.22,0.00,80.00,3.00
128301,358.80,-1.30,-1.86,0.52,0.87,2.33,1.72,2.17,4.20,0.00,80.00,3.00
128330,358.79,-1.30,-1.86,0.58,0.87,2.31,1.79,2.17,4.18,0.00,80.00,3.00
128359,358.79,-1.30,-1.87,0.58,0.87,2.32,1.79,2.17,4.19,0.00,80.00,3.00
128388,358.78,-1.30,-1.86,0.68,0.81,2.29,1.91,2.11,4.15,0.00,80.00,3.00
128426,358.76,-1.30,-1.86,0.62,0.82,2.35,1.86,2.12,4.21,0.00,80.00,3.00
128458,358.73,-1.30,-1.87,0.73,0.85,2.43,1.99,2.15,4.30,0.00,80.00,3.00
128487,358.73,-1.30,-1.87,0.76,0.90,2.42,2.03,2.20,4.29,0.00,80.00,3.00
128516,358.79,-1.30,-1.88,0.71,0.91,2.47,1.92,2.21,4.34,0.00,80.00,3.00
128545,358.75,-1.30,-1.88,0.67,0.95,2.46,1.92,2.25,4.34,0.00,80.00,3.00
128574,358.79,-1.30,-1.88,0.60,0.98,2.44,1.81,2.28,4.32,0.00,80.00,3.00
128603,358.82,-1.29,-1.88,0.64,1.02,2.39,1.81,2.32,4.27,0.00,80.00,3.00
128633,358.80,-1.30,-1.88,0.59,0.97,2.34,1.79,2.26,4.22,0.00,80.00,3.00
128665,358.83,-1.31,-1.88,0.64,0.95,2.36,1.80,2.26,4.24,0.00,80.00,3.00
128694,358.81,-1.30,-1.89,0.71,0.93,2.31,1.91,2.23,4.20,0.00,80.00,3.00
128723,358.84,-1.30,-1.89,0.77,0.91,2.34,1.92,2.20,4.22,0.00,80.00,3.00
128752,358.86,-1.30,-1.89,0.77,0.89,2.27,1.91,2.19,4.16,0.00,80.00,3.00
128781,358.88,-1.31,-1.89,0.72,0.92,2.27,1.84,2.23,4.16,0.00,80.00,3.00
128810,358.87,-1.31,-1.90,0.66,0.92,2.30,1.79,2.23,4.20,0.00,80.00,3.00
128839,358.85,-1.31,-1.89,0.65,0.88,2.35,1.80,2.19,4.24,0.00,80.00,3.00
128871,358.79,-1.31,-1.90,0.66,0.90,2.31,1.87,2.20,4.21,0.00,80.00,3.00
128901,358.84,-1.31,-1.90,0.72,0.89,2.33,1.89,2.20,4.23,0.00,80.00,3.00
128930,358.83,-1.30,-1.91,0.64,0.85,2.42,1.81,2.16,4.33,0.00,80.00,3.00
128959,358.80,-1.30,-1.91,0.67,0.86,2.45,1.87,2.15,4.35,0.00,80.00,3.00
128988,358.82,-1.31,-1.91,0.74,0.88,2.37,1.92,2.19,4.28,0.00,80.00,3.00
129017,358.77,-1.31,-1.91,0.72,0.90,2.34,1.95,2.20,4.25,0.00,80.00,3.00
129046,358.78,-1.31,-1.91,0.65,0.93,2.33,1.87,2.23,4.25,0.00,80.00,3.00
129087,358.77,-1.31,-1.91,0.59,0.93,2.30,1.83,2.24,4.21,0.00,80.00,3.00
129116,358.78,-1.32,-1.90,0.61,0.93,2.30,1.84,2.25,4.20,0.00,80.00,3.00
129145,358.72,-1.31,-1.89,0.60,0.87,2.27,1.88,2.18,4.16,0.00,80.00,3.00
129174,358.69,-1.30,-1.90,0.54,0.89,2.26,1.85,2.20,4.16,0.00,80.00,3.00
129203,358.70,-1.31,-1.90,0.64,0.94,2.27,1.94,2.25,4.17,0.00,80.00,3.00
129240,358.76,-1.32,-1.90,0.59,0.92,2.24,1.83,2.24,4.14,0.00,80.00,3.00
129269,358.80,-1.31,-1.90,0.63,0.90,2.20,1.83,2.21,4.10,0.00,80.00,3.00
129301,358.78,-1.31,-1.89,0.75,0.94,2.15,1.97,2.26,4.04,0.00,80.00,3.00
129330,358.80,-1.31,-1.89,0.72,0.96,2.13,1.92,2.27,4.02,0.00,80.00,3.00
129360,358.73,-1.30,-1.89,0.83,0.88,2.18,2.09,2.18,4.07,0.00,80.00,3.00
129389,358.80,-1.30,-1.89,0.84,0.87,2.21,2.04,2.18,4.10,0.00,80.00,3.00
129418,358.82,-1.30,-1.89,0.83,0.89,2.22,2.02,2.19,4.11,0.00,80.00,3.00
129447,358.84,-1.29,-1.90,0.77,0.88,2.19,1.93,2.18,4.09,0.00,80.00,3.00
129476,358.86,-1.29,-1.89,0.79,0.86,2.24,1.94,2.15,4.13,0.00,80.00,3.00
129508,358.90,-1.30,-1.90,0.71,0.83,2.32,1.81,2.13,4.22,0.00,80.00,3.00
129537,358.91,-1.31,-1.91,0.63,0.84,2.29,1.73,2.15,4.20,0.00,80.00,3.00
129566,358.92,-1.30,-1.92,0.66,0.79,2.34,1.75,2.09,4.25,0.00,80.00,3.00
129595,358.91,-1.30,-1.92,0.75,0.77,2.38,1.84,2.07,4.29,0.00,80.00,3.00
129624,358.99,-1.31,-1.92,0.74,0.79,2.40,1.75,2.10,4.32,0.00,80.00,3.00
129654,359.00,-1.31,-1.91,0.79,0.78,2.36,1.79,2.09,4.27,0.00,80.00,3.00
129683,359.05,-1.31,-1.91,0.81,0.78,2.37,1.76,2.09,4.28,0.00,80.00,3.00
129715,359.01,-1.31,-1.92,0.83,0.76,2.39,1.82,2.07,4.31,0.00,80.00,3.00
129744,358.93,-1.32,-1.92,0.73,0.79,2.37,1.80,2.11,4.29,0.00,80.00,3.00
129773,358.88,-1.31,-1.92,0.63,0.83,2.39,1.76,2.14,4.31,0.00,80.00,3.00
129802,358.85,-1.31,-1.91,0.61,0.88,2.41,1.77,2.19,4.33,0.00,80.00,3.00
129831,358.75,-1.31,-1.91,0.57,0.91,2.44,1.81,2.22,4.35,0.00,80.00,3.00
129860,358.76,-1.30,-1.91,0.59,0.94,2.39,1.83,2.24,4.30,0.00,80.00,3.00
129889,358.75,-1.31,-1.92,0.58,0.96,2.36,1.83,2.27,4.27,0.00,80.00,3.00
129921,358.75,-1.30,-1.91,0.72,0.93,2.41,1.97,2.22,4.33,0.00,80.00,3.00
129950,358.75,-1.29,-1.92,0.84,0.95,2.36,2.09,2.24,4.27,0.00,80.00,3.00
129979,358.71,-1.29,-1.92,0.88,0.93,2.34,2.17,2.22,4.26,0.00,80.00,3.00
130017,358.68,-1.29,-1.92,0.80,0.92,2.38,2.13,2.21,4.30,0.00,80.00,3.00
130046,358.78,-1.28,-1.92,0.78,0.92,2.39,2.00,2.20,4.31,0.00,80.00,3.00
130075,358.76,-1.28,-1.92,0.73,0.99,2.40,1.97,2.27,4.32,0.00,80.00,3.00
130104,358.77,-1.29,-1.92,0.67,1.00,2.34,1.90,2.28,4.26,0.00,80.00,3.00
130136,358.85,-1.28,-1.92,0.68,0.92,2.34,1.83,2.20,4.26,0.00,80.00,3.00
130165,358.87,-1.28,-1.92,0.76,0.90,2.36,1.90,2.18,4.28,0.00,80.00,3.00
130194,358.84,-1.28,-1.91,0.86,0.93,2.36,2.01,2.22,4.27,0.00,80.00,3.00
130223,358.88,-1.28,-1.91,0.81,0.92,2.41,1.93,2.20,4.31,0.00,80.00,3.00
130253,358.95,-1.27,-1.91,0.78,0.93,2.40,1.83,2.20,4.31,0.00,80.00,3.00
130282,358.97,-1.27,-1.91,0.75,0.92,2.36,1.78,2.19,4.28,0.00,80.00,3.00
130311,359.00,-1.26,-1.91,0.68,0.95,2.37,1.69,2.22,4.27,0.00,80.00,3.00
130343,359.05,-1.26,-1.91,0.65,0.96,2.36,1.61,2.22,4.26,0.00,80.00,3.00
130372,359.09,-1.26,-1.91,0.74,0.96,2.31,1.65,2.22,4.22,0.00,80.00,3.00
130401,359.05,-1.27,-1.91,0.74,0.89,2.35,1.70,2.16,4.26,0.00,80.00,3.00
130430,359.00,-1.27,-1.91,0.84,0.91,2.39,1.84,2.18,4.30,0.00,80.00,3.00
130459,359.06,-1.28,-1.91,0.81,0.95,2.45,1.76,2.23,4.36,0.00,80.00,3.00
130488,359.02,-1.27,-1.91,0.79,0.90,2.39,1.77,2.17,4.31,0.00,80.00,3.00
130517,359.04,-1.27,-1.93,0.71,0.89,2.37,1.67,2.16,4.30,0.00,80.00,3.00
130549,358.95,-1.27,-1.92,0.64,0.93,2.35,1.69,2.20,4.27,0.00,80.00,3.00
130579,358.94,-1.27,-1.93,0.58,0.93,2.22,1.64,2.20,4.14,0.00,80.00,3.00
130608,358.84,-1.28,-1.92,0.62,0.89,2.21,1.78,2.17,4.14,0.00,80.00,3.00
130637,358.84,-1.28,-1.93,0.66,0.98,2.21,1.82,2.26,4.13,0.00,80.00,3.00
130666,358.86,-1.28,-1.92,0.69,1.02,2.22,1.83,2.30,4.14,0.00,80.00,3.00
130695,358.88,-1.27,-1.92,0.82,1.02,2.26,1.94,2.29,4.18,0.00,80.00,3.00
130732,358.86,-1.26,-1.92,0.89,1.01,2.24,2.03,2.27,4.16,0.00,80.00,3.00
130764,358.87,-1.27,-1.92,0.95,1.01,2.28,2.08,2.28,4.20,0.00,80.00,3.00
130793,358.86,-1.27,-1.92,0.93,1.00,2.31,2.08,2.27,4.23,0.00,80.00,3.00
130831,358.82,-1.27,-1.92,0.87,0.92,2.28,2.05,2.19,4.20,0.00,80.00,3.00
130860,358.91,-1.28,-1.92,0.90,0.94,2.29,1.99,2.22,4.21,0.00,80.00,3.00
130889,358.85,-1.27,-1.91,0.76,0.94,2.30,1.91,2.21,4.21,0.00,80.00,3.00
130918,358.80,-1.27,-1.91,0.77,0.92,2.30,1.96,2.19,4.21,0.00,80.00,3.00
130947,358.79,-1.28,-1.91,0.77,0.92,2.33,1.98,2.20,4.23,0.00,80.00,3.00
130979,358.76,-1.28,-1.91,0.83,0.92,2.34,2.07,2.20,4.25,0.00,80.00,3.00
131008,358.78,-1.27,-1.90,0.78,0.92,2.36,2.00,2.19,4.26,0.00,80.00,3.00
131037,358.79,-1.28,-1.89,0.85,0.88,2.33,2.05,2.16,4.23,0.00,80.00,3.00
131066,358.86,-1.29,-1.89,0.89,0.90,2.40,2.03,2.18,4.29,0.00,80.00,3.00
131095,358.89,-1.29,-1.88,0.87,0.88,2.40,1.98,2.17,4.28,0.00,80.00,3.00
131124,358.88,-1.28,-1.88,0.80,0.92,2.33,1.92,2.20,4.21,0.00,80.00,3.00
131153,358.88,-1.28,-1.88,0.87,0.94,2.32,1.99,2.22,4.19,0.00,80.00,3.00
131185,358.89,-1.28,-1.87,0.87,1.01,2.31,1.98,2.29,4.18,0.00,80.00,3.00
131214,358.91,-1.27,-1.88,0.86,1.01,2.28,1.95,2.28,4.16,0.00,80.00,3.00
131243,359.04,-1.26,-1.87,0.79,1.03,2.26,1.74,2.30,4.14,0.00,80.00,3.00
131272,359.04,-1.27,-1.88,0.77,1.04,2.21,1.74,2.30,4.08,0.00,80.00,3.00
131301,359.04,-1.27,-1.87,0.78,1.03,2.22,1.74,2.30,4.10,0.00,80.00,3.00
131330,359.12,-1.27,-1.87,0.78,0.99,2.22,1.67,2.27,4.09,0.00,80.00,3.00
131359,359.09,-1.27,-1.87,0.79,0.91,2.26,1.70,2.19,4.13,0.00,80.00,3.00
131391,359.10,-1.27,-1.87,0.85,0.91,2.31,1.75,2.18,4.19,0.00,80.00,3.00
131420,359.10,-1.28,-1.88,0.87,0.94,2.36,1.77,2.22,4.23,0.00,80.00,3.00
131449,359.12,-1.27,-1.88,0.86,0.99,2.48,1.74,2.26,4.36,0.00,80.00,3.00
131478,359.20,-1.27,-1.87,0.79,0.99,2.49,1.59,2.27,4.36,0.00,80.00,3.00
131507,359.20,-1.28,-1.86,0.79,0.99,2.47,1.60,2.26,4.34,0.00,80.00,3.00
131536,359.12,-1.28,-1.86,0.76,1.00,2.44,1.64,2.28,4.30,0.00,80.00,3.00
131566,359.14,-1.29,-1.85,0.70,1.03,2.39,1.55,2.32,4.24,0.00,80.00,3.00
131606,359.14,-1.28,-1.86,0.71,0.98,2.39,1.57,2.26,4.25,0.00,80.00,3.00
131635,359.08,-1.29,-1.86,0.69,0.94,2.32,1.61,2.23,4.18,0.00,80.00,3.00
131664,359.07,-1.29,-1.85,0.72,0.97,2.29,1.65,2.26,4.14,0.00,80.00,3.00
131693,359.15,-1.29,-1.86,0.77,0.94,2.34,1.62,2.23,4.20,0.00,80.00,3.00
131722,359.10,-1.30,-1.86,0.82,0.95,2.34,1.73,2.24,4.19,0.00,80.00,3.00
131751,359.13,-1.30,-1.85,0.78,0.88,2.34,1.65,2.17,4.19,0.00,80.00,3.00
131780,359.15,-1.29,-1.85,0.83,0.86,2.31,1.68,2.15,4.16,0.00,80.00,3.00
131812,359.04,-1.30,-1.86,0.89,0.84,2.29,1.85,2.14,4.15,0.00,80.00,3.00
131841,359.02,-1.31,-1.87,0.83,0.84,2.33,1.81,2.15,4.20,0.00,80.00,3.00
131870,359.02,-1.30,-1.87,0.69,0.89,2.31,1.67,2.19,4.18,0.00,80.00,3.00
131899,359.08,-1.30,-1.87,0.76,0.94,2.36,1.68,2.24,4.23,0.00,80.00,3.00
131928,359.12,-1.30,-1.87,0.79,0.96,2.39,1.67,2.26,4.25,0.00,80.00,3.00
131957,359.08,-1.29,-1.87,0.78,0.94,2.38,1.70,2.24,4.25,0.00,80.00,3.00
131986,359.12,-1.30,-1.87,0.87,0.95,2.42,1.75,2.24,4.29,0.00,80.00,3.00
132018,359.13,-1.29,-1.87,0.99,0.95,2.46,1.86,2.24,4.32,0.00,80.00,3.00
132047,359.22,-1.30,-1.87,0.99,0.95,2.47,1.77,2.25,4.33,0.00,80.00,3.00
132076,359.27,-1.30,-1.87,1.03,0.94,2.43,1.76,2.24,4.29,0.00,80.00,3.00
132105,359.32,-1.29,-1.87,0.95,0.95,2.40,1.63,2.24,4.26,0.00,80.00,3.00
132134,359.36,-1.29,-1.87,0.92,0.98,2.39,1.55,2.27,4.25,0.00,80.00,3.00
132163,359.41,-1.30,-1.87,0.79,0.99,2.30,1.38,2.28,4.17,0.00,80.00,3.00
132191,359.41,-1.29,-1.87,0.70,0.95,2.34,1.29,2.24,4.21,0.00,80.00,3.00
132229,359.41,-1.29,-1.87,0.81,0.94,2.35,1.40,2.23,4.22,0.00,80.00,3.00
132258,359.41,-1.29,-1.87,0.82,0.97,2.26,1.41,2.26,4.13,0.00,80.00,3.00
132286,359.48,-1.28,-1.87,0.84,0.95,2.22,1.36,2.23,4.09,0.00,80.00,3.00
132315,359.45,-1.28,-1.87,0.80,0.91,2.18,1.35,2.19,4.05,0.00,80.00,3.00
132362,359.41,-1.28,-1.87,0.80,0.91,2.12,1.39,2.19,3.99,0.00,80.00,3.00
132400,359.43,-1.28,-1.88,0.76,0.94,2.07,1.34,2.22,3.94,0.00,80.00,3.00
132535,359.41,-1.29,-1.88,0.68,0.97,2.16,1.27,2.25,4.03,0.00,80.00,3.00
132727,359.36,-1.29,-1.88,0.51,0.97,2.24,1.16,2.25,4.12,0.00,80.00,3.00
132812,359.35,-1.29,-1.89,0.51,0.95,2.25,1.16,2.24,4.15,0.00,80.00,3.00
132841,359.32,-1.28,-1.89,0.57,1.03,2.31,1.25,2.31,4.21,0.00,80.00,3.00
132870,359.35,-1.28,-1.89,0.67,1.03,2.40,1.33,2.30,4.29,0.00,80.00,3.00
132900,359.32,-1.27,-1.89,0.71,1.04,2.43,1.40,2.31,4.32,0.00,80.00,3.00
132929,359.29,-1.26,-1.89,0.73,1.02,2.39,1.44,2.29,4.28,0.00,80.00,3.00
132958,359.27,-1.26,-1.90,0.83,1.03,2.43,1.56,2.29,4.32,0.00,80.00,3.00
132990,359.25,-1.26,-1.90,0.73,1.03,2.38,1.48,2.29,4.28,0.00,80.00,3.00
133019,359.22,-1.27,-1.91,0.56,1.03,2.28,1.34,2.30,4.19,0.00,80.00,3.00
133049,359.28,-1.27,-1.90,0.74,0.91,2.34,1.46,2.18,4.25,0.00,80.00,3.00
133078,359.20,-1.28,-1.91,0.85,0.94,2.30,1.66,2.22,4.21,0.00,80.00,3.00
133107,359.17,-1.28,-1.89,0.84,0.98,2.30,1.67,2.25,4.20,0.00,80.00,3.00
133136,359.18,-1.28,-1.90,0.94,1.05,2.41,1.75,2.33,4.31,0.00,80.00,3.00
133165,359.16,-1.28,-1.90,0.96,1.07,2.35,1.81,2.36,4.24,0.00,80.00,3.00
133197,359.16,-1.29,-1.89,0.87,1.05,2.26,1.71,2.34,4.16,0.00,80.00,3.00
133227,359.18,-1.29,-1.90,0.73,1.06,2.21,1.56,2.35,4.11,0.00,80.00,3.00
133256,359.15,-1.29,-1.90,0.68,1.00,2.12,1.53,2.29,4.02,0.00,80.00,3.00
133285,359.13,-1.30,-1.90,0.60,0.94,2.13,1.47,2.24,4.03,0.00,80.00,3.00
133314,359.11,-1.29,-1.90,0.55,0.90,2.19,1.45,2.20,4.09,0.00,80.00,3.00
133343,359.07,-1.29,-1.90,0.55,0.89,2.24,1.48,2.18,4.14,0.00,80.00,3.00
133373,359.05,-1.30,-1.90,0.62,0.86,2.25,1.57,2.16,4.16,0.00,80.00,3.00
133405,359.02,-1.30,-1.91,0.65,0.86,2.32,1.63,2.16,4.23,0.00,80.00,3.00
133434,358.99,-1.30,-1.91,0.62,0.91,2.32,1.63,2.22,4.23,0.00,80.00,3.00
133473,358.97,-1.30,-1.90,0.59,0.92,2.37,1.62,2.21,4.27,0.00,80.00,3.00
133502,358.94,-1.31,-1.91,0.65,0.91,2.30,1.71,2.21,4.20,0.00,80.00,3.00
133532,358.91,-1.31,-1.91,0.60,0.88,2.27,1.69,2.19,4.18,0.00,80.00,3.00
133561,358.96,-1.31,-1.91,0.65,0.89,2.33,1.69,2.20,4.25,0.00,80.00,3.00
133590,358.93,-1.30,-1.91,0.62,0.89,2.34,1.69,2.20,4.25,0.00,80.00,3.00
133622,358.88,-1.31,-1.91,0.66,0.88,2.31,1.78,2.19,4.22,0.00,80.00,3.00
133651,358.90,-1.30,-1.91,0.65,0.88,2.28,1.75,2.19,4.20,0.00,80.00,3.00
133681,358.90,-1.31,-1.90,0.59,0.88,2.36,1.68,2.18,4.26,0.00,80.00,3.00
133710,358.95,-1.31,-1.90,0.64,0.88,2.39,1.68,2.19,4.28,0.00,80.00,3.00
133739,358.96,-1.32,-1.90,0.72,0.91,2.38,1.76,2.22,4.28,0.00,80.00,3.00
133768,358.94,-1.31,-1.90,0.67,0.90,2.40,1.73,2.21,4.30,0.00,80.00,3.00
133797,358.92,-1.31,-1.90,0.62,0.91,2.38,1.70,2.22,4.28,0.00,80.00,3.00
133830,358.90,-1.30,-1.89,0.62,0.94,2.33,1.72,2.24,4.23,0.00,80.00,3.00
133859,358.90,-1.31,-1.89,0.66,0.95,2.35,1.77,2.26,4.25,0.00,80.00,3.00
133888,358.86,-1.30,-1.90,0.67,0.98,2.34,1.81,2.28,4.24,0.00,80.00,3.00
133917,358.81,-1.31,-1.90,0.54,0.91,2.41,1.74,2.22,4.30,0.00,80.00,3.00
133946,358.83,-1.31,-1.90,0.62,0.95,2.39,1.79,2.26,4.29,0.00,80.00,3.00
133976,358.80,-1.32,-1.91,0.72,0.89,2.45,1.92,2.21,4.35,0.00,80.00,3.00
134005,358.77,-1.32,-1.90,0.69,0.90,2.44,1.92,2.22,4.35,0.00,80.00,3.00
134037,358.77,-1.32,-1.90,0.53,0.92,2.38,1.77,2.24,4.28,0.00,80.00,3.00
134066,358.81,-1.33,-1.90,0.63,0.91,2.38,1.82,2.24,4.29,0.00,80.00,3.00
134095,358.80,-1.34,-1.90,0.69,0.95,2.31,1.89,2.29,4.21,0.00,80.00,3.00
134125,358.79,-1.34,-1.90,0.63,0.95,2.24,1.84,2.29,4.14,0.00,80.00,3.00
134154,358.83,-1.34,-1.90,0.55,0.98,2.18,1.72,2.31,4.09,0.00,80.00,3.00
134183,358.79,-1.33,-1.91,0.59,1.02,2.23,1.80,2.35,4.14,0.00,80.00,3.00
134212,358.77,-1.33,-1.91,0.59,0.99,2.26,1.81,2.32,4.17,0.00,80.00,3.00
134254,358.79,-1.33,-1.91,0.55,0.98,2.21,1.77,2.30,4.11,0.00,80.00,3.00
134283,358.81,-1.32,-1.90,0.56,0.91,2.26,1.75,2.23,4.16,0.00,80.00,3.00
134321,358.89,-1.32,-1.90,0.54,0.93,2.28,1.65,2.25,4.18,0.00,80.00,3.00
134350,358.85,-1.33,-1.91,0.57,0.89,2.29,1.73,2.22,4.19,0.00,80.00,3.00
134379,358.79,-1.33,-1.91,0.57,0.86,2.22,1.77,2.19,4.13,0.00,80.00,3.00
134408,358.75,-1.33,-1.91,0.58,0.89,2.22,1.83,2.21,4.13,0.00,80.00,3.00
134438,358.75,-1.33,-1.91,0.59,0.90,2.29,1.84,2.23,4.20,0.00,80.00,3.00
134470,358.71,-1.33,-1.91,0.56,0.95,2.30,1.84,2.29,4.22,0.00,80.00,3.00
134499,358.70,-1.34,-1.91,0.65,0.95,2.39,1.95,2.28,4.30,0.00,80.00,3.00
134528,358.67,-1.33,-1.90,0.57,0.97,2.35,1.90,2.30,4.24,0.00,80.00,3.00
134557,358.60,-1.33,-1.89,0.60,0.98,2.35,2.00,2.31,4.24,0.00,80.00,3.00
134586,358.62,-1.33,-1.89,0.73,0.99,2.37,2.11,2.32,4.26,0.00,80.00,3.00
134615,358.67,-1.33,-1.91,0.82,0.98,2.35,2.15,2.31,4.26,0.00,80.00,3.00
134645,358.67,-1.32,-1.90,0.81,0.97,2.32,2.14,2.30,4.22,0.00,80.00,3.00
134677,358.70,-1.32,-1.90,0.94,0.95,2.38,2.24,2.27,4.28,0.00,80.00,3.00
134706,358.69,-1.32,-1.89,0.96,0.95,2.37,2.27,2.27,4.27,0.00,80.00,3.00
134735,358.70,-1.32,-1.89,0.86,0.95,2.32,2.16,2.27,4.22,0.00,80.00,3.00
134765,358.73,-1.31,-1.90,0.72,0.94,2.31,1.99,2.25,4.21,0.00,80.00,3.00
134794,358.78,-1.31,-1.89,0.67,0.93,2.28,1.89,2.24,4.18,0.00,80.00,3.00
134823,358.76,-1.31,-1.90,0.64,0.87,2.34,1.89,2.17,4.24,0.00,80.00,3.00
134852,358.72,-1.31,-1.90,0.63,0.88,2.32,1.91,2.19,4.22,0.00,80.00,3.00
134884,358.71,-1.31,-1.90,0.57,0.90,2.42,1.87,2.21,4.32,0.00,80.00,3.00
134913,358.74,-1.31,-1.90,0.54,0.87,2.49,1.80,2.18,4.39,0.00,80.00,3.00
134942,358.78,-1.31,-1.89,0.54,0.85,2.52,1.76,2.17,4.41,0.00,80.00,3.00
134972,358.78,-1.31,-1.90,0.57,0.93,2.50,1.79,2.24,4.40,0.00,80.00,3.00
135011,358.79,-1.31,-1.89,0.53,0.98,2.42,1.75,2.29,4.31,0.00,80.00,3.00
135040,358.78,-1.31,-1.89,0.47,1.03,2.41,1.69,2.34,4.30,0.00,80.00,3.00
135069,358.75,-1.31,-1.89,0.53,1.10,2.32,1.78,2.41,4.22,0.00,80.00,3.00
135101,358.72,-1.32,-1.90,0.55,1.10,2.33,1.83,2.42,4.22,0.00,80.00,3.00
135130,358.76,-1.32,-1.90,0.54,1.13,2.34,1.78,2.46,4.25,0.00,80.00,3.00
135159,358.77,-1.32,-1.90,0.63,1.09,2.34,1.85,2.41,4.25,0.00,80.00,3.00
135188,358.80,-1.31,-1.91,0.69,1.07,2.42,1.90,2.38,4.32,0.00,80.00,3.00
135217,358.76,-1.31,-1.91,0.82,1.02,2.35,2.07,2.33,4.25,0.00,80.00,3.00
135247,358.72,-1.31,-1.91,0.89,1.01,2.34,2.17,2.32,4.25,0.00,80.00,3.00
135276,358.69,-1.31,-1.90,0.89,1.01,2.29,2.20,2.32,4.19,0.00,80.00,3.00
135308,358.68,-1.32,-1.90,0.82,0.97,2.25,2.14,2.28,4.15,0.00,80.00,3.00
135337,358.66,-1.31,-1.90,0.76,0.97,2.16,2.10,2.29,4.06,0.00,80.00,3.00
135366,358.65,-1.31,-1.90,0.69,0.96,2.22,2.04,2.28,4.12,0.00,80.00,3.00
135395,358.65,-1.31,-1.89,0.72,0.95,2.20,2.08,2.26,4.09,0.00,80.00,3.00
135424,358.71,-1.30,-1.89,0.80,0.96,2.22,2.09,2.27,4.11,0.00,80.00,3.00
135454,358.66,-1.30,-1.89,0.78,0.93,2.22,2.12,2.24,4.10,0.00,80.00,3.00
135483,358.70,-1.30,-1.88,0.81,0.98,2.31,2.12,2.27,4.18,0.00,80.00,3.00
135515,358.69,-1.30,-1.88,0.78,0.94,2.31,2.09,2.24,4.19,0.00,80.00,3.00
135544,358.71,-1.29,-1.88,0.73,0.93,2.32,2.02,2.22,4.20,0.00,80.00,3.00
135573,358.64,-1.28,-1.90,0.70,0.89,2.37,2.05,2.17,4.27,0.00,80.00,3.00
135602,358.63,-1.28,-1.90,0.72,0.86,2.35,2.09,2.14,4.25,0.00,80.00,3.00
135631,358.61,-1.28,-1.90,0.71,0.88,2.38,2.09,2.16,4.28,0.00,80.00,3.00
135660,358.55,-1.28,-1.89,0.69,0.83,2.29,2.15,2.11,4.18,0.00,80.00,3.00
135689,358.60,-1.29,-1.88,0.73,0.85,2.32,2.12,2.14,4.20,0.00,80.00,3.00
135721,358.62,-1.28,-1.88,0.72,0.87,2.34,2.10,2.15,4.23,0.00,80.00,3.00
135761,358.66,-1.28,-1.89,0.72,0.92,2.31,2.07,2.20,4.20,0.00,80.00,3.00
135790,358.62,-1.28,-1.89,0.69,0.93,2.42,2.07,2.21,4.31,0.00,80.00,3.00
135819,358.54,-1.28,-1.88,0.71,0.97,2.38,2.17,2.25,4.26,0.00,80.00,3.00
135848,358.57,-1.29,-1.88,0.73,1.01,2.39,2.16,2.30,4.26,0.00,80.00,3.00
135877,358.63,-1.29,-1.88,0.73,1.05,2.37,2.10,2.33,4.25,0.00,80.00,3.00
135906,358.66,-1.29,-1.87,0.71,1.07,2.39,2.05,2.36,4.26,0.00,80.00,3.00
135947,358.63,-1.29,-1.87,0.76,1.01,2.38,2.13,2.30,4.24,0.00,80.00,3.00
135976,358.70,-1.28,-1.87,0.75,1.02,2.33,2.05,2.30,4.20,0.00,80.00,3.00
136005,358.71,-1.28,-1.87,0.75,1.01,2.36,2.04,2.29,4.23,0.00,80.00,3.00
136034,358.74,-1.28,-1.88,0.72,1.01,2.43,1.98,2.29,4.31,0.00,80.00,3.00
136063,358.79,-1.28,-1.88,0.80,0.97,2.34,2.01,2.24,4.22,0.00,80.00,3.00
136092,358.81,-1.27,-1.88,0.76,0.96,2.36,1.95,2.23,4.24,0.00,80.00,3.00
136121,358.86,-1.27,-1.88,0.70,0.99,2.39,1.84,2.26,4.27,0.00,80.00,3.00
136153,358.83,-1.27,-1.88,0.70,0.96,2.43,1.87,2.23,4.31,0.00,80.00,3.00
136182,358.83,-1.27,-1.88,0.67,0.98,2.38,1.84,2.24,4.26,0.00,80.00,3.00
136211,358.88,-1.27,-1.89,0.59,0.90,2.42,1.71,2.16,4.30,0.00,80.00,3.00
136241,358.88,-1.27,-1.88,0.57,0.94,2.46,1.69,2.20,4.34,0.00,80.00,3.00
136270,358.89,-1.26,-1.87,0.59,0.94,2.43,1.70,2.20,4.30,0.00,80.00,3.00
136299,358.89,-1.26,-1.87,0.58,0.87,2.49,1.69,2.13,4.36,0.00,80.00,3.00
136328,358.92,-1.26,-1.87,0.59,0.81,2.48,1.66,2.08,4.35,0.00,80.00,3.00
136360,358.99,-1.25,-1.87,0.66,0.82,2.40,1.67,2.07,4.27,0.00,80.00,3.00
136389,359.02,-1.24,-1.87,0.68,0.84,2.40,1.66,2.07,4.27,0.00,80.00,3.00
136418,359.03,-1.23,-1.87,0.68,0.81,2.40,1.65,2.04,4.27,0.00,80.00,3.00
136447,359.02,-1.23,-1.88,0.71,0.87,2.34,1.69,2.10,4.22,0.00,80.00,3.00
136476,359.02,-1.23,-1.87,0.71,0.92,2.25,1.69,2.16,4.12,0.00,80.00,3.00
136515,359.06,-1.24,-1.87,0.74,1.03,2.29,1.68,2.27,4.16,0.00,80.00,3.00
136544,359.08,-1.23,-1.87,0.71,1.06,2.31,1.63,2.30,4.18,0.00,80.00,3.00
136576,359.12,-1.23,-1.87,0.74,1.07,2.26,1.62,2.30,4.13,0.00,80.00,3.00
136605,359.15,-1.24,-1.87,0.69,1.12,2.26,1.54,2.35,4.13,0.00,80.00,3.00
136634,359.14,-1.24,-1.87,0.64,1.12,2.30,1.50,2.35,4.17,0.00,80.00,3.00
136663,359.16,-1.24,-1.87,0.63,1.10,2.37,1.47,2.33,4.24,0.00,80.00,3.00
136693,359.08,-1.24,-1.87,0.60,1.08,2.37,1.53,2.32,4.25,0.00,80.00,3.00
136722,359.07,-1.23,-1.88,0.61,1.06,2.42,1.55,2.30,4.30,0.00,80.00,3.00
136751,359.13,-1.23,-1.88,0.64,1.05,2.42,1.51,2.29,4.30,0.00,80.00,3.00
136783,359.18,-1.24,-1.88,0.64,1.02,2.42,1.46,2.25,4.30,0.00,80.00,3.00
136812,359.07,-1.23,-1.88,0.67,1.03,2.34,1.61,2.26,4.22,0.00,80.00,3.00
136841,359.04,-1.24,-1.89,0.65,0.96,2.23,1.61,2.20,4.11,0.00,80.00,3.00
136870,359.04,-1.24,-1.89,0.64,0.98,2.22,1.60,2.21,4.11,0.00,80.00,3.00
136899,359.06,-1.24,-1.90,0.56,0.96,2.24,1.50,2.20,4.14,0.00,80.00,3.00
136928,358.99,-1.24,-1.90,0.49,0.92,2.15,1.50,2.16,4.05,0.00,80.00,3.00
136957,358.99,-1.24,-1.90,0.47,0.93,2.23,1.48,2.17,4.13,0.00,80.00,3.00
136989,358.97,-1.24,-1.91,0.48,0.96,2.29,1.51,2.20,4.20,0.00,80.00,3.00
137019,358.92,-1.23,-1.91,0.49,0.97,2.29,1.56,2.21,4.21,0.00,80.00,3.00
137048,358.89,-1.23,-1.91,0.55,0.95,2.32,1.66,2.18,4.23,0.00,80.00,3.00
137077,358.88,-1.23,-1.90,0.65,0.97,2.36,1.77,2.20,4.26,0.00,80.00,3.00
137106,358.88,-1.23,-1.90,0.63,0.96,2.39,1.75,2.19,4.29,0.00,80.00,3.00
137135,358.89,-1.22,-1.90,0.62,0.94,2.39,1.73,2.16,4.29,0.00,80.00,3.00
137164,358.91,-1.21,-1.91,0.63,0.90,2.38,1.72,2.11,4.29,0.00,80.00,3.00
137196,358.86,-1.22,-1.91,0.54,0.90,2.33,1.68,2.12,4.24,0.00,80.00,3.00
137225,358.83,-1.23,-1.90,0.50,0.95,2.29,1.67,2.17,4.20,0.00,80.00,3.00
137264,358.75,-1.23,-1.90,0.54,0.93,2.30,1.79,2.16,4.20,0.00,80.00,3.00
137293,358.80,-1.23,-1.90,0.65,0.95,2.25,1.85,2.18,4.15,0.00,80.00,3.00
137322,358.90,-1.23,-1.90,0.66,0.95,2.28,1.77,2.17,4.19,0.00,80.00,3.00
137351,358.89,-1.22,-1.90,0.82,0.93,2.33,1.92,2.15,4.23,0.00,80.00,3.00
137380,358.83,-1.21,-1.90,0.88,0.90,2.33,2.05,2.12,4.24,0.00,80.00,3.00
137412,358.88,-1.22,-1.90,0.89,0.88,2.33,2.02,2.09,4.24,0.00,80.00,3.00
137442,358.90,-1.22,-1.91,0.84,0.90,2.43,1.94,2.12,4.34,0.00,80.00,3.00
137471,358.85,-1.22,-1.90,0.84,0.88,2.41,1.99,2.11,4.31,0.00,80.00,3.00
137500,358.84,-1.22,-1.90,0.83,0.93,2.39,1.99,2.15,4.29,0.00,80.00,3.00
137529,358.79,-1.23,-1.90,0.68,0.94,2.45,1.89,2.17,4.34,0.00,80.00,3.00
137558,358.74,-1.23,-1.89,0.65,0.96,2.45,1.91,2.18,4.35,0.00,80.00,3.00
137595,358.71,-1.23,-1.89,0.64,0.92,2.33,1.93,2.15,4.23,0.00,80.00,3.00
137627,358.68,-1.23,-1.89,0.59,0.91,2.30,1.92,2.13,4.19,0.00,80.00,3.00
137657,358.66,-1.23,-1.89,0.69,0.88,2.33,2.02,2.11,4.22,0.00,80.00,3.00
137686,358.74,-1.23,-1.89,0.73,0.91,2.38,1.99,2.14,4.26,0.00,80.00,3.00
137715,358.69,-1.23,-1.89,0.74,0.94,2.39,2.05,2.17,4.29,0.00,80.00,3.00
137744,358.63,-1.24,-1.90,0.74,0.95,2.39,2.11,2.19,4.28,0.00,80.00,3.00
137773,358.60,-1.25,-1.90,0.71,0.97,2.43,2.11,2.21,4.34,0.00,80.00,3.00
137802,358.53,-1.25,-1.90,0.69,1.02,2.36,2.16,2.26,4.26,0.00,80.00,3.00
137834,358.51,-1.24,-1.90,0.65,1.02,2.33,2.14,2.27,4.23,0.00,80.00,3.00
137863,358.49,-1.25,-1.90,0.67,1.02,2.31,2.19,2.27,4.21,0.00,80.00,3.00
137892,358.43,-1.26,-1.89,0.73,1.04,2.39,2.29,2.30,4.28,0.00,80.00,3.00
137921,358.43,-1.26,-1.89,0.76,1.01,2.40,2.33,2.27,4.29,0.00,80.00,3.00
137950,358.43,-1.25,-1.89,0.85,1.00,2.48,2.42,2.26,4.37,0.00,80.00,3.00
137979,358.39,-1.25,-1.89,0.92,1.02,2.53,2.53,2.27,4.43,0.00,80.00,3.00
138008,358.33,-1.24,-1.90,0.87,1.02,2.47,2.54,2.26,4.37,0.00,80.00,3.00
138050,358.29,-1.24,-1.90,0.83,0.99,2.47,2.54,2.24,4.37,0.00,80.00,3.00
138079,358.25,-1.24,-1.91,0.81,0.94,2.45,2.56,2.18,4.35,0.00,80.00,3.00
138108,358.24,-1.23,-1.90,0.79,0.94,2.40,2.55,2.17,4.30,0.00,80.00,3.00
138137,358.26,-1.23,-1.90,0.66,0.88,2.41,2.40,2.11,4.30,0.00,80.00,3.00
138166,358.21,-1.23,-1.90,0.64,0.82,2.35,2.44,2.05,4.25,0.00,80.00,3.00
138196,358.24,-1.23,-1.89,0.75,0.79,2.37,2.50,2.02,4.26,0.00,80.00,3.00
138225,358.24,-1.23,-1.89,0.81,0.84,2.32,2.57,2.07,4.21,0.00,80.00,3.00
138257,358.20,-1.23,-1.89,0.76,0.84,2.35,2.56,2.07,4.24,0.00,80.00,3.00
138286,358.16,-1.22,-1.90,0.78,0.90,2.35,2.63,2.12,4.25,0.00,80.00,3.00
138315,358.21,-1.22,-1.90,0.77,0.93,2.38,2.57,2.15,4.27,0.00,80.00,3.00
138344,358.21,-1.23,-1.89,0.73,0.96,2.40,2.51,2.18,4.29,0.00,80.00,3.00
138373,358.23,-1.23,-1.90,0.72,0.87,2.42,2.49,2.09,4.32,0.00,80.00,3.00
138402,358.22,-1.23,-1.90,0.74,0.89,2.36,2.52,2.12,4.26,0.00,80.00,3.00
138431,358.18,-1.23,-1.89,0.84,0.88,2.34,2.66,2.11,4.23,0.00,80.00,3.00
138463,358.13,-1.24,-1.89,0.92,0.91,2.42,2.78,2.15,4.31,0.00,80.00,3.00
138492,358.13,-1.23,-1.89,0.89,0.91,2.48,2.77,2.15,4.37,0.00,80.00,3.00
138521,358.17,-1.23,-1.89,0.91,0.95,2.45,2.74,2.18,4.34,0.00,80.00,3.00
138551,358.18,-1.24,-1.89,0.92,0.98,2.43,2.73,2.22,4.32,0.00,80.00,3.00
138580,358.24,-1.25,-1.89,0.87,0.97,2.42,2.63,2.22,4.31,0.00,80.00,3.00
138609,358.17,-1.25,-1.89,0.83,1.00,2.39,2.66,2.25,4.28,0.00,80.00,3.00
138638,358.13,-1.26,-1.90,0.84,0.98,2.32,2.71,2.23,4.21,0.00,80.00,3.00
138670,358.19,-1.27,-1.90,0.86,0.95,2.28,2.67,2.21,4.18,0.00,80.00,3.00
138699,358.20,-1.26,-1.89,0.84,0.94,2.34,2.64,2.20,4.24,0.00,80.00,3.00
138728,358.15,-1.27,-1.90,0.80,0.96,2.31,2.65,2.22,4.21,0.00,80.00,3.00
138757,358.24,-1.26,-1.90,0.86,0.93,2.35,2.62,2.19,4.25,0.00,80.00,3.00
138796,358.20,-1.26,-1.91,0.87,0.91,2.33,2.66,2.17,4.24,0.00,80.00,3.00
138825,358.15,-1.26,-1.91,0.79,0.92,2.36,2.64,2.18,4.27,0.00,80.00,3.00
138854,358.16,-1.26,-1.91,0.76,0.91,2.33,2.59,2.17,4.24,0.00,80.00,3.00
138886,358.19,-1.26,-1.91,0.78,0.91,2.33,2.60,2.17,4.24,0.00,80.00,3.00
138915,358.16,-1.26,-1.91,0.80,0.89,2.31,2.64,2.15,4.22,0.00,80.00,3.00
138944,358.17,-1.26,-1.91,0.75,0.94,2.30,2.58,2.21,4.21,0.00,80.00,3.00
138973,358.15,-1.26,-1.91,0.77,0.96,2.30,2.61,2.22,4.21,0.00,80.00,3.00
139002,358.19,-1.26,-1.91,0.83,1.00,2.30,2.64,2.26,4.21,0.00,80.00,3.00
139031,358.25,-1.26,-1.91,0.81,1.01,2.28,2.56,2.26,4.18,0.00,80.00,3.00
139060,358.26,-1.26,-1.91,0.81,0.99,2.27,2.55,2.25,4.17,0.00,80.00,3.00
139092,358.29,-1.27,-1.91,0.66,1.02,2.25,2.37,2.28,4.16,0.00,80.00,3.00
139121,358.30,-1.27,-1.90,0.67,1.01,2.32,2.37,2.28,4.22,0.00,80.00,3.00
139150,358.33,-1.27,-1.91,0.69,0.96,2.33,2.37,2.23,4.24,0.00,80.00,3.00
139179,358.24,-1.26,-1.91,0.63,0.96,2.32,2.39,2.22,4.23,0.00,80.00,3.00
139207,358.29,-1.26,-1.91,0.70,0.91,2.30,2.41,2.17,4.21,0.00,80.00,3.00
139245,358.32,-1.26,-1.91,0.76,0.94,2.38,2.45,2.20,4.29,0.00,80.00,3.00
139274,358.31,-1.25,-1.91,0.84,0.94,2.34,2.53,2.19,4.25,0.00,80.00,3.00
139305,358.39,-1.25,-1.91,0.83,0.91,2.26,2.44,2.16,4.17,0.00,80.00,3.00
139334,358.40,-1.25,-1.91,0.78,0.91,2.24,2.38,2.16,4.15,0.00,80.00,3.00
139363,358.44,-1.25,-1.91,0.66,0.96,2.17,2.22,2.21,4.08,0.00,80.00,3.00
139392,358.42,-1.26,-1.92,0.59,1.00,2.11,2.17,2.26,4.03,0.00,80.00,3.00
139420,358.41,-1.26,-1.91,0.59,0.98,2.15,2.17,2.24,4.06,0.00,80.00,3.00
139449,358.40,-1.27,-1.91,0.67,0.98,2.16,2.27,2.24,4.08,0.00,80.00,3.00
139478,358.42,-1.27,-1.91,0.76,0.96,2.19,2.34,2.23,4.10,0.00,80.00,3.00
139510,358.50,-1.27,-1.91,0.76,0.88,2.17,2.26,2.16,4.08,0.00,80.00,3.00
139549,358.58,-1.27,-1.91,0.84,0.88,2.24,2.26,2.15,4.15,0.00,80.00,3.00
139579,358.56,-1.27,-1.91,0.84,0.86,2.20,2.28,2.13,4.10,0.00,80.00,3.00
139608,358.52,-1.26,-1.91,0.81,0.87,2.18,2.29,2.13,4.09,0.00,80.00,3.00
139637,358.48,-1.27,-1.91,0.71,0.91,2.23,2.22,2.18,4.15,0.00,80.00,3.00
139666,358.50,-1.27,-1.91,0.67,0.99,2.22,2.17,2.26,4.12,0.00,80.00,3.00
139695,358.51,-1.25,-1.91,0.69,1.02,2.28,2.17,2.27,4.19,0.00,80.00,3.00
139727,358.52,-1.26,-1.91,0.73,1.04,2.31,2.21,2.29,4.22,0.00,80.00,3.00
139757,358.50,-1.26,-1.91,0.75,1.03,2.36,2.24,2.29,4.27,0.00,80.00,3.00
139786,358.53,-1.26,-1.90,0.80,1.03,2.45,2.27,2.29,4.35,0.00,80.00,3.00
139815,358.67,-1.26,-1.91,0.73,1.02,2.37,2.06,2.28,4.28,0.00,80.00,3.00
139844,358.71,-1.26,-1.91,0.70,1.02,2.34,1.99,2.28,4.25,0.00,80.00,3.00
139873,358.72,-1.26,-1.90,0.67,1.01,2.34,1.95,2.27,4.24,0.00,80.00,3.00
139903,358.71,-1.26,-1.90,0.71,1.05,2.36,1.99,2.30,4.25,0.00,80.00,3.00
139935,358.79,-1.25,-1.91,0.64,1.03,2.28,1.86,2.28,4.19,0.00,80.00,3.00
139964,358.86,-1.25,-1.91,0.53,0.99,2.27,1.67,2.24,4.18,0.00,80.00,3.00
139993,358.86,-1.25,-1.91,0.61,0.95,2.30,1.75,2.20,4.20,0.00,80.00,3.00
140023,358.91,-1.25,-1.91,0.71,0.92,2.29,1.79,2.17,4.19,0.00,80.00,3.00
140052,358.89,-1.25,-1.91,0.73,0.89,2.27,1.83,2.14,4.18,0.00,80.00,3.00
140081,358.84,-1.26,-1.91,0.72,0.85,2.26,1.88,2.11,4.17,0.00,80.00,3.00
140110,358.89,-1.26,-1.92,0.79,0.90,2.29,1.90,2.16,4.21,0.00,80.00,3.00
140142,358.97,-1.26,-1.92,0.82,0.93,2.28,1.85,2.19,4.20,0.00,80.00,3.00
140172,358.93,-1.25,-1.92,0.84,0.93,2.27,1.92,2.18,4.18,0.00,80.00,3.00
140201,358.91,-1.25,-1.92,0.72,0.96,2.28,1.80,2.21,4.19,0.00,80.00,3.00
140230,358.94,-1.25,-1.91,0.68,0.98,2.22,1.74,2.22,4.13,0.00,80.00,3.00
140259,358.93,-1.25,-1.91,0.67,0.96,2.20,1.74,2.21,4.11,0.00,80.00,3.00
140299,358.97,-1.25,-1.91,0.63,0.89,2.19,1.66,2.14,4.09,0.00,80.00,3.00
140328,358.93,-1.25,-1.91,0.58,0.89,2.26,1.65,2.14,4.17,0.00,80.00,3.00
140360,358.96,-1.25,-1.91,0.55,0.88,2.29,1.60,2.13,4.20,0.00,80.00,3.00
140389,358.94,-1.26,-1.91,0.61,0.83,2.34,1.68,2.09,4.25,0.00,80.00,3.00
140418,359.01,-1.25,-1.91,0.65,0.83,2.43,1.64,2.08,4.34,0.00,80.00,3.00
140448,358.99,-1.25,-1.92,0.61,0.84,2.41,1.62,2.09,4.32,0.00,80.00,3.00
140477,359.08,-1.25,-1.93,0.67,0.90,2.37,1.59,2.15,4.29,0.00,80.00,3.00
140506,359.03,-1.25,-1.93,0.77,0.95,2.30,1.74,2.20,4.23,0.00,80.00,3.00
140535,359.05,-1.25,-1.94,0.81,0.95,2.27,1.76,2.20,4.21,0.00,80.00,3.00
140567,359.04,-1.25,-1.94,0.76,0.98,2.24,1.73,2.23,4.17,0.00,80.00,3.00
140597,359.06,-1.24,-1.94,0.79,0.91,2.22,1.73,2.15,4.16,0.00,80.00,3.00
140626,359.08,-1.25,-1.94,0.83,0.92,2.31,1.76,2.17,4.25,0.00,80.00,3.00
140655,359.08,-1.25,-1.93,0.93,0.91,2.35,1.85,2.17,4.29,0.00,80.00,3.00
140684,359.14,-1.26,-1.93,0.86,0.93,2.36,1.72,2.20,4.29,0.00,80.00,3.00
140714,359.10,-1.27,-1.93,0.76,0.94,2.40,1.65,2.21,4.33,0.00,80.00,3.00
140743,359.12,-1.28,-1.93,0.82,0.98,2.42,1.70,2.26,4.35,0.00,80.00,3.00
140775,359.12,-1.28,-1.93,0.83,1.01,2.44,1.70,2.29,4.37,0.00,80.00,3.00
140804,359.10,-1.28,-1.92,0.80,0.98,2.36,1.70,2.26,4.29,0.00,80.00,3.00
140833,359.10,-1.28,-1.93,0.82,0.97,2.37,1.72,2.25,4.30,0.00,80.00,3.00
140871,359.12,-1.28,-1.93,0.94,0.89,2.36,1.82,2.17,4.29,0.00,80.00,3.00
140900,359.19,-1.27,-1.93,0.97,0.87,2.32,1.78,2.14,4.25,0.00,80.00,3.00
140929,359.19,-1.28,-1.93,0.95,0.85,2.27,1.76,2.13,4.21,0.00,80.00,3.00
140958,359.21,-1.27,-1.93,0.94,0.81,2.22,1.73,2.08,4.16,0.00,80.00,3.00
140990,359.28,-1.27,-1.93,0.90,0.81,2.32,1.62,2.08,4.25,0.00,80.00,3.00
141030,359.26,-1.26,-1.93,0.88,0.78,2.29,1.61,2.04,4.22,0.00,80.00,3.00
141059,359.24,-1.25,-1.93,0.97,0.87,2.26,1.73,2.12,4.19,0.00,80.00,3.00
141088,359.26,-1.26,-1.94,0.98,0.86,2.29,1.72,2.12,4.22,0.00,80.00,3.00
141117,359.27,-1.25,-1.94,1.01,0.88,2.31,1.74,2.14,4.25,0.00,80.00,3.00
141146,359.26,-1.25,-1.94,1.01,0.93,2.34,1.75,2.18,4.27,0.00,80.00,3.00
141175,359.29,-1.26,-1.93,0.97,0.97,2.25,1.69,2.23,4.19,0.00,80.00,3.00
141208,359.29,-1.27,-1.93,0.94,0.96,2.32,1.65,2.23,4.25,0.00,80.00,3.00
141237,359.24,-1.28,-1.93,0.91,0.98,2.36,1.67,2.25,4.29,0.00,80.00,3.00
141266,359.31,-1.28,-1.92,0.81,0.96,2.35,1.50,2.24,4.27,0.00,80.00,3.00
141295,359.30,-1.28,-1.92,0.73,0.93,2.33,1.42,2.21,4.26,0.00,80.00,3.00
141324,359.24,-1.29,-1.92,0.75,0.95,2.35,1.51,2.23,4.27,0.00,80.00,3.00
141353,359.21,-1.29,-1.93,0.72,0.97,2.37,1.51,2.26,4.29,0.00,80.00,3.00
141383,359.19,-1.28,-1.93,0.66,0.95,2.36,1.46,2.23,4.28,0.00,80.00,3.00
141410,359.18,-1.29,-1.92,0.70,0.94,2.35,1.52,2.22,4.27,0.00,80.00,3.00
141439,359.20,-1.28,-1.92,0.85,0.96,2.28,1.65,2.24,4.19,0.00,80.00,3.00
141468,359.27,-1.28,-1.91,0.87,0.95,2.34,1.60,2.23,4.25,0.00,80.00,3.00
141498,359.32,-1.28,-1.90,0.81,0.95,2.36,1.49,2.23,4.26,0.00,80.00,3.00
141527,359.26,-1.28,-1.90,0.86,0.95,2.37,1.60,2.22,4.27,0.00,80.00,3.00
141556,359.28,-1.27,-1.90,0.83,0.96,2.32,1.55,2.23,4.22,0.00,80.00,3.00
141585,359.27,-1.27,-1.90,0.73,0.96,2.38,1.46,2.23,4.28,0.00,80.00,3.00
141614,359.31,-1.27,-1.89,0.69,1.02,2.34,1.37,2.28,4.22,0.00,80.00,3.00
141647,359.29,-1.26,-1.88,0.66,1.02,2.28,1.37,2.28,4.17,0.00,80.00,3.00
141676,359.32,-1.27,-1.88,0.63,0.98,2.22,1.30,2.25,4.10,0.00,80.00,3.00
141705,359.27,-1.26,-1.88,0.57,0.95,2.27,1.30,2.21,4.15,0.00,80.00,3.00
141734,359.31,-1.26,-1.88,0.59,0.95,2.30,1.28,2.22,4.18,0.00,80.00,3.00
141763,359.27,-1.28,-1.88,0.62,0.95,2.35,1.35,2.23,4.22,0.00,80.00,3.00
141856,359.26,-1.29,-1.89,0.65,0.88,2.41,1.38,2.17,4.30,0.00,80.00,3.00
141990,359.27,-1.29,-1.89,0.62,0.85,2.43,1.36,2.14,4.32,0.00,80.00,3.00
142186,359.28,-1.28,-1.89,0.62,0.82,2.43,1.33,2.11,4.32,0.00,80.00,3.00
142215,359.30,-1.28,-1.88,0.62,0.85,2.41,1.32,2.13,4.29,0.00,80.00,3.00
142244,359.22,-1.29,-1.89,0.58,0.80,2.48,1.36,2.09,4.37,0.00,80.00,3.00
142273,359.24,-1.29,-1.88,0.60,0.80,2.47,1.36,2.09,4.36,0.00,80.00,3.00
142302,359.17,-1.29,-1.88,0.64,0.81,2.39,1.47,2.10,4.27,0.00,80.00,3.00
142332,359.22,-1.29,-1.88,0.77,0.83,2.38,1.55,2.12,4.26,0.00,80.00,3.00
142361,359.23,-1.29,-1.87,0.79,0.84,2.40,1.57,2.13,4.27,0.00,80.00,3.00
142393,359.30,-1.30,-1.88,0.76,0.86,2.28,1.45,2.16,4.16,0.00,80.00,3.00
142422,359.25,-1.30,-1.88,0.61,0.83,2.42,1.36,2.13,4.30,0.00,80.00,3.00
142451,359.20,-1.29,-1.88,0.75,0.97,2.30,1.55,2.26,4.18,0.00,80.00,3.00
142480,359.16,-1.28,-1.88,0.68,0.96,2.31,1.52,2.25,4.19,0.00,80.00,3.00
142509,359.14,-1.27,-1.89,0.64,0.89,2.35,1.50,2.17,4.23,0.00,80.00,3.00
142539,359.17,-1.27,-1.89,0.59,0.95,2.36,1.42,2.22,4.25,0.00,80.00,3.00
142568,359.16,-1.27,-1.89,0.61,0.92,2.38,1.44,2.19,4.27,0.00,80.00,3.00
142600,359.21,-1.27,-1.89,0.71,0.93,2.39,1.51,2.20,4.28,0.00,80.00,3.00
142629,359.21,-1.26,-1.89,0.72,0.93,2.46,1.51,2.19,4.35,0.00,80.00,3.00
142658,359.16,-1.26,-1.89,0.80,0.99,2.42,1.65,2.25,4.31,0.00,80.00,3.00
142687,359.10,-1.26,-1.89,0.76,0.99,2.41,1.66,2.24,4.30,0.00,80.00,3.00
142717,359.06,-1.26,-1.88,0.69,0.93,2.40,1.63,2.19,4.28,0.00,80.00,3.00
142746,359.03,-1.26,-1.88,0.62,0.95,2.35,1.59,2.21,4.24,0.00,80.00,3.00
142775,359.08,-1.26,-1.88,0.58,0.97,2.32,1.50,2.23,4.20,0.00,80.00,3.00
142807,359.06,-1.26,-1.88,0.53,0.96,2.22,1.48,2.22,4.10,0.00,80.00,3.00
142855,358.99,-1.27,-1.88,0.54,0.94,2.21,1.55,2.21,4.10,0.00,80.00,3.00
142884,359.01,-1.27,-1.88,0.59,0.91,2.19,1.58,2.18,4.07,0.00,80.00,3.00
142913,358.95,-1.27,-1.88,0.58,0.94,2.26,1.63,2.21,4.14,0.00,80.00,3.00
142942,358.95,-1.28,-1.89,0.56,0.96,2.29,1.60,2.23,4.17,0.00,80.00,3.00
142971,359.01,-1.27,-1.89,0.66,0.98,2.27,1.64,2.25,4.16,0.00,80.00,3.00
143000,359.02,-1.27,-1.89,0.70,0.95,2.32,1.68,2.22,4.21,0.00,80.00,3.00
143032,359.00,-1.27,-1.88,0.64,0.97,2.33,1.65,2.23,4.21,0.00,80.00,3.00
143061,358.99,-1.27,-1.89,0.68,1.01,2.30,1.69,2.27,4.20,0.00,80.00,3.00
143090,358.93,-1.26,-1.90,0.66,0.97,2.29,1.73,2.23,4.18,0.00,80.00,3.00
143119,358.91,-1.26,-1.90,0.63,0.90,2.39,1.72,2.16,4.29,0.00,80.00,3.00
143149,358.97,-1.26,-1.89,0.66,0.94,2.41,1.69,2.20,4.30,0.00,80.00,3.00
143178,358.97,-1.25,-1.88,0.75,0.96,2.41,1.77,2.22,4.29,0.00,80.00,3.00
143207,359.04,-1.25,-1.88,0.75,0.95,2.41,1.71,2.20,4.29,0.00,80.00,3.00
143239,359.04,-1.25,-1.89,0.84,0.94,2.37,1.80,2.19,4.26,0.00,80.00,3.00
143268,359.07,-1.25,-1.89,0.94,0.96,2.37,1.87,2.20,4.27,0.00,80.00,3.00
143297,359.05,-1.25,-1.89,0.93,0.95,2.36,1.88,2.19,4.25,0.00,80.00,3.00
143326,359.00,-1.25,-1.89,0.87,0.96,2.34,1.87,2.21,4.23,0.00,80.00,3.00
143355,359.01,-1.26,-1.90,0.87,0.95,2.38,1.86,2.21,4.27,0.00,80.00,3.00
143384,359.02,-1.25,-1.90,0.82,1.00,2.39,1.80,2.25,4.29,0.00,80.00,3.00
143414,359.04,-1.26,-1.90,0.80,1.04,2.35,1.77,2.30,4.25,0.00,80.00,3.00
143446,359.03,-1.25,-1.90,0.77,0.98,2.30,1.74,2.24,4.20,0.00,80.00,3.00
143475,359.02,-1.26,-1.90,0.81,0.96,2.24,1.78,2.22,4.14,0.00,80.00,3.00
143504,359.00,-1.25,-1.91,0.77,0.94,2.28,1.76,2.19,4.18,0.00,80.00,3.00
143533,359.09,-1.26,-1.91,0.81,0.91,2.32,1.72,2.17,4.22,0.00,80.00,3.00
143562,359.15,-1.25,-1.91,0.88,0.86,2.31,1.72,2.11,4.22,0.00,80.00,3.00
143602,359.19,-1.24,-1.91,0.88,0.87,2.35,1.69,2.12,4.26,0.00,80.00,3.00
143631,359.23,-1.23,-1.91,0.88,0.86,2.44,1.65,2.10,4.35,0.00,80.00,3.00
143663,359.24,-1.23,-1.91,0.83,0.85,2.43,1.59,2.08,4.34,0.00,80.00,3.00
143692,359.19,-1.22,-1.91,0.94,0.84,2.48,1.75,2.06,4.38,0.00,80.00,3.00
143722,359.15,-1.22,-1.91,0.94,0.86,2.46,1.78,2.08,4.38,0.00,80.00,3.00
143751,359.19,-1.22,-1.91,0.88,0.90,2.50,1.69,2.12,4.42,0.00,80.00,3.00
143780,359.21,-1.22,-1.92,0.86,0.86,2.44,1.65,2.08,4.36,0.00,80.00,3.00
143809,359.24,-1.21,-1.91,0.86,0.87,2.41,1.61,2.08,4.32,0.00,80.00,3.00
143838,359.26,-1.21,-1.91,0.78,0.89,2.38,1.53,2.10,4.29,0.00,80.00,3.00
143871,359.23,-1.21,-1.91,0.73,0.88,2.33,1.50,2.09,4.24,0.00,80.00,3.00
143900,359.19,-1.21,-1.91,0.71,0.85,2.30,1.53,2.06,4.20,0.00,80.00,3.00
143929,359.24,-1.21,-1.91,0.74,0.89,2.31,1.50,2.10,4.22,0.00,80.00,3.00
143958,359.28,-1.21,-1.91,0.78,0.89,2.24,1.50,2.10,4.15,0.00,80.00,3.00
143987,359.24,-1.22,-1.91,0.77,0.92,2.22,1.53,2.14,4.13,0.00,80.00,3.00
144017,359.21,-1.22,-1.91,0.74,0.93,2.18,1.53,2.15,4.09,0.00,80.00,3.00
144046,359.19,-1.23,-1.90,0.63,0.93,2.13,1.45,2.15,4.03,0.00,80.00,3.00
144078,359.18,-1.23,-1.89,0.60,0.93,2.17,1.42,2.16,4.07,0.00,80.00,3.00
144107,359.15,-1.23,-1.90,0.54,0.86,2.15,1.39,2.08,4.05,0.00,80.00,3.00
144136,359.16,-1.23,-1.89,0.51,0.93,2.17,1.35,2.16,4.07,0.00,80.00,3.00
144165,359.16,-1.22,-1.90,0.63,0.89,2.26,1.47,2.11,4.16,0.00,80.00,3.00
144195,359.23,-1.24,-1.89,0.68,0.90,2.30,1.45,2.14,4.20,0.00,80.00,3.00
144224,359.27,-1.24,-1.89,0.79,0.85,2.33,1.52,2.09,4.23,0.00,80.00,3.00
144253,359.29,-1.24,-1.89,0.84,0.86,2.32,1.55,2.10,4.22,0.00,80.00,3.00
144285,359.27,-1.24,-1.88,0.84,0.89,2.30,1.56,2.13,4.18,0.00,80.00,3.00
144314,359.23,-1.25,-1.88,0.80,0.83,2.37,1.57,2.08,4.25,0.00,80.00,3.00
144354,359.31,-1.25,-1.88,0.78,0.84,2.26,1.48,2.09,4.14,0.00,80.00,3.00
144383,359.26,-1.26,-1.88,0.77,0.85,2.23,1.51,2.11,4.11,0.00,80.00,3.00
144412,359.30,-1.26,-1.88,0.77,0.89,2.22,1.46,2.15,4.10,0.00,80.00,3.00
144441,359.33,-1.25,-1.88,0.82,0.87,2.26,1.49,2.13,4.13,0.00,80.00,3.00
144470,359.38,-1.25,-1.88,0.84,0.88,2.27,1.46,2.13,4.15,0.00,80.00,3.00
144511,359.39,-1.26,-1.88,0.84,0.94,2.22,1.44,2.20,4.10,0.00,80.00,3.00
144540,359.38,-1.25,-1.88,0.89,0.96,2.21,1.51,2.21,4.09,0.00,80.00,3.00
144569,359.39,-1.25,-1.88,0.90,1.00,2.21,1.51,2.25,4.09,0.00,80.00,3.00
144598,359.38,-1.25,-1.88,0.91,1.02,2.21,1.53,2.28,4.09,0.00,80.00,3.00
144627,359.38,-1.25,-1.88,0.94,1.04,2.22,1.56,2.30,4.10,0.00,80.00,3.00
144656,359.28,-1.25,-1.88,0.95,1.05,2.25,1.67,2.30,4.13,0.00,80.00,3.00
144685,359.31,-1.26,-1.89,0.92,1.00,2.34,1.61,2.26,4.23,0.00,80.00,3.00
144717,359.32,-1.27,-1.90,0.93,0.98,2.40,1.61,2.25,4.30,0.00,80.00,3.00
144746,359.35,-1.26,-1.89,0.87,0.95,2.41,1.52,2.21,4.30,0.00,80.00,3.00
144775,359.32,-1.27,-1.89,0.86,0.94,2.43,1.54,2.21,4.31,0.00,80.00,3.00
144804,359.34,-1.27,-1.88,0.87,0.95,2.42,1.53,2.22,4.30,0.00,80.00,3.00
144833,359.41,-1.27,-1.89,0.90,0.98,2.36,1.49,2.25,4.25,0.00,80.00,3.00
144862,359.40,-1.27,-1.89,0.87,1.02,2.26,1.48,2.29,4.15,0.00,80.00,3.00
144891,359.41,-1.27,-1.88,0.81,1.02,2.32,1.40,2.29,4.21,0.00,80.00,3.00
144924,359.41,-1.26,-1.89,0.88,1.04,2.35,1.46,2.30,4.24,0.00,80.00,3.00
144953,359.45,-1.27,-1.89,0.84,1.00,2.31,1.39,2.27,4.19,0.00,80.00,3.00
144982,359.41,-1.28,-1.88,0.85,0.95,2.35,1.44,2.23,4.23,0.00,80.00,3.00
145011,359.39,-1.28,-1.88,0.76,0.91,2.42,1.37,2.19,4.30,0.00,80.00,3.00
145040,359.42,-1.28,-1.87,0.79,0.90,2.47,1.36,2.18,4.34,0.00,80.00,3.00
145069,359.34,-1.28,-1.88,0.71,0.89,2.41,1.37,2.17,4.29,0.00,80.00,3.00
145108,359.33,-1.29,-1.87,0.81,0.86,2.40,1.47,2.15,4.27,0.00,80.00,3.00
145140,359.32,-1.29,-1.87,0.84,0.85,2.36,1.52,2.14,4.24,0.00,80.00,3.00
145169,359.35,-1.30,-1.87,0.79,0.86,2.34,1.44,2.16,4.22,0.00,80.00,3.00
145198,359.34,-1.31,-1.87,0.80,0.91,2.30,1.46,2.22,4.17,0.00,80.00,3.00
145228,359.40,-1.31,-1.87,0.76,0.91,2.27,1.36,2.21,4.14,0.00,80.00,3.00
145257,359.38,-1.31,-1.87,0.67,0.91,2.32,1.28,2.22,4.19,0.00,80.00,3.00
145286,359.38,-1.32,-1.87,0.58,0.92,2.34,1.20,2.24,4.22,0.00,80.00,3.00
145315,359.36,-1.32,-1.88,0.53,0.95,2.38,1.17,2.28,4.26,0.00,80.00,3.00
145347,359.33,-1.32,-1.89,0.50,0.94,2.34,1.16,2.27,4.23,0.00,80.00,3.00
145376,359.33,-1.33,-1.89,0.51,0.93,2.34,1.18,2.26,4.23,0.00,80.00,3.00
145405,359.27,-1.33,-1.89,0.53,0.96,2.33,1.26,2.29,4.23,0.00,80.00,3.00
145434,359.21,-1.32,-1.90,0.56,0.96,2.31,1.34,2.28,4.20,0.00,80.00,3.00
145463,359.18,-1.33,-1.90,0.69,0.92,2.23,1.51,2.25,4.13,0.00,80.00,3.00
145492,359.29,-1.32,-1.90,0.80,0.92,2.26,1.51,2.25,4.16,0.00,80.00,3.00
145521,359.31,-1.33,-1.90,0.86,0.90,2.30,1.55,2.23,4.21,0.00,80.00,3.00
145554,359.29,-1.33,-1.91,0.95,0.85,2.30,1.65,2.17,4.21,0.00,80.00,3.00
145583,359.31,-1.31,-1.91,0.99,0.84,2.33,1.69,2.16,4.25,0.00,80.00,3.00
145612,359.29,-1.32,-1.90,0.94,0.84,2.39,1.65,2.16,4.29,0.00,80.00,3.00
145641,359.30,-1.32,-1.91,0.88,0.90,2.40,1.58,2.22,4.31,0.00,80.00,3.00
145670,359.39,-1.33,-1.91,0.80,0.96,2.42,1.41,2.28,4.33,0.00,80.00,3.00
145699,359.40,-1.32,-1.92,0.71,1.02,2.47,1.31,2.34,4.39,0.00,80.00,3.00
145728,359.31,-1.32,-1.92,0.76,1.02,2.45,1.44,2.33,4.37,0.00,80.00,3.00
145760,359.35,-1.31,-1.92,0.77,1.06,2.46,1.41,2.37,4.39,0.00,80.00,3.00
145789,359.36,-1.31,-1.94,0.79,1.04,2.51,1.43,2.35,4.44,0.00,80.00,3.00
145829,359.34,-1.31,-1.93,0.83,1.02,2.55,1.49,2.32,4.49,0.00,80.00,3.00
145858,359.32,-1.30,-1.94,0.83,0.98,2.46,1.52,2.28,4.40,0.00,80.00,3.00
145887,359.30,-1.30,-1.95,0.90,0.95,2.39,1.60,2.25,4.34,0.00,80.00,3.00
145916,359.35,-1.30,-1.95,0.91,0.90,2.36,1.56,2.19,4.31,0.00,80.00,3.00
145945,359.37,-1.29,-1.95,0.82,0.87,2.27,1.44,2.16,4.22,0.00,80.00,3.00
145977,359.33,-1.29,-1.95,0.82,0.90,2.22,1.49,2.19,4.17,0.00,80.00,3.00
146006,359.26,-1.29,-1.94,0.82,0.86,2.20,1.55,2.15,4.14,0.00,80.00,3.00
146035,359.33,-1.29,-1.94,0.76,0.85,2.22,1.43,2.14,4.16,0.00,80.00,3.00
146064,359.35,-1.30,-1.95,0.72,0.88,2.19,1.37,2.18,4.14,0.00,80.00,3.00
146093,359.40,-1.29,-1.94,0.79,0.89,2.23,1.39,2.18,4.17,0.00,80.00,3.00
146130,359.32,-1.29,-1.95,0.75,0.90,2.26,1.43,2.18,4.20,0.00,80.00,3.00
146159,359.42,-1.28,-1.95,0.76,0.96,2.29,1.34,2.24,4.24,0.00,80.00,3.00
146191,359.36,-1.28,-1.95,0.84,0.96,2.34,1.47,2.24,4.29,0.00,80.00,3.00
146220,359.32,-1.27,-1.95,0.86,0.96,2.40,1.55,2.24,4.34,0.00,80.00,3.00
146249,359.31,-1.28,-1.95,0.97,0.96,2.43,1.66,2.24,4.38,0.00,80.00,3.00
146278,359.29,-1.28,-1.95,0.92,0.93,2.41,1.63,2.21,4.37,0.00,80.00,3.00
146306,359.27,-1.28,-1.96,0.93,0.88,2.35,1.66,2.15,4.31,0.00,80.00,3.00
146335,359.26,-1.28,-1.96,0.97,0.89,2.37,1.71,2.17,4.32,0.00,80.00,3.00
146364,359.27,-1.27,-1.97,0.98,0.87,2.34,1.71,2.15,4.30,0.00,80.00,3.00
146401,359.25,-1.27,-1.96,0.94,0.87,2.27,1.68,2.15,4.23,0.00,80.00,3.00
146430,359.31,-1.28,-1.96,0.89,0.87,2.29,1.58,2.15,4.25,0.00,80.00,3.00
146459,359.31,-1.28,-1.95,0.97,0.95,2.36,1.67,2.23,4.31,0.00,80.00,3.00
146488,359.34,-1.26,-1.95,0.96,0.94,2.35,1.62,2.21,4.30,0.00,80.00,3.00
146516,359.33,-1.26,-1.95,0.89,0.94,2.33,1.56,2.20,4.28,0.00,80.00,3.00
146556,359.28,-1.27,-1.96,0.91,0.94,2.38,1.62,2.21,4.34,0.00,80.00,3.00
146585,359.26,-1.26,-1.96,0.87,0.95,2.39,1.61,2.22,4.35,0.00,80.00,3.00
146617,359.21,-1.26,-1.96,0.85,0.96,2.45,1.64,2.22,4.41,0.00,80.00,3.00
146646,359.18,-1.25,-1.96,0.81,0.90,2.45,1.63,2.16,4.41,0.00,80.00,3.00
146675,359.15,-1.25,-1.95,0.75,0.93,2.43,1.60,2.18,4.38,0.00,80.00,3.00
146705,359.14,-1.25,-1.95,0.70,0.93,2.42,1.56,2.18,4.38,0.00,80.00,3.00
146734,359.14,-1.25,-1.94,0.72,0.88,2.41,1.58,2.13,4.36,0.00,80.00,3.00
146763,359.10,-1.25,-1.93,0.72,0.83,2.39,1.62,2.07,4.32,0.00,80.00,3.00
146792,359.11,-1.24,-1.94,0.64,0.87,2.27,1.53,2.11,4.21,0.00,80.00,3.00
146824,359.11,-1.23,-1.93,0.67,0.84,2.28,1.56,2.07,4.21,0.00,80.00,3.00
146854,359.08,-1.24,-1.93,0.70,0.84,2.26,1.61,2.07,4.19,0.00,80.00,3.00
146883,359.11,-1.23,-1.92,0.70,0.90,2.28,1.60,2.13,4.20,0.00,80.00,3.00
146912,359.12,-1.23,-1.92,0.69,0.91,2.32,1.57,2.14,4.24,0.00,80.00,3.00
146942,359.18,-1.23,-1.91,0.72,0.90,2.43,1.54,2.13,4.34,0.00,80.00,3.00
146971,359.18,-1.23,-1.90,0.78,0.91,2.42,1.60,2.13,4.32,0.00,80.00,3.00
147000,359.14,-1.23,-1.90,0.73,0.89,2.46,1.60,2.12,4.36,0.00,80.00,3.00
147032,359.08,-1.23,-1.90,0.77,0.86,2.46,1.69,2.09,4.36,0.00,80.00,3.00
147061,359.10,-1.23,-1.90,0.88,0.85,2.43,1.78,2.08,4.34,0.00,80.00,3.00
147091,359.10,-1.23,-1.90,0.92,0.89,2.33,1.82,2.12,4.22,0.00,80.00,3.00
147120,359.13,-1.23,-1.90,0.85,0.92,2.31,1.73,2.14,4.21,0.00,80.00,3.00
147149,359.09,-1.23,-1.90,0.82,0.92,2.26,1.72,2.15,4.16,0.00,80.00,3.00
147178,359.03,-1.23,-1.89,0.78,0.95,2.22,1.76,2.18,4.12,0.00,80.00,3.00
147207,358.94,-1.23,-1.89,0.72,0.95,2.20,1.78,2.18,4.09,0.00,80.00,3.00
147239,358.98,-1.23,-1.88,0.69,0.94,2.22,1.71,2.17,4.10,0.00,80.00,3.00
147280,358.95,-1.24,-1.88,0.74,0.92,2.27,1.78,2.16,4.15,0.00,80.00,3.00
147309,358.94,-1.24,-1.87,0.84,0.93,2.30,1.89,2.16,4.17,0.00,80.00,3.00
147338,358.99,-1.23,-1.87,0.90,0.97,2.32,1.91,2.20,4.19,0.00,80.00,3.00
147367,358.97,-1.24,-1.87,0.93,0.97,2.31,1.96,2.21,4.18,0.00,80.00,3.00
147397,358.97,-1.24,-1.86,0.95,0.94,2.37,1.98,2.18,4.24,0.00,80.00,3.00
147426,358.95,-1.24,-1.86,0.88,0.96,2.31,1.93,2.21,4.17,0.00,80.00,3.00
147458,358.90,-1.24,-1.86,0.89,0.95,2.33,1.99,2.20,4.18,0.00,80.00,3.00
147487,358.86,-1.24,-1.85,0.91,0.89,2.37,2.05,2.13,4.22,0.00,80.00,3.00
147516,358.91,-1.24,-1.86,0.79,0.86,2.37,1.89,2.09,4.24,0.00,80.00,3.00
147546,358.85,-1.24,-1.86,0.60,0.88,2.24,1.75,2.11,4.11,0.00,80.00,3.00
147575,358.92,-1.24,-1.86,0.71,0.88,2.26,1.79,2.12,4.12,0.00,80.00,3.00
147604,358.91,-1.25,-1.86,0.62,0.85,2.25,1.71,2.10,4.10,0.00,80.00,3.00
147633,359.00,-1.26,-1.86,0.55,0.83,2.19,1.55,2.09,4.05,0.00,80.00,3.00
147665,358.93,-1.26,-1.85,0.58,0.82,2.17,1.65,2.08,4.02,0.00,80.00,3.00
147694,358.93,-1.25,-1.85,0.61,0.80,2.28,1.68,2.05,4.13,0.00,80.00,3.00
147724,358.94,-1.26,-1.85,0.64,0.80,2.32,1.70,2.06,4.17,0.00,80.00,3.00
147761,358.89,-1.25,-1.84,0.63,0.81,2.34,1.74,2.06,4.18,0.00,80.00,3.00
147790,358.96,-1.24,-1.84,0.70,0.86,2.34,1.74,2.10,4.18,0.00,80.00,3.00
147820,358.92,-1.25,-1.84,0.79,0.91,2.36,1.87,2.16,4.20,0.00,80.00,3.00
147849,358.95,-1.25,-1.84,0.84,0.93,2.34,1.89,2.17,4.18,0.00,80.00,3.00
147881,358.91,-1.25,-1.84,0.89,0.92,2.29,1.97,2.17,4.13,0.00,80.00,3.00
147910,358.90,-1.26,-1.84,0.85,0.92,2.29,1.95,2.18,4.13,0.00,80.00,3.00
147939,358.83,-1.26,-1.85,0.87,0.92,2.32,2.04,2.18,4.16,0.00,80.00,3.00
147968,358.82,-1.26,-1.85,0.80,0.93,2.35,1.98,2.19,4.20,0.00,80.00,3.00
147998,358.81,-1.27,-1.86,0.83,0.89,2.38,2.02,2.16,4.24,0.00,80.00,3.00
148038,358.86,-1.26,-1.86,0.82,0.93,2.41,1.96,2.18,4.27,0.00,80.00,3.00
148067,358.86,-1.26,-1.87,0.90,0.87,2.38,2.04,2.13,4.24,0.00,80.00,3.00
148099,358.86,-1.27,-1.86,0.90,0.88,2.37,2.04,2.14,4.24,0.00,80.00,3.00
148128,358.83,-1.27,-1.86,0.84,0.91,2.32,2.01,2.18,4.18,0.00,80.00,3.00
148157,358.85,-1.27,-1.85,0.77,0.90,2.31,1.92,2.18,4.16,0.00,80.00,3.00
148187,358.88,-1.27,-1.86,0.84,0.89,2.34,1.96,2.16,4.20,0.00,80.00,3.00
148216,358.86,-1.28,-1.85,0.87,0.89,2.34,2.01,2.17,4.20,0.00,80.00,3.00
148245,358.77,-1.28,-1.86,0.84,0.92,2.32,2.08,2.20,4.18,0.00,80.00,3.00
148274,358.81,-1.29,-1.86,0.90,0.89,2.30,2.09,2.18,4.16,0.00,80.00,3.00
148306,358.79,-1.28,-1.86,0.94,0.80,2.36,2.15,2.08,4.22,0.00,80.00,3.00
148335,358.82,-1.29,-1.87,1.00,0.81,2.39,2.18,2.10,4.26,0.00,80.00,3.00
148365,358.80,-1.29,-1.87,0.96,0.80,2.42,2.16,2.09,4.29,0.00,80.00,3.00
148394,358.79,-1.30,-1.87,0.96,0.79,2.43,2.17,2.09,4.30,0.00,80.00,3.00
148423,358.85,-1.31,-1.87,0.92,0.80,2.44,2.07,2.10,4.31,0.00,80.00,3.00
148452,358.86,-1.30,-1.86,0.89,0.78,2.35,2.03,2.09,4.21,0.00,80.00,3.00
148481,358.92,-1.30,-1.87,0.88,0.81,2.37,1.97,2.10,4.24,0.00,80.00,3.00
148513,358.99,-1.30,-1.87,0.82,0.81,2.29,1.83,2.11,4.16,0.00,80.00,3.00
148543,359.06,-1.29,-1.87,0.81,0.86,2.28,1.75,2.16,4.15,0.00,80.00,3.00
148572,359.13,-1.29,-1.87,0.82,0.86,2.30,1.69,2.15,4.17,0.00,80.00,3.00
148601,359.16,-1.29,-1.88,0.74,0.85,2.35,1.58,2.15,4.23,0.00,80.00,3.00
148630,359.20,-1.29,-1.88,0.78,0.91,2.36,1.58,2.20,4.24,0.00,80.00,3.00
148659,359.18,-1.30,-1.88,0.65,0.91,2.30,1.47,2.20,4.19,0.00,80.00,3.00
148688,359.20,-1.30,-1.88,0.74,0.91,2.35,1.55,2.20,4.23,0.00,80.00,3.00
148721,359.31,-1.29,-1.88,0.73,0.92,2.32,1.42,2.22,4.20,0.00,80.00,3.00
148761,359.33,-1.29,-1.89,0.73,0.97,2.32,1.40,2.26,4.20,0.00,80.00,3.00
148790,359.26,-1.28,-1.89,0.74,0.99,2.37,1.48,2.28,4.25,0.00,80.00,3.00
148819,359.25,-1.28,-1.89,0.74,0.98,2.38,1.49,2.27,4.27,0.00,80.00,3.00
148848,359.28,-1.27,-1.90,0.77,0.98,2.35,1.49,2.26,4.25,0.00,80.00,3.00
148877,359.30,-1.28,-1.90,0.81,0.99,2.34,1.51,2.27,4.24,0.00,80.00,3.00
148906,359.24,-1.28,-1.90,0.75,0.96,2.36,1.51,2.24,4.26,0.00,80.00,3.00
148938,359.28,-1.29,-1.90,0.80,0.95,2.39,1.52,2.24,4.29,0.00,80.00,3.00
148968,359.31,-1.30,-1.90,0.81,0.95,2.36,1.50,2.25,4.26,0.00,80.00,3.00
148997,359.31,-1.30,-1.90,0.74,0.95,2.28,1.44,2.25,4.18,0.00,80.00,3.00
149026,359.32,-1.29,-1.90,0.66,0.93,2.39,1.34,2.23,4.28,0.00,80.00,3.00
149055,359.37,-1.29,-1.90,0.77,0.93,2.43,1.41,2.22,4.33,0.00,80.00,3.00
149084,359.30,-1.29,-1.90,0.77,0.90,2.42,1.47,2.19,4.32,0.00,80.00,3.00
149113,359.29,-1.27,-1.91,0.78,0.89,2.40,1.49,2.16,4.31,0.00,80.00,3.00
149145,359.33,-1.27,-1.91,0.86,0.92,2.48,1.53,2.19,4.39,0.00,80.00,3.00
149175,359.36,-1.27,-1.91,0.87,0.89,2.49,1.51,2.15,4.40,0.00,80.00,3.00
149204,359.41,-1.27,-1.91,0.88,0.94,2.51,1.47,2.21,4.43,0.00,80.00,3.00
149233,359.36,-1.27,-1.92,0.82,0.95,2.43,1.46,2.22,4.35,0.00,80.00,3.00
149262,359.32,-1.28,-1.93,0.78,0.93,2.44,1.46,2.20,4.37,0.00,80.00,3.00
149291,359.27,-1.28,-1.93,0.76,0.92,2.46,1.49,2.20,4.39,0.00,80.00,3.00
149320,359.27,-1.29,-1.93,0.77,0.90,2.43,1.49,2.18,4.36,0.00,80.00,3.00
149352,359.24,-1.29,-1.93,0.71,0.90,2.37,1.47,2.19,4.31,0.00,80.00,3.00
149390,359.25,-1.28,-1.92,0.70,0.86,2.33,1.45,2.14,4.25,0.00,80.00,3.00
149419,359.21,-1.28,-1.93,0.73,0.89,2.35,1.52,2.17,4.28,0.00,80.00,3.00
149449,359.26,-1.27,-1.92,0.71,0.87,2.35,1.46,2.14,4.28,0.00,80.00,3.00
149489,359.22,-1.26,-1.92,0.64,0.91,2.31,1.42,2.18,4.23,0.00,80.00,3.00
149518,359.26,-1.26,-1.92,0.66,0.95,2.37,1.40,2.21,4.29,0.00,80.00,3.00
149547,359.17,-1.27,-1.92,0.75,0.96,2.42,1.58,2.23,4.34,0.00,80.00,3.00
149579,359.26,-1.27,-1.91,0.84,0.93,2.46,1.58,2.20,4.37,0.00,80.00,3.00
149609,359.34,-1.27,-1.92,0.84,0.87,2.48,1.50,2.13,4.40,0.00,80.00,3.00
149638,359.39,-1.27,-1.92,0.86,0.89,2.52,1.47,2.16,4.44,0.00,80.00,3.00
149667,359.36,-1.26,-1.93,0.95,0.85,2.52,1.59,2.11,4.45,0.00,80.00,3.00
149696,359.36,-1.26,-1.93,0.89,0.81,2.51,1.54,2.07,4.44,0.00,80.00,3.00
149725,359.42,-1.25,-1.93,0.90,0.81,2.47,1.48,2.06,4.40,0.00,80.00,3.00
149755,359.47,-1.25,-1.94,0.87,0.84,2.35,1.40,2.09,4.29,0.00,80.00,3.00
149787,359.44,-1.25,-1.94,0.89,0.85,2.39,1.45,2.10,4.32,0.00,80.00,3.00
149816,359.45,-1.24,-1.94,0.88,0.88,2.44,1.43,2.12,4.38,0.00,80.00,3.00
149845,359.44,-1.24,-1.93,0.89,0.87,2.45,1.45,2.11,4.39,0.00,80.00,3.00
149874,359.44,-1.24,-1.94,0.93,0.89,2.45,1.49,2.13,4.40,0.00,80.00,3.00
149904,359.43,-1.24,-1.95,0.93,0.85,2.52,1.50,2.08,4.47,0.00,80.00,3.00
149933,359.42,-1.23,-1.95,0.77,0.86,2.51,1.36,2.09,4.46,0.00,80.00,3.00
149962,359.41,-1.23,-1.96,0.78,0.81,2.49,1.37,2.04,4.46,0.00,80.00,3.00
149994,359.35,-1.24,-1.96,0.80,0.81,2.43,1.45,2.05,4.39,0.00,80.00,3.00
150023,359.31,-1.23,-1.95,0.80,0.90,2.43,1.49,2.13,4.38,0.00,80.00,3.00
150053,359.28,-1.24,-1.95,0.65,0.91,2.40,1.37,2.15,4.35,0.00,80.00,3.00
150082,359.20,-1.23,-1.94,0.68,0.93,2.34,1.48,2.16,4.29,0.00,80.00,3.00
150111,359.19,-1.23,-1.93,0.76,0.97,2.46,1.57,2.20,4.40,0.00,80.00,3.00
150140,359.14,-1.24,-1.93,0.76,0.97,2.48,1.62,2.21,4.41,0.00,80.00,3.00
150169,359.13,-1.23,-1.93,0.78,0.98,2.48,1.65,2.22,4.42,0.00,80.00,3.00
150213,359.15,-1.23,-1.94,0.81,0.95,2.46,1.67,2.18,4.41,0.00,80.00,3.00
150242,359.06,-1.23,-1.94,0.87,0.95,2.45,1.81,2.18,4.39,0.00,80.00,3.00
150271,359.03,-1.23,-1.95,0.97,0.90,2.44,1.94,2.14,4.39,0.00,80.00,3.00
150300,359.12,-1.23,-1.95,0.97,0.89,2.36,1.86,2.12,4.31,0.00,80.00,3.00
150329,359.10,-1.23,-1.95,0.99,0.88,2.33,1.89,2.12,4.28,0.00,80.00,3.00
150358,359.09,-1.24,-1.94,0.95,0.83,2.36,1.87,2.06,4.30,0.00,80.00,3.00
150388,359.03,-1.24,-1.95,0.95,0.81,2.35,1.92,2.05,4.29,0.00,80.00,3.00
150420,359.12,-1.23,-1.94,0.87,0.88,2.38,1.74,2.12,4.32,0.00,80.00,3.00
150449,359.06,-1.23,-1.94,0.87,0.89,2.33,1.80,2.12,4.27,0.00,80.00,3.00
150478,359.06,-1.22,-1.94,0.82,0.93,2.37,1.76,2.15,4.31,0.00,80.00,3.00
150507,359.07,-1.22,-1.94,0.87,0.92,2.31,1.79,2.14,4.26,0.00,80.00,3.00
150537,359.08,-1.23,-1.95,0.83,0.94,2.36,1.75,2.17,4.31,0.00,80.00,3.00
150566,358.97,-1.24,-1.95,0.85,0.88,2.25,1.87,2.12,4.20,0.00,80.00,3.00
150595,359.05,-1.24,-1.94,0.78,0.92,2.30,1.73,2.16,4.24,0.00,80.00,3.00
150627,359.04,-1.25,-1.94,0.72,0.85,2.27,1.68,2.10,4.21,0.00,80.00,3.00
150656,358.99,-1.25,-1.93,0.66,0.85,2.30,1.67,2.10,4.23,0.00,80.00,3.00
150686,358.98,-1.25,-1.93,0.50,0.89,2.33,1.52,2.14,4.26,0.00,80.00,3.00
150715,358.96,-1.25,-1.94,0.53,0.92,2.36,1.57,2.17,4.30,0.00,80.00,3.00
150744,358.97,-1.25,-1.94,0.60,0.90,2.40,1.63,2.15,4.33,0.00,80.00,3.00
150773,359.08,-1.24,-1.92,0.71,0.86,2.46,1.62,2.10,4.38,0.00,80.00,3.00
150802,359.08,-1.24,-1.92,0.83,0.89,2.38,1.75,2.14,4.30,0.00,80.00,3.00
150834,359.06,-1.24,-1.91,0.87,0.90,2.39,1.81,2.14,4.30,0.00,80.00,3.00
150864,359.03,-1.23,-1.91,0.92,0.84,2.33,1.89,2.07,4.24,0.00,80.00,3.00
150893,358.99,-1.23,-1.92,0.91,0.85,2.33,1.92,2.08,4.24,0.00,80.00,3.00
150922,359.07,-1.24,-1.91,0.89,0.87,2.29,1.82,2.11,4.20,0.00,80.00,3.00
151015,359.04,-1.25,-1.91,0.84,0.90,2.25,1.80,2.14,4.15,0.00,80.00,3.00
151149,359.08,-1.25,-1.91,0.82,0.88,2.26,1.73,2.13,4.17,0.00,80.00,3.00
151287,359.03,-1.26,-1.91,0.85,0.89,2.19,1.82,2.14,4.09,0.00,80.00,3.00
151328,359.15,-1.26,-1.90,0.80,0.91,2.21,1.66,2.16,4.11,0.00,80.00,3.00
151357,359.05,-1.25,-1.91,0.79,0.89,2.19,1.73,2.15,4.10,0.00,80.00,3.00
151386,358.97,-1.25,-1.90,0.75,0.91,2.26,1.78,2.16,4.16,0.00,80.00,3.00
151415,358.94,-1.25,-1.90,0.66,0.95,2.31,1.72,2.20,4.21,0.00,80.00,3.00
151444,358.97,-1.26,-1.90,0.66,0.97,2.35,1.69,2.23,4.25,0.00,80.00,3.00
151473,358.96,-1.26,-1.89,0.65,0.93,2.37,1.70,2.19,4.27,0.00,80.00,3.00
151502,358.92,-1.27,-1.90,0.73,0.86,2.39,1.81,2.13,4.29,0.00,80.00,3.00
151534,358.93,-1.26,-1.90,0.64,1.01,2.38,1.71,2.28,4.28,0.00,80.00,3.00
151563,358.94,-1.27,-1.90,0.73,0.95,2.42,1.80,2.22,4.33,0.00,80.00,3.00
151592,358.95,-1.27,-1.91,0.75,0.93,2.40,1.80,2.20,4.31,0.00,80.00,3.00
151621,358.93,-1.28,-1.90,0.77,0.88,2.41,1.84,2.16,4.31,0.00,80.00,3.00
151650,359.02,-1.28,-1.90,0.83,0.83,2.40,1.81,2.11,4.30,0.00,80.00,3.00
151679,359.02,-1.27,-1.89,0.82,0.81,2.41,1.81,2.08,4.31,0.00,80.00,3.00
151708,359.01,-1.28,-1.89,0.77,0.83,2.31,1.76,2.11,4.20,0.00,80.00,3.00
151740,358.98,-1.28,-1.89,0.81,0.89,2.21,1.83,2.17,4.11,0.00,80.00,3.00
151769,359.02,-1.28,-1.90,0.78,0.87,2.25,1.77,2.15,4.15,0.00,80.00,3.00
151799,359.00,-1.28,-1.91,0.67,0.86,2.24,1.67,2.14,4.14,0.00,80.00,3.00
151828,359.02,-1.28,-1.91,0.75,0.86,2.26,1.73,2.14,4.17,0.00,80.00,3.00
151857,359.02,-1.29,-1.90,0.74,0.89,2.33,1.72,2.18,4.23,0.00,80.00,3.00
151886,359.02,-1.30,-1.90,0.74,0.88,2.48,1.72,2.17,4.39,0.00,80.00,3.00
151915,359.00,-1.29,-1.91,0.71,0.87,2.48,1.71,2.15,4.40,0.00,80.00,3.00
151958,359.06,-1.28,-1.91,0.68,0.95,2.42,1.63,2.23,4.32,0.00,80.00,3.00
151987,359.05,-1.28,-1.89,0.72,0.96,2.39,1.67,2.24,4.28,0.00,80.00,3.00
152016,359.04,-1.29,-1.90,0.80,0.97,2.35,1.76,2.25,4.25,0.00,80.00,3.00
152045,359.06,-1.28,-1.89,0.74,0.95,2.25,1.68,2.23,4.14,0.00,80.00,3.00
152074,358.97,-1.27,-1.89,0.81,0.94,2.16,1.84,2.21,4.05,0.00,80.00,3.00
152103,358.95,-1.27,-1.89,0.84,0.96,2.17,1.89,2.23,4.06,0.00,80.00,3.00
152132,358.92,-1.28,-1.89,0.87,0.92,2.20,1.95,2.19,4.09,0.00,80.00,3.00
152164,358.94,-1.27,-1.88,0.79,0.97,2.26,1.85,2.24,4.14,0.00,80.00,3.00
152193,358.90,-1.26,-1.88,0.78,0.98,2.28,1.88,2.24,4.16,0.00,80.00,3.00
152223,358.90,-1.26,-1.88,0.88,1.00,2.36,1.97,2.26,4.24,0.00,80.00,3.00
152252,358.90,-1.27,-1.88,0.82,1.00,2.33,1.92,2.26,4.22,0.00,80.00,3.00
152281,358.87,-1.27,-1.87,0.80,0.98,2.38,1.93,2.26,4.26,0.00,80.00,3.00
152310,358.83,-1.27,-1.87,0.81,1.00,2.40,1.98,2.27,4.27,0.00,80.00,3.00
152339,358.97,-1.26,-1.87,0.88,0.96,2.38,1.91,2.22,4.25,0.00,80.00,3.00
152371,358.90,-1.26,-1.87,0.90,0.91,2.36,2.00,2.17,4.22,0.00,80.00,3.00
152400,358.93,-1.25,-1.87,0.90,0.95,2.37,1.97,2.20,4.23,0.00,80.00,3.00
152429,358.88,-1.25,-1.87,0.94,0.92,2.38,2.05,2.17,4.24,0.00,80.00,3.00
152458,358.91,-1.26,-1.87,0.85,0.88,2.34,1.94,2.14,4.21,0.00,80.00,3.00
152487,358.89,-1.25,-1.86,0.87,0.86,2.36,1.97,2.11,4.22,0.00,80.00,3.00
152516,358.92,-1.26,-1.87,0.81,0.86,2.36,1.89,2.12,4.23,0.00,80.00,3.00
152545,358.88,-1.26,-1.87,0.90,0.89,2.37,2.01,2.15,4.24,0.00,80.00,3.00
152578,358.93,-1.26,-1.87,0.87,0.87,2.35,1.95,2.13,4.22,0.00,80.00,3.00
152607,358.98,-1.26,-1.87,0.84,0.92,2.33,1.86,2.18,4.20,0.00,80.00,3.00
152636,359.01,-1.26,-1.87,0.88,0.95,2.33,1.88,2.21,4.20,0.00,80.00,3.00
152676,359.07,-1.26,-1.87,0.85,0.99,2.34,1.78,2.25,4.22,0.00,80.00,3.00
152705,359.09,-1.26,-1.87,0.79,0.96,2.35,1.70,2.22,4.23,0.00,80.00,3.00
152734,359.08,-1.26,-1.89,0.79,0.96,2.35,1.71,2.22,4.24,0.00,80.00,3.00
152763,359.05,-1.26,-1.89,0.87,0.95,2.41,1.82,2.21,4.30,0.00,80.00,3.00
152795,359.05,-1.27,-1.90,0.87,0.94,2.42,1.82,2.21,4.32,0.00,80.00,3.00
152824,359.01,-1.27,-1.89,0.93,0.90,2.44,1.92,2.17,4.33,0.00,80.00,3.00
152853,359.00,-1.27,-1.89,0.89,0.94,2.39,1.89,2.21,4.28,0.00,80.00,3.00
152882,359.00,-1.27,-1.89,0.82,0.93,2.42,1.83,2.20,4.31,0.00,80.00,3.00
152911,359.09,-1.28,-1.89,0.76,0.92,2.43,1.67,2.20,4.32,0.00,80.00,3.00
152948,359.07,-1.27,-1.89,0.77,0.89,2.45,1.70,2.16,4.35,0.00,80.00,3.00
152977,359.07,-1.27,-1.90,0.73,0.92,2.37,1.66,2.18,4.27,0.00,80.00,3.00
153009,359.10,-1.27,-1.90,0.84,0.90,2.40,1.74,2.17,4.30,0.00,80.00,3.00
153039,359.11,-1.27,-1.90,0.85,0.85,2.40,1.74,2.12,4.30,0.00,80.00,3.00
153068,359.14,-1.27,-1.90,0.98,0.90,2.37,1.84,2.17,4.27,0.00,80.00,3.00
153097,359.09,-1.26,-1.89,0.92,0.92,2.32,1.83,2.19,4.22,0.00,80.00,3.00
153126,359.13,-1.26,-1.89,0.90,0.94,2.31,1.77,2.20,4.19,0.00,80.00,3.00
153155,359.12,-1.26,-1.88,0.88,0.98,2.39,1.75,2.24,4.27,0.00,80.00,3.00
153184,359.15,-1.26,-1.89,0.87,0.97,2.42,1.71,2.23,4.31,0.00,80.00,3.00
153216,359.12,-1.26,-1.88,0.77,0.95,2.41,1.65,2.21,4.30,0.00,80.00,3.00
153244,359.13,-1.26,-1.88,0.74,0.97,2.43,1.61,2.23,4.30,0.00,80.00,3.00
153273,359.10,-1.26,-1.87,0.74,0.99,2.40,1.64,2.24,4.28,0.00,80.00,3.00
153302,359.08,-1.26,-1.88,0.66,0.98,2.40,1.58,2.23,4.27,0.00,80.00,3.00
153331,359.04,-1.26,-1.88,0.67,0.95,2.34,1.63,2.20,4.22,0.00,80.00,3.00
153360,359.08,-1.26,-1.88,0.70,0.95,2.30,1.62,2.21,4.19,0.00,80.00,3.00
153389,359.11,-1.25,-1.89,0.75,0.94,2.34,1.64,2.19,4.23,0.00,80.00,3.00
153431,359.13,-1.25,-1.88,0.71,0.95,2.34,1.58,2.20,4.21,0.00,80.00,3.00
153460,359.14,-1.25,-1.89,0.79,0.88,2.38,1.65,2.13,4.27,0.00,80.00,3.00
153489,359.11,-1.25,-1.91,0.81,0.89,2.38,1.70,2.14,4.29,0.00,80.00,3.00
153518,359.14,-1.26,-1.91,0.74,0.89,2.39,1.60,2.14,4.30,0.00,80.00,3.00
153547,359.19,-1.26,-1.92,0.75,0.87,2.42,1.56,2.13,4.33,0.00,80.00,3.00
153575,359.22,-1.27,-1.92,0.74,0.89,2.40,1.53,2.16,4.31,0.00,80.00,3.00
153604,359.26,-1.27,-1.91,0.76,0.87,2.33,1.49,2.14,4.25,0.00,80.00,3.00
153636,359.26,-1.26,-1.91,0.71,0.93,2.35,1.46,2.19,4.26,0.00,80.00,3.00
153665,359.34,-1.26,-1.91,0.73,0.90,2.35,1.40,2.16,4.26,0.00,80.00,3.00
153695,359.44,-1.27,-1.91,0.66,0.94,2.30,1.22,2.21,4.21,0.00,80.00,3.00
153724,359.50,-1.26,-1.91,0.60,1.00,2.27,1.10,2.26,4.18,0.00,80.00,3.00
153753,359.52,-1.25,-1.92,0.63,1.06,2.28,1.11,2.31,4.20,0.00,80.00,3.00
153782,359.57,-1.25,-1.93,0.65,1.03,2.28,1.09,2.28,4.21,0.00,80.00,3.00
153811,359.52,-1.26,-1.92,0.67,1.05,2.31,1.15,2.31,4.23,0.00,80.00,3.00
153844,359.49,-1.26,-1.93,0.71,1.06,2.31,1.22,2.33,4.24,0.00,80.00,3.00
153873,359.49,-1.26,-1.93,0.75,1.01,2.34,1.26,2.27,4.28,0.00,80.00,3.00
153902,359.53,-1.27,-1.93,0.78,0.97,2.44,1.25,2.23,4.37,0.00,80.00,3.00
153931,359.61,-1.25,-1.93,0.80,0.94,2.46,1.20,2.19,4.39,0.00,80.00,3.00
153961,359.61,-1.26,-1.93,0.83,0.89,2.43,1.22,2.16,4.36,0.00,80.00,3.00
153990,359.62,-1.27,-1.92,0.87,0.87,2.46,1.24,2.14,4.38,0.00,80.00,3.00
154019,359.59,-1.27,-1.92,0.82,0.89,2.46,1.23,2.16,4.38,0.00,80.00,3.00
154051,359.63,-1.27,-1.92,0.82,0.86,2.46,1.19,2.13,4.38,0.00,80.00,3.00
154080,359.54,-1.26,-1.92,0.82,0.82,2.43,1.28,2.08,4.35,0.00,80.00,3.00
154110,359.54,-1.26,-1.92,0.75,0.83,2.42,1.21,2.09,4.34,0.00,80.00,3.00
154151,359.49,-1.26,-1.91,0.70,0.87,2.41,1.21,2.13,4.32,0.00,80.00,3.00
154180,359.49,-1.26,-1.91,0.68,0.90,2.37,1.19,2.16,4.28,0.00,80.00,3.00
154209,359.41,-1.26,-1.91,0.73,0.93,2.35,1.33,2.19,4.27,0.00,80.00,3.00
154238,359.42,-1.26,-1.91,0.76,0.96,2.34,1.34,2.22,4.26,0.00,80.00,3.00
154270,359.46,-1.26,-1.91,0.83,0.97,2.40,1.36,2.23,4.31,0.00,80.00,3.00
154299,359.49,-1.26,-1.91,0.82,0.97,2.40,1.32,2.23,4.32,0.00,80.00,3.00
154329,359.46,-1.26,-1.91,0.84,0.96,2.42,1.39,2.23,4.33,0.00,80.00,3.00
154358,359.47,-1.26,-1.91,0.84,0.92,2.41,1.38,2.18,4.32,0.00,80.00,3.00
154387,359.58,-1.26,-1.91,0.79,0.89,2.37,1.21,2.15,4.28,0.00,80.00,3.00
154416,359.51,-1.25,-1.91,0.77,0.89,2.30,1.26,2.14,4.21,0.00,80.00,3.00
154445,359.52,-1.26,-1.90,0.73,0.92,2.23,1.21,2.17,4.13,0.00,80.00,3.00
154477,359.48,-1.26,-1.90,0.75,0.92,2.19,1.27,2.19,4.09,0.00,80.00,3.00
154507,359.49,-1.26,-1.90,0.72,0.93,2.20,1.24,2.19,4.10,0.00,80.00,3.00
154536,359.51,-1.27,-1.90,0.75,0.93,2.25,1.24,2.20,4.15,0.00,80.00,3.00
154565,359.53,-1.27,-1.90,0.82,0.92,2.31,1.29,2.19,4.21,0.00,80.00,3.00
154603,359.54,-1.27,-1.91,0.84,0.95,2.39,1.30,2.22,4.30,0.00,80.00,3.00
154632,359.56,-1.28,-1.92,0.97,0.92,2.41,1.41,2.19,4.33,0.00,80.00,3.00
154661,359.54,-1.27,-1.93,1.04,0.88,2.42,1.50,2.15,4.34,0.00,80.00,3.00
154693,359.53,-1.27,-1.92,1.09,0.93,2.44,1.56,2.20,4.36,0.00,80.00,3.00
154722,359.54,-1.28,-1.92,1.08,0.95,2.46,1.55,2.23,4.39,0.00,80.00,3.00
154751,359.53,-1.27,-1.92,1.01,1.01,2.38,1.48,2.29,4.31,0.00,80.00,3.00
154781,359.56,-1.27,-1.92,0.89,0.97,2.40,1.32,2.24,4.32,0.00,80.00,3.00
154810,359.59,-1.28,-1.92,0.83,1.01,2.41,1.24,2.29,4.32,0.00,80.00,3.00
154839,359.62,-1.27,-1.91,0.77,1.01,2.36,1.14,2.28,4.27,0.00,80.00,3.00
154880,359.56,-1.27,-1.92,0.71,0.97,2.35,1.16,2.25,4.27,0.00,80.00,3.00
154912,359.51,-1.28,-1.91,0.68,0.91,2.38,1.17,2.19,4.29,0.00,80.00,3.00
154941,359.51,-1.27,-1.91,0.76,0.87,2.41,1.25,2.14,4.33,0.00,80.00,3.00
154970,359.47,-1.28,-1.92,0.91,0.87,2.40,1.44,2.15,4.32,0.00,80.00,3.00
155000,359.48,-1.28,-1.90,1.01,0.82,2.46,1.53,2.10,4.36,0.00,80.00,3.00
155029,359.45,-1.28,-1.90,1.09,0.77,2.46,1.63,2.05,4.36,0.00,80.00,3.00
155058,359.47,-1.28,-1.90,1.18,0.75,2.52,1.71,2.03,4.42,0.00,80.00,3.00
155087,359.52,-1.28,-1.90,1.19,0.74,2.56,1.67,2.02,4.46,0.00,80.00,3.00
155119,359.52,-1.28,-1.90,0.99,0.80,2.51,1.47,2.08,4.41,0.00,80.00,3.00
155148,359.51,-1.28,-1.91,0.98,0.81,2.61,1.47,2.09,4.52,0.00,80.00,3.00
155177,359.39,-1.28,-1.92,0.81,0.92,2.62,1.42,2.20,4.53,0.00,80.00,3.00
155207,359.33,-1.29,-1.91,0.73,0.95,2.57,1.40,2.24,4.48,0.00,80.00,3.00
155236,359.28,-1.30,-1.91,0.69,0.94,2.48,1.41,2.24,4.39,0.00,80.00,3.00
155265,359.30,-1.31,-1.91,0.79,0.95,2.45,1.49,2.25,4.36,0.00,80.00,3.00
155294,359.29,-1.30,-1.91,0.75,0.90,2.31,1.46,2.20,4.22,0.00,80.00,3.00
155326,359.36,-1.30,-1.91,0.71,0.86,2.20,1.35,2.16,4.11,0.00,80.00,3.00
155355,359.38,-1.30,-1.90,0.72,0.89,2.19,1.35,2.19,4.10,0.00,80.00,3.00
155385,359.35,-1.30,-1.90,0.71,0.94,2.18,1.35,2.24,4.07,0.00,80.00,3.00
155414,359.30,-1.29,-1.91,0.70,0.95,2.22,1.40,2.24,4.13,0.00,80.00,3.00
155443,359.32,-1.30,-1.90,0.64,0.98,2.28,1.31,2.28,4.19,0.00,80.00,3.00
155472,359.29,-1.29,-1.91,0.67,1.00,2.35,1.38,2.29,4.26,0.00,80.00,3.00
155502,359.31,-1.29,-1.91,0.66,0.99,2.43,1.34,2.27,4.35,0.00,80.00,3.00
155534,359.32,-1.28,-1.91,0.73,0.94,2.47,1.41,2.23,4.38,0.00,80.00,3.00
155574,359.30,-1.29,-1.91,0.76,0.94,2.49,1.47,2.22,4.40,0.00,80.00,3.00
155604,359.31,-1.29,-1.91,0.81,0.93,2.46,1.50,2.22,4.37,0.00,80.00,3.00
155633,359.33,-1.29,-1.91,0.92,0.91,2.46,1.59,2.21,4.37,0.00,80.00,3.00
155662,359.32,-1.29,-1.91,0.96,0.91,2.50,1.65,2.20,4.42,0.00,80.00,3.00
155691,359.34,-1.29,-1.92,0.88,0.87,2.44,1.54,2.17,4.37,0.00,80.00,3.00
155720,359.34,-1.29,-1.92,0.84,0.89,2.45,1.50,2.18,4.36,0.00,80.00,3.00
155752,359.32,-1.29,-1.91,0.84,0.92,2.48,1.52,2.21,4.39,0.00,80.00,3.00
155781,359.22,-1.29,-1.90,0.86,0.95,2.54,1.64,2.24,4.44,0.00,80.00,3.00
155811,359.18,-1.28,-1.90,0.83,0.96,2.50,1.65,2.24,4.39,0.00,80.00,3.00
155840,359.21,-1.27,-1.90,0.77,1.02,2.42,1.55,2.29,4.32,0.00,80.00,3.00
155869,359.25,-1.28,-1.90,0.80,1.02,2.42,1.55,2.30,4.32,0.00,80.00,3.00
155898,359.21,-1.28,-1.89,0.79,0.98,2.44,1.58,2.26,4.33,0.00,80.00,3.00
155927,359.18,-1.28,-1.90,0.74,0.97,2.37,1.56,2.24,4.26,0.00,80.00,3.00
155959,359.13,-1.27,-1.90,0.63,0.89,2.36,1.50,2.16,4.27,0.00,80.00,3.00
155989,359.17,-1.27,-1.90,0.68,0.87,2.39,1.51,2.13,4.29,0.00,80.00,3.00
156018,359.17,-1.27,-1.89,0.57,0.83,2.46,1.40,2.10,4.35,0.00,80.00,3.00
156047,359.14,-1.26,-1.89,0.58,0.87,2.43,1.44,2.13,4.32,0.00,80.00,3.00
156076,359.14,-1.26,-1.89,0.47,0.87,2.36,1.33,2.13,4.25,0.00,80.00,3.00
156105,359.14,-1.26,-1.89,0.52,0.90,2.35,1.39,2.16,4.24,0.00,80.00,3.00
156134,359.11,-1.25,-1.89,0.55,0.93,2.35,1.44,2.18,4.24,0.00,80.00,3.00
156166,359.12,-1.25,-1.89,0.65,0.99,2.41,1.53,2.24,4.30,0.00,80.00,3.00
156196,359.16,-1.25,-1.90,0.68,0.97,2.38,1.52,2.22,4.27,0.00,80.00,3.00
156233,359.24,-1.24,-1.90,0.69,0.91,2.36,1.45,2.15,4.25,0.00,80.00,3.00
156262,359.22,-1.24,-1.90,0.79,0.90,2.38,1.57,2.13,4.28,0.00,80.00,3.00
156303,359.17,-1.25,-1.90,0.78,0.89,2.34,1.61,2.14,4.24,0.00,80.00,3.00
156332,359.17,-1.24,-1.90,0.79,0.90,2.28,1.62,2.14,4.18,0.00,80.00,3.00
156361,359.17,-1.24,-1.90,0.79,0.86,2.26,1.62,2.11,4.16,0.00,80.00,3.00
156393,359.22,-1.24,-1.89,0.81,0.88,2.22,1.59,2.12,4.11,0.00,80.00,3.00
156422,359.20,-1.24,-1.90,0.87,0.90,2.25,1.67,2.14,4.15,0.00,80.00,3.00
156452,359.19,-1.24,-1.90,0.90,0.87,2.26,1.71,2.11,4.15,0.00,80.00,3.00
156481,359.20,-1.25,-1.89,0.92,0.88,2.34,1.72,2.12,4.22,0.00,80.00,3.00
156510,359.19,-1.25,-1.89,0.91,0.85,2.37,1.72,2.10,4.26,0.00,80.00,3.00
156539,359.22,-1.25,-1.88,0.86,0.89,2.38,1.64,2.14,4.26,0.00,80.00,3.00
156568,359.13,-1.24,-1.88,0.85,0.92,2.41,1.72,2.16,4.29,0.00,80.00,3.00
156600,359.09,-1.24,-1.88,0.79,0.94,2.43,1.70,2.18,4.31,0.00,80.00,3.00
156629,359.08,-1.23,-1.88,0.71,0.90,2.34,1.63,2.13,4.23,0.00,80.00,3.00
156658,359.13,-1.24,-1.88,0.82,0.89,2.34,1.69,2.13,4.22,0.00,80.00,3.00
156688,359.14,-1.23,-1.86,0.87,0.83,2.33,1.73,2.06,4.19,0.00,80.00,3.00
156717,359.12,-1.22,-1.86,0.81,0.77,2.32,1.70,2.00,4.18,0.00,80.00,3.00
156746,359.12,-1.22,-1.85,0.75,0.76,2.30,1.63,1.98,4.16,0.00,80.00,3.00
156775,359.10,-1.22,-1.87,0.81,0.77,2.31,1.71,1.99,4.18,0.00,80.00,3.00
156807,359.15,-1.22,-1.86,0.84,0.79,2.31,1.68,2.01,4.17,0.00,80.00,3.00
156836,359.19,-1.22,-1.86,0.77,0.84,2.25,1.58,2.06,4.11,0.00,80.00,3.00
156865,359.13,-1.22,-1.86,0.78,0.83,2.28,1.65,2.06,4.14,0.00,80.00,3.00
156894,359.19,-1.21,-1.86,0.81,0.82,2.34,1.61,2.03,4.20,0.00,80.00,3.00
156923,359.16,-1.22,-1.85,0.79,0.84,2.35,1.63,2.06,4.20,0.00,80.00,3.00
156952,359.10,-1.22,-1.85,0.75,0.83,2.32,1.66,2.05,4.17,0.00,80.00,3.00
156982,359.11,-1.23,-1.85,0.66,0.80,2.37,1.54,2.03,4.23,0.00,80.00,3.00
157025,359.08,-1.23,-1.86,0.66,0.81,2.38,1.58,2.04,4.24,0.00,80.00,3.00
157054,359.14,-1.23,-1.86,0.53,0.86,2.31,1.39,2.09,4.17,0.00,80.00,3.00
157084,359.11,-1.23,-1.86,0.50,0.86,2.24,1.40,2.09,4.10,0.00,80.00,3.00
157113,359.10,-1.23,-1.86,0.53,0.88,2.21,1.43,2.11,4.07,0.00,80.00,3.00
157142,359.07,-1.23,-1.87,0.56,0.86,2.22,1.49,2.08,4.08,0.00,80.00,3.00
157171,359.11,-1.23,-1.87,0.53,0.91,2.23,1.42,2.14,4.10,0.00,80.00,3.00
157200,359.11,-1.22,-1.86,0.59,0.98,2.23,1.48,2.21,4.09,0.00,80.00,3.00
157232,359.13,-1.23,-1.86,0.62,0.98,2.31,1.49,2.20,4.17,0.00,80.00,3.00
157261,359.18,-1.23,-1.87,0.66,0.94,2.35,1.49,2.17,4.22,0.00,80.00,3.00
157290,359.25,-1.23,-1.87,0.65,0.97,2.37,1.40,2.20,4.25,0.00,80.00,3.00
157319,359.24,-1.24,-1.88,0.78,0.92,2.40,1.54,2.15,4.28,0.00,80.00,3.00
157348,359.26,-1.23,-1.88,0.89,0.84,2.42,1.63,2.07,4.31,0.00,80.00,3.00
157378,359.24,-1.22,-1.89,0.76,0.81,2.41,1.53,2.03,4.30,0.00,80.00,3.00
157407,359.22,-1.23,-1.89,0.75,0.82,2.42,1.53,2.05,4.32,0.00,80.00,3.00
157434,359.25,-1.23,-1.89,0.81,0.87,2.45,1.55,2.11,4.34,0.00,80.00,3.00
157463,359.27,-1.24,-1.89,0.86,0.86,2.44,1.59,2.09,4.34,0.00,80.00,3.00
157493,359.28,-1.24,-1.90,0.77,0.87,2.38,1.49,2.10,4.28,0.00,80.00,3.00
157522,359.23,-1.23,-1.90,0.78,0.86,2.37,1.55,2.10,4.26,0.00,80.00,3.00
157551,359.20,-1.24,-1.90,0.84,0.88,2.38,1.63,2.11,4.28,0.00,80.00,3.00
157580,359.13,-1.23,-1.90,0.77,0.87,2.40,1.64,2.10,4.30,0.00,80.00,3.00
157609,359.12,-1.23,-1.90,0.68,0.85,2.39,1.56,2.08,4.29,0.00,80.00,3.00
157638,359.16,-1.24,-1.90,0.59,0.88,2.35,1.44,2.11,4.25,0.00,80.00,3.00
157670,359.11,-1.23,-1.90,0.59,0.86,2.46,1.48,2.10,4.36,0.00,80.00,3.00
157699,359.01,-1.24,-1.89,0.61,0.86,2.45,1.60,2.10,4.34,0.00,80.00,3.00
157740,358.92,-1.25,-1.89,0.63,0.89,2.37,1.70,2.15,4.27,0.00,80.00,3.00
157769,358.95,-1.26,-1.89,0.71,0.94,2.35,1.76,2.19,4.25,0.00,80.00,3.00
157798,359.02,-1.25,-1.90,0.79,0.96,2.42,1.76,2.22,4.32,0.00,80.00,3.00
157827,358.99,-1.25,-1.89,0.78,0.98,2.37,1.79,2.23,4.26,0.00,80.00,3.00
157856,359.00,-1.25,-1.89,0.81,1.01,2.31,1.80,2.26,4.20,0.00,80.00,3.00
157897,359.01,-1.25,-1.90,0.78,1.01,2.38,1.77,2.25,4.28,0.00,80.00,3.00
157926,359.05,-1.25,-1.90,0.74,0.98,2.43,1.69,2.23,4.33,0.00,80.00,3.00
157955,359.05,-1.26,-1.89,0.59,0.93,2.37,1.54,2.19,4.27,0.00,80.00,3.00
157984,359.01,-1.24,-1.90,0.57,0.87,2.36,1.57,2.11,4.26,0.00,80.00,3.00
158013,358.99,-1.24,-1.90,0.48,0.87,2.38,1.50,2.11,4.27,0.00,80.00,3.00
158042,359.01,-1.25,-1.90,0.41,0.88,2.34,1.40,2.13,4.24,0.00,80.00,3.00
158071,359.03,-1.25,-1.90,0.33,0.87,2.37,1.30,2.13,4.27,0.00,80.00,3.00
158103,359.07,-1.26,-1.90,0.37,0.89,2.47,1.30,2.15,4.37,0.00,80.00,3.00
158132,359.11,-1.26,-1.90,0.40,0.93,2.52,1.29,2.19,4.43,0.00,80.00,3.00
158161,359.05,-1.26,-1.90,0.49,0.94,2.56,1.44,2.20,4.47,0.00,80.00,3.00
158190,359.03,-1.26,-1.91,0.54,0.94,2.54,1.50,2.20,4.45,0.00,80.00,3.00
158219,359.12,-1.26,-1.92,0.70,0.94,2.49,1.57,2.20,4.41,0.00,80.00,3.00
158248,359.16,-1.27,-1.92,0.72,0.96,2.42,1.56,2.23,4.35,0.00,80.00,3.00
158277,359.12,-1.26,-1.92,0.77,0.94,2.39,1.65,2.20,4.31,0.00,80.00,3.00
158309,359.06,-1.25,-1.93,0.71,0.91,2.31,1.65,2.17,4.23,0.00,80.00,3.00
158339,359.03,-1.25,-1.92,0.78,0.90,2.26,1.76,2.16,4.18,0.00,80.00,3.00
158368,359.04,-1.26,-1.93,0.73,0.90,2.32,1.69,2.16,4.25,0.00,80.00,3.00
158397,358.99,-1.26,-1.94,0.72,0.86,2.34,1.74,2.12,4.28,0.00,80.00,3.00
158426,359.03,-1.25,-1.94,0.79,0.87,2.39,1.76,2.12,4.32,0.00,80.00,3.00
158466,359.11,-1.26,-1.93,0.88,0.87,2.43,1.77,2.12,4.37,0.00,80.00,3.00
158496,359.09,-1.25,-1.94,0.90,0.90,2.52,1.81,2.16,4.45,0.00,80.00,3.00
158527,359.11,-1.26,-1.93,0.89,0.91,2.46,1.78,2.17,4.40,0.00,80.00,3.00
158557,359.08,-1.25,-1.93,0.91,0.92,2.47,1.83,2.18,4.40,0.00,80.00,3.00
158586,359.14,-1.27,-1.93,0.85,0.96,2.47,1.72,2.22,4.40,0.00,80.00,3.00
158615,359.15,-1.26,-1.93,0.92,0.91,2.43,1.77,2.17,4.36,0.00,80.00,3.00
158644,359.13,-1.27,-1.93,0.86,0.90,2.41,1.73,2.17,4.34,0.00,80.00,3.00
158673,359.10,-1.26,-1.93,0.87,0.87,2.44,1.77,2.13,4.37,0.00,80.00,3.00
158702,359.10,-1.27,-1.93,0.85,0.88,2.41,1.75,2.15,4.34,0.00,80.00,3.00
158734,359.11,-1.26,-1.92,0.84,0.87,2.41,1.73,2.13,4.34,0.00,80.00,3.00
158763,359.07,-1.26,-1.92,0.73,0.89,2.37,1.67,2.15,4.28,0.00,80.00,3.00
158792,359.05,-1.26,-1.91,0.69,0.93,2.36,1.64,2.19,4.28,0.00,80.00,3.00
158821,359.10,-1.27,-1.91,0.73,0.91,2.34,1.64,2.18,4.26,0.00,80.00,3.00
158850,359.06,-1.28,-1.91,0.77,0.92,2.34,1.71,2.20,4.25,0.00,80.00,3.00
158879,359.01,-1.28,-1.91,0.84,0.91,2.31,1.83,2.19,4.22,0.00,80.00,3.00
158909,358.96,-1.28,-1.91,0.83,0.90,2.32,1.87,2.18,4.24,0.00,80.00,3.00
158941,359.04,-1.27,-1.91,0.85,0.90,2.37,1.81,2.17,4.29,0.00,80.00,3.00
158970,359.05,-1.27,-1.92,0.83,0.89,2.35,1.78,2.16,4.27,0.00,80.00,3.00
158999,359.00,-1.27,-1.92,0.73,0.90,2.30,1.73,2.17,4.22,0.00,80.00,3.00
159028,359.03,-1.27,-1.92,0.71,0.91,2.34,1.68,2.18,4.26,0.00,80.00,3.00
159057,359.11,-1.27,-1.91,0.72,0.90,2.31,1.61,2.17,4.22,0.00,80.00,3.00
159086,359.20,-1.28,-1.92,0.76,0.89,2.29,1.56,2.17,4.21,0.00,80.00,3.00
159115,359.20,-1.28,-1.91,0.75,0.91,2.22,1.55,2.19,4.14,0.00,80.00,3.00
159147,359.21,-1.28,-1.91,0.77,0.89,2.27,1.56,2.17,4.18,0.00,80.00,3.00
159188,359.21,-1.29,-1.91,0.82,0.96,2.35,1.61,2.24,4.26,0.00,80.00,3.00
159217,359.22,-1.29,-1.90,0.89,0.97,2.35,1.66,2.26,4.26,0.00,80.00,3.00
159246,359.25,-1.28,-1.90,0.79,1.03,2.33,1.54,2.31,4.23,0.00,80.00,3.00
159275,359.21,-1.28,-1.89,0.75,1.05,2.37,1.55,2.32,4.26,0.00,80.00,3.00
159304,359.14,-1.28,-1.88,0.77,1.05,2.42,1.63,2.32,4.30,0.00,80.00,3.00
159333,359.21,-1.28,-1.88,0.74,1.08,2.41,1.53,2.35,4.29,0.00,80.00,3.00
159365,359.14,-1.29,-1.88,0.66,1.03,2.33,1.52,2.31,4.21,0.00,80.00,3.00
159394,359.12,-1.29,-1.89,0.59,1.03,2.35,1.47,2.32,4.24,0.00,80.00,3.00
159423,359.05,-1.29,-1.89,0.69,0.98,2.39,1.64,2.27,4.29,0.00,80.00,3.00
159452,359.09,-1.28,-1.90,0.76,1.03,2.32,1.67,2.31,4.22,0.00,80.00,3.00
159481,359.10,-1.29,-1.90,0.75,0.97,2.29,1.64,2.26,4.19,0.00,80.00,3.00
159510,359.19,-1.29,-1.90,0.80,0.94,2.31,1.61,2.23,4.21,0.00,80.00,3.00
159548,359.15,-1.29,-1.90,0.83,0.93,2.27,1.68,2.21,4.17,0.00,80.00,3.00
159580,359.09,-1.29,-1.90,0.74,0.90,2.23,1.65,2.18,4.12,0.00,80.00,3.00
159609,359.06,-1.28,-1.90,0.63,0.88,2.20,1.57,2.16,4.10,0.00,80.00,3.00
159638,359.06,-1.28,-1.89,0.65,0.83,2.25,1.59,2.11,4.14,0.00,80.00,3.00
159667,359.12,-1.29,-1.90,0.58,0.92,2.19,1.47,2.21,4.09,0.00,80.00,3.00
159696,359.12,-1.30,-1.91,0.64,0.93,2.20,1.52,2.23,4.11,0.00,80.00,3.00
159725,359.10,-1.30,-1.91,0.73,0.92,2.29,1.62,2.22,4.20,0.00,80.00,3.00
159754,359.05,-1.29,-1.91,0.81,0.92,2.34,1.77,2.22,4.25,0.00,80.00,3.00
159786,359.04,-1.31,-1.91,0.91,0.95,2.39,1.87,2.25,4.29,0.00,80.00,3.00
159815,359.02,-1.31,-1.90,1.02,0.99,2.42,2.00,2.31,4.33,0.00,80.00,3.00
159844,359.04,-1.31,-1.89,0.92,0.91,2.45,1.88,2.22,4.35,0.00,80.00,3.00
159873,359.07,-1.31,-1.89,0.87,0.94,2.43,1.80,2.25,4.31,0.00,80.00,3.00
159970,359.11,-1.31,-1.88,0.78,0.92,2.40,1.66,2.23,4.28,0.00,80.00,3.00
159999,359.11,-1.32,-1.89,0.76,0.90,2.35,1.65,2.22,4.24,0.00,80.00,3.00
160028,359.01,-1.32,-1.90,0.68,0.91,2.40,1.67,2.23,4.30,0.00,80.00,3.00
160060,359.05,-1.32,-1.89,0.61,0.97,2.36,1.56,2.29,4.25,0.00,80.00,3.00
160089,359.00,-1.32,-1.89,0.72,0.99,2.30,1.72,2.31,4.20,0.00,80.00,3.00
160118,359.00,-1.32,-1.90,0.73,1.00,2.31,1.72,2.32,4.21,0.00,80.00,3.00
160146,359.01,-1.31,-1.90,0.77,1.06,2.40,1.76,2.38,4.29,0.00,80.00,3.00
160175,359.04,-1.32,-1.89,0.60,1.09,2.39,1.57,2.41,4.28,0.00,80.00,3.00
160204,359.07,-1.32,-1.89,0.66,1.08,2.43,1.59,2.40,4.32,0.00,80.00,3.00
160233,359.09,-1.32,-1.89,0.52,0.99,2.35,1.43,2.31,4.24,0.00,80.00,3.00
160270,359.04,-1.33,-1.89,0.49,0.96,2.31,1.45,2.29,4.20,0.00,80.00,3.00
160299,359.07,-1.33,-1.89,0.52,0.92,2.29,1.45,2.25,4.18,0.00,80.00,3.00
160328,359.04,-1.33,-1.89,0.58,0.93,2.32,1.53,2.25,4.21,0.00,80.00,3.00
160357,359.03,-1.32,-1.90,0.56,0.88,2.33,1.53,2.20,4.22,0.00,80.00,3.00
160386,358.97,-1.32,-1.89,0.62,0.84,2.36,1.65,2.16,4.25,0.00,80.00,3.00
160414,358.96,-1.32,-1.90,0.69,0.86,2.29,1.73,2.18,4.19,0.00,80.00,3.00
160443,359.04,-1.32,-1.89,0.75,0.89,2.25,1.70,2.21,4.14,0.00,80.00,3.00
160475,359.08,-1.32,-1.88,0.76,0.88,2.24,1.68,2.19,4.12,0.00,80.00,3.00
160505,359.06,-1.32,-1.87,0.73,0.90,2.23,1.67,2.21,4.10,0.00,80.00,3.00
160534,359.08,-1.32,-1.87,0.87,0.93,2.30,1.79,2.25,4.17,0.00,80.00,3.00
160563,359.12,-1.32,-1.86,0.95,0.97,2.35,1.83,2.29,4.21,0.00,80.00,3.00
160592,359.11,-1.32,-1.86,0.93,1.00,2.42,1.82,2.32,4.28,0.00,80.00,3.00
160622,359.08,-1.32,-1.86,0.92,1.00,2.44,1.84,2.32,4.30,0.00,80.00,3.00
160663,358.99,-1.31,-1.85,1.02,1.03,2.49,2.03,2.34,4.34,0.00,80.00,3.00
160695,358.98,-1.31,-1.86,1.02,1.01,2.52,2.04,2.32,4.37,0.00,80.00,3.00
160724,358.92,-1.32,-1.85,0.93,1.05,2.48,2.01,2.37,4.33,0.00,80.00,3.00
160753,358.96,-1.32,-1.85,0.89,1.03,2.44,1.93,2.36,4.29,0.00,80.00,3.00
160783,358.89,-1.31,-1.86,0.83,0.99,2.44,1.93,2.30,4.30,0.00,80.00,3.00
160812,358.91,-1.32,-1.86,0.76,0.96,2.44,1.85,2.28,4.30,0.00,80.00,3.00
160841,358.92,-1.32,-1.87,0.69,0.87,2.32,1.78,2.20,4.19,0.00,80.00,3.00
160870,358.92,-1.33,-1.88,0.77,0.91,2.34,1.85,2.23,4.21,0.00,80.00,3.00
160902,358.90,-1.32,-1.89,0.89,0.84,2.33,1.99,2.17,4.22,0.00,80.00,3.00
160932,358.90,-1.31,-1.88,0.92,0.93,2.29,2.02,2.25,4.17,0.00,80.00,3.00
160961,358.93,-1.30,-1.88,1.07,0.93,2.29,2.14,2.24,4.17,0.00,80.00,3.00
160990,358.97,-1.31,-1.87,1.05,0.95,2.28,2.08,2.26,4.15,0.00,80.00,3.00
161019,358.90,-1.31,-1.87,1.09,0.96,2.30,2.19,2.27,4.18,0.00,80.00,3.00
161049,358.87,-1.31,-1.88,0.91,0.94,2.34,2.04,2.25,4.22,0.00,80.00,3.00
161078,358.87,-1.31,-1.88,0.83,0.90,2.32,1.97,2.21,4.20,0.00,80.00,3.00
161110,358.86,-1.31,-1.88,0.66,0.86,2.36,1.81,2.17,4.24,0.00,80.00,3.00
161139,358.93,-1.31,-1.88,0.69,0.87,2.29,1.76,2.18,4.17,0.00,80.00,3.00
161168,359.04,-1.31,-1.88,0.69,0.89,2.36,1.65,2.20,4.24,0.00,80.00,3.00
161206,359.03,-1.31,-1.88,0.69,0.85,2.28,1.66,2.16,4.15,0.00,80.00,3.00
161235,359.01,-1.31,-1.88,0.78,0.86,2.27,1.77,2.17,4.14,0.00,80.00,3.00
161264,359.10,-1.30,-1.88,0.88,0.91,2.22,1.78,2.21,4.10,0.00,80.00,3.00
161294,359.09,-1.30,-1.88,0.95,0.91,2.32,1.86,2.20,4.20,0.00,80.00,3.00
161326,359.13,-1.29,-1.87,0.88,0.88,2.33,1.75,2.17,4.20,0.00,80.00,3.00
161367,359.15,-1.29,-1.88,0.86,0.89,2.26,1.71,2.18,4.14,0.00,80.00,3.00
161396,359.17,-1.29,-1.88,0.86,0.93,2.29,1.69,2.22,4.17,0.00,80.00,3.00
161425,359.10,-1.28,-1.89,0.74,0.95,2.26,1.64,2.24,4.15,0.00,80.00,3.00
161454,359.03,-1.29,-1.89,0.69,0.96,2.20,1.66,2.25,4.09,0.00,80.00,3.00
161484,358.99,-1.29,-1.89,0.76,0.97,2.17,1.77,2.26,4.06,0.00,80.00,3.00
161513,358.97,-1.28,-1.88,0.70,1.01,2.17,1.74,2.29,4.05,0.00,80.00,3.00
161545,359.00,-1.29,-1.88,0.68,1.00,2.18,1.68,2.29,4.07,0.00,80.00,3.00
161574,359.04,-1.28,-1.88,0.76,0.95,2.18,1.72,2.23,4.06,0.00,80.00,3.00
161603,359.07,-1.28,-1.88,0.82,0.96,2.28,1.76,2.23,4.16,0.00,80.00,3.00
161632,359.06,-1.27,-1.87,0.83,0.95,2.33,1.77,2.22,4.20,0.00,80.00,3.00
161662,358.99,-1.28,-1.88,0.79,0.91,2.40,1.79,2.19,4.29,0.00,80.00,3.00
161691,358.97,-1.28,-1.88,0.77,0.87,2.42,1.80,2.15,4.30,0.00,80.00,3.00
161720,358.97,-1.28,-1.88,0.71,0.92,2.42,1.74,2.21,4.31,0.00,80.00,3.00
161752,358.94,-1.28,-1.89,0.64,0.94,2.33,1.70,2.22,4.22,0.00,80.00,3.00
161781,358.95,-1.28,-1.89,0.55,0.91,2.29,1.60,2.19,4.17,0.00,80.00,3.00
161811,358.88,-1.28,-1.89,0.58,0.90,2.21,1.70,2.17,4.11,0.00,80.00,3.00
161840,358.89,-1.28,-1.89,0.65,0.92,2.17,1.76,2.19,4.06,0.00,80.00,3.00
161869,358.88,-1.27,-1.89,0.70,0.95,2.18,1.82,2.22,4.07,0.00,80.00,3.00
161898,358.91,-1.27,-1.89,0.66,0.94,2.21,1.75,2.21,4.10,0.00,80.00,3.00
161927,358.88,-1.27,-1.90,0.77,0.90,2.33,1.89,2.17,4.23,0.00,80.00,3.00
161959,358.87,-1.27,-1.90,0.77,0.90,2.36,1.90,2.17,4.26,0.00,80.00,3.00
161989,358.92,-1.27,-1.90,0.78,0.90,2.30,1.86,2.17,4.20,0.00,80.00,3.00
162018,358.90,-1.28,-1.91,0.60,0.90,2.34,1.70,2.19,4.25,0.00,80.00,3.00
162059,358.92,-1.28,-1.90,0.65,0.91,2.37,1.73,2.20,4.27,0.00,80.00,3.00
162088,358.94,-1.28,-1.91,0.73,0.94,2.38,1.78,2.22,4.29,0.00,80.00,3.00
162117,358.99,-1.28,-1.90,0.69,0.95,2.35,1.70,2.23,4.25,0.00,80.00,3.00
162146,359.00,-1.29,-1.91,0.68,0.96,2.39,1.69,2.25,4.29,0.00,80.00,3.00
162178,358.99,-1.27,-1.91,0.67,0.97,2.45,1.68,2.24,4.36,0.00,80.00,3.00
162208,358.96,-1.27,-1.91,0.77,0.95,2.39,1.81,2.22,4.30,0.00,80.00,3.00
162237,358.99,-1.27,-1.91,0.71,0.91,2.37,1.72,2.18,4.28,0.00,80.00,3.00
162266,358.96,-1.26,-1.92,0.62,0.92,2.35,1.65,2.18,4.27,0.00,80.00,3.00
162295,359.01,-1.26,-1.91,0.61,0.97,2.35,1.60,2.24,4.26,0.00,80.00,3.00
162324,358.93,-1.26,-1.92,0.63,0.97,2.37,1.69,2.23,4.29,0.00,80.00,3.00
162354,358.97,-1.26,-1.91,0.64,0.93,2.40,1.67,2.19,4.31,0.00,80.00,3.00
162386,358.99,-1.25,-1.91,0.58,0.93,2.37,1.59,2.18,4.28,0.00,80.00,3.00
162415,358.94,-1.26,-1.91,0.67,0.96,2.36,1.73,2.21,4.27,0.00,80.00,3.00
162444,358.92,-1.26,-1.92,0.71,0.92,2.35,1.78,2.18,4.27,0.00,80.00,3.00
162473,358.95,-1.26,-1.93,0.64,0.95,2.31,1.69,2.21,4.24,0.00,80.00,3.00
162503,358.90,-1.26,-1.93,0.64,0.95,2.31,1.73,2.20,4.24,0.00,80.00,3.00
162532,358.89,-1.26,-1.93,0.60,0.95,2.28,1.70,2.21,4.20,0.00,80.00,3.00
162561,358.91,-1.27,-1.92,0.67,0.96,2.32,1.77,2.23,4.24,0.00,80.00,3.00
162593,358.87,-1.27,-1.91,0.65,0.96,2.38,1.78,2.23,4.30,0.00,80.00,3.00
162622,358.91,-1.27,-1.91,0.63,0.93,2.39,1.72,2.20,4.30,0.00,80.00,3.00
162652,358.94,-1.28,-1.91,0.72,0.91,2.44,1.78,2.19,4.35,0.00,80.00,3.00
162681,358.85,-1.28,-1.91,0.78,0.93,2.47,1.94,2.22,4.38,0.00,80.00,3.00
162710,358.88,-1.28,-1.91,0.76,0.94,2.56,1.88,2.22,4.47,0.00,80.00,3.00
162739,358.93,-1.28,-1.91,0.70,0.94,2.54,1.77,2.22,4.45,0.00,80.00,3.00
162780,358.85,-1.28,-1.91,0.69,0.94,2.49,1.84,2.22,4.40,0.00,80.00,3.00
162812,358.83,-1.29,-1.91,0.71,0.96,2.45,1.88,2.24,4.35,0.00,80.00,3.00
162850,358.78,-1.29,-1.91,0.74,0.91,2.46,1.96,2.20,4.37,0.00,80.00,3.00
162879,358.75,-1.29,-1.91,0.69,0.93,2.40,1.93,2.22,4.31,0.00,80.00,3.00
162908,358.79,-1.29,-1.91,0.74,0.92,2.36,1.95,2.21,4.27,0.00,80.00,3.00
162937,358.79,-1.29,-1.92,0.76,0.93,2.37,1.96,2.21,4.29,0.00,80.00,3.00
162966,358.87,-1.28,-1.93,0.77,0.93,2.38,1.91,2.21,4.31,0.00,80.00,3.00
162995,358.92,-1.29,-1.93,0.80,0.92,2.39,1.88,2.21,4.32,0.00,80.00,3.00
163027,358.89,-1.28,-1.94,0.79,0.95,2.46,1.90,2.24,4.40,0.00,80.00,3.00
163057,358.89,-1.28,-1.94,0.77,0.95,2.46,1.88,2.23,4.39,0.00,80.00,3.00
163086,358.83,-1.29,-1.93,0.74,0.97,2.47,1.91,2.26,4.40,0.00,80.00,3.00
163115,358.86,-1.29,-1.93,0.67,1.00,2.48,1.80,2.29,4.41,0.00,80.00,3.00
163144,358.85,-1.29,-1.93,0.73,1.01,2.48,1.88,2.30,4.41,0.00,80.00,3.00
163173,358.81,-1.29,-1.93,0.69,1.03,2.40,1.89,2.32,4.33,0.00,80.00,3.00
163202,358.76,-1.28,-1.93,0.72,1.06,2.39,1.96,2.34,4.32,0.00,80.00,3.00
163234,358.74,-1.27,-1.93,0.69,1.03,2.41,1.95,2.30,4.34,0.00,80.00,3.00
163263,358.75,-1.27,-1.93,0.73,1.02,2.37,1.98,2.30,4.31,0.00,80.00,3.00
163293,358.76,-1.28,-1.93,0.79,0.99,2.33,2.02,2.27,4.26,0.00,80.00,3.00
163322,358.86,-1.27,-1.92,0.72,1.02,2.27,1.86,2.30,4.20,0.00,80.00,3.00
163351,358.96,-1.28,-1.93,0.72,0.97,2.31,1.75,2.25,4.23,0.00,80.00,3.00
163380,359.00,-1.29,-1.92,0.75,0.96,2.30,1.75,2.25,4.23,0.00,80.00,3.00
163409,358.98,-1.30,-1.92,0.80,0.97,2.31,1.82,2.27,4.22,0.00,80.00,3.00
163441,359.00,-1.30,-1.92,0.80,0.95,2.38,1.81,2.25,4.30,0.00,80.00,3.00
163483,359.02,-1.30,-1.92,0.74,0.96,2.42,1.71,2.26,4.35,0.00,80.00,3.00
163512,359.00,-1.30,-1.92,0.80,1.04,2.48,1.81,2.34,4.40,0.00,80.00,3.00
163541,358.96,-1.29,-1.91,0.86,1.01,2.46,1.90,2.31,4.37,0.00,80.00,3.00
163570,358.96,-1.29,-1.92,0.71,0.98,2.44,1.75,2.27,4.36,0.00,80.00,3.00
163599,358.86,-1.29,-1.93,0.69,0.95,2.45,1.83,2.24,4.38,0.00,80.00,3.00
163628,358.80,-1.29,-1.93,0.70,0.95,2.44,1.90,2.24,4.37,0.00,80.00,3.00
163660,358.78,-1.29,-1.93,0.80,0.90,2.42,2.03,2.19,4.35,0.00,80.00,3.00
163689,358.83,-1.30,-1.93,0.84,0.89,2.35,2.02,2.19,4.28,0.00,80.00,3.00
163718,358.91,-1.29,-1.93,0.88,0.94,2.35,1.97,2.23,4.28,0.00,80.00,3.00
163748,358.95,-1.29,-1.92,0.93,0.96,2.33,1.98,2.25,4.24,0.00,80.00,3.00
163777,358.89,-1.28,-1.91,0.86,0.95,2.31,1.97,2.23,4.22,0.00,80.00,3.00
163806,358.86,-1.29,-1.92,0.77,0.91,2.38,1.91,2.19,4.30,0.00,80.00,3.00
163835,358.87,-1.29,-1.91,0.74,0.89,2.36,1.87,2.18,4.27,0.00,80.00,3.00
163867,358.87,-1.29,-1.92,0.73,0.90,2.41,1.86,2.18,4.33,0.00,80.00,3.00
163896,358.96,-1.28,-1.91,0.75,0.92,2.41,1.79,2.21,4.32,0.00,80.00,3.00
163925,359.00,-1.28,-1.91,0.77,0.89,2.40,1.77,2.17,4.30,0.00,80.00,3.00
163954,359.00,-1.29,-1.90,0.94,0.98,2.39,1.93,2.27,4.29,0.00,80.00,3.00
163983,358.93,-1.28,-1.89,0.94,1.00,2.39,2.01,2.28,4.28,0.00,80.00,3.00
164013,359.01,-1.28,-1.89,0.87,0.98,2.42,1.87,2.26,4.32,0.00,80.00,3.00
164042,359.06,-1.27,-1.88,0.85,0.93,2.47,1.79,2.21,4.35,0.00,80.00,3.00
164074,359.11,-1.26,-1.88,0.82,0.95,2.42,1.71,2.22,4.30,0.00,80.00,3.00
164103,359.16,-1.27,-1.89,0.72,0.94,2.41,1.56,2.20,4.29,0.00,80.00,3.00
164132,359.14,-1.26,-1.87,0.67,0.92,2.37,1.53,2.18,4.24,0.00,80.00,3.00
164173,359.11,-1.26,-1.85,0.64,0.91,2.37,1.52,2.16,4.22,0.00,80.00,3.00
164202,359.10,-1.25,-1.85,0.62,0.93,2.32,1.52,2.18,4.17,0.00,80.00,3.00
164232,358.99,-1.24,-1.84,0.76,0.95,2.33,1.77,2.20,4.18,0.00,80.00,3.00
164261,358.99,-1.25,-1.85,0.74,0.97,2.38,1.75,2.22,4.23,0.00,80.00,3.00
164293,359.02,-1.25,-1.86,0.80,1.00,2.40,1.78,2.24,4.26,0.00,80.00,3.00
164322,359.00,-1.25,-1.86,0.80,1.00,2.46,1.79,2.25,4.32,0.00,80.00,3.00
164351,359.04,-1.25,-1.87,0.80,1.00,2.49,1.75,2.26,4.36,0.00,80.00,3.00
164380,359.07,-1.26,-1.86,0.73,0.95,2.48,1.66,2.21,4.35,0.00,80.00,3.00
164409,359.06,-1.26,-1.87,0.66,0.94,2.43,1.60,2.20,4.30,0.00,80.00,3.00
164438,359.02,-1.26,-1.86,0.71,0.91,2.40,1.69,2.17,4.27,0.00,80.00,3.00
164467,359.02,-1.27,-1.85,0.68,0.90,2.33,1.66,2.17,4.18,0.00,80.00,3.00
164508,359.00,-1.27,-1.84,0.71,0.91,2.33,1.71,2.17,4.17,0.00,80.00,3.00
164537,359.06,-1.27,-1.84,0.82,0.87,2.37,1.76,2.15,4.21,0.00,80.00,3.00
164567,359.05,-1.27,-1.84,0.80,0.84,2.38,1.75,2.11,4.23,0.00,80.00,3.00
164596,359.05,-1.27,-1.85,0.75,0.83,2.43,1.70,2.10,4.28,0.00,80.00,3.00
164625,358.96,-1.27,-1.85,0.79,0.92,2.45,1.83,2.19,4.31,0.00,80.00,3.00
164654,358.97,-1.28,-1.86,0.83,0.90,2.49,1.86,2.19,4.34,0.00,80.00,3.00
164683,359.00,-1.27,-1.85,0.83,0.89,2.45,1.83,2.16,4.30,0.00,80.00,3.00
164715,359.05,-1.28,-1.86,0.82,0.91,2.39,1.78,2.19,4.25,0.00,80.00,3.00
164744,359.08,-1.28,-1.86,0.84,0.95,2.31,1.77,2.24,4.16,0.00,80.00,3.00
164773,359.08,-1.27,-1.85,0.84,0.96,2.29,1.76,2.23,4.14,0.00,80.00,3.00
164802,359.10,-1.27,-1.85,0.89,0.93,2.23,1.79,2.20,4.08,0.00,80.00,3.00
164831,359.04,-1.27,-1.85,0.86,0.97,2.22,1.83,2.24,4.07,0.00,80.00,3.00
164860,358.98,-1.27,-1.85,0.83,0.99,2.22,1.86,2.26,4.07,0.00,80.00,3.00
164901,358.98,-1.27,-1.85,0.85,0.97,2.31,1.87,2.24,4.16,0.00,80.00,3.00
164933,359.02,-1.27,-1.86,0.84,0.97,2.41,1.82,2.23,4.27,0.00,80.00,3.00
164962,359.09,-1.27,-1.85,0.88,0.93,2.36,1.79,2.19,4.21,0.00,80.00,3.00
164991,359.08,-1.26,-1.85,0.78,0.94,2.35,1.70,2.20,4.20,0.00,80.00,3.00
165020,359.10,-1.25,-1.85,0.76,0.95,2.36,1.66,2.20,4.21,0.00,80.00,3.00
165050,359.12,-1.25,-1.85,0.73,0.98,2.38,1.60,2.24,4.23,0.00,80.00,3.00
165079,359.10,-1.26,-1.84,0.66,1.01,2.34,1.56,2.27,4.19,0.00,80.00,3.00
165108,359.19,-1.27,-1.84,0.74,0.96,2.33,1.55,2.23,4.17,0.00,80.00,3.00
165140,359.20,-1.26,-1.84,0.71,0.91,2.41,1.51,2.17,4.24,0.00,80.00,3.00
165169,359.17,-1.26,-1.84,0.76,0.90,2.40,1.59,2.17,4.24,0.00,80.00,3.00
165198,359.13,-1.26,-1.83,0.73,0.84,2.35,1.60,2.10,4.18,0.00,80.00,3.00
165227,359.14,-1.27,-1.82,0.77,0.84,2.31,1.63,2.11,4.13,0.00,80.00,3.00
165256,359.09,-1.27,-1.83,0.71,0.88,2.27,1.63,2.15,4.11,0.00,80.00,3.00
165285,359.16,-1.27,-1.84,0.71,0.96,2.30,1.55,2.23,4.14,0.00,80.00,3.00
165314,359.22,-1.27,-1.84,0.81,0.97,2.31,1.60,2.23,4.15,0.00,80.00,3.00
165346,359.23,-1.27,-1.85,0.85,1.00,2.32,1.62,2.27,4.17,0.00,80.00,3.00
165375,359.19,-1.27,-1.85,0.77,1.07,2.31,1.58,2.34,4.16,0.00,80.00,3.00
165405,359.09,-1.27,-1.85,0.79,1.01,2.40,1.70,2.28,4.24,0.00,80.00,3.00
165434,359.07,-1.27,-1.85,0.75,1.00,2.42,1.68,2.28,4.26,0.00,80.00,3.00
165463,359.14,-1.27,-1.85,0.74,0.94,2.28,1.60,2.21,4.12,0.00,80.00,3.00
165492,359.10,-1.28,-1.84,0.69,0.90,2.32,1.59,2.18,4.16,0.00,80.00,3.00
165521,359.07,-1.29,-1.84,0.72,0.86,2.34,1.65,2.15,4.18,0.00,80.00,3.00
165553,359.10,-1.29,-1.84,0.75,0.81,2.35,1.65,2.09,4.19,0.00,80.00,3.00
165594,359.12,-1.30,-1.84,0.73,0.84,2.29,1.61,2.13,4.13,0.00,80.00,3.00
165623,359.08,-1.29,-1.85,0.83,0.82,2.34,1.75,2.11,4.19,0.00,80.00,3.00
165652,359.02,-1.30,-1.86,0.82,0.82,2.36,1.80,2.12,4.22,0.00,80.00,3.00
165681,359.03,-1.29,-1.89,0.71,0.85,2.34,1.68,2.15,4.22,0.00,80.00,3.00
165710,359.01,-1.30,-1.90,0.63,0.82,2.36,1.62,2.11,4.26,0.00,80.00,3.00
165740,359.00,-1.30,-1.90,0.65,0.84,2.41,1.65,2.14,4.31,0.00,80.00,3.00
165772,359.00,-1.30,-1.90,0.63,0.87,2.40,1.63,2.17,4.30,0.00,80.00,3.00
165801,358.98,-1.29,-1.89,0.56,0.87,2.40,1.58,2.16,4.29,0.00,80.00,3.00
165830,358.98,-1.29,-1.88,0.49,0.89,2.43,1.51,2.17,4.31,0.00,80.00,3.00
165859,358.95,-1.29,-1.87,0.61,0.91,2.40,1.66,2.20,4.27,0.00,80.00,3.00
165888,358.97,-1.29,-1.88,0.59,0.87,2.38,1.62,2.15,4.27,0.00,80.00,3.00
165917,358.97,-1.28,-1.88,0.63,0.87,2.36,1.66,2.16,4.24,0.00,80.00,3.00
165946,359.07,-1.28,-1.88,0.63,0.88,2.32,1.56,2.16,4.21,0.00,80.00,3.00
165978,359.04,-1.28,-1.89,0.77,0.82,2.32,1.73,2.09,4.21,0.00,80.00,3.00
166007,359.01,-1.28,-1.90,0.84,0.78,2.33,1.83,2.06,4.23,0.00,80.00,3.00
166036,358.97,-1.27,-1.89,0.85,0.83,2.30,1.89,2.10,4.19,0.00,80.00,3.00
166065,358.95,-1.27,-1.89,0.79,0.86,2.30,1.84,2.13,4.19,0.00,80.00,3.00
166095,358.98,-1.27,-1.89,0.73,0.85,2.40,1.76,2.12,4.28,0.00,80.00,3.00
166124,359.06,-1.27,-1.89,0.74,0.86,2.42,1.68,2.13,4.30,0.00,80.00,3.00
166161,359.05,-1.27,-1.88,0.63,0.89,2.43,1.59,2.16,4.31,0.00,80.00,3.00
166193,359.10,-1.27,-1.88,0.48,0.92,2.46,1.38,2.18,4.34,0.00,80.00,3.00
166222,359.08,-1.27,-1.88,0.43,0.92,2.47,1.34,2.19,4.35,0.00,80.00,3.00
166251,359.07,-1.27,-1.88,0.56,0.93,2.39,1.49,2.20,4.27,0.00,80.00,3.00
166293,359.13,-1.27,-1.87,0.52,0.95,2.32,1.39,2.22,4.19,0.00,80.00,3.00
166322,359.13,-1.27,-1.88,0.48,0.97,2.29,1.35,2.24,4.18,0.00,80.00,3.00
166351,359.13,-1.27,-1.89,0.61,1.00,2.31,1.48,2.27,4.20,0.00,80.00,3.00
166380,359.17,-1.27,-1.89,0.75,0.99,2.34,1.58,2.26,4.23,0.00,80.00,3.00
166412,359.17,-1.26,-1.89,0.67,0.91,2.37,1.51,2.17,4.25,0.00,80.00,3.00
166441,359.13,-1.27,-1.88,0.58,0.92,2.37,1.45,2.19,4.26,0.00,80.00,3.00
166470,359.09,-1.27,-1.89,0.68,0.95,2.47,1.59,2.21,4.35,0.00,80.00,3.00
166499,359.07,-1.28,-1.89,0.64,0.95,2.46,1.58,2.22,4.35,0.00,80.00,3.00
166528,359.04,-1.28,-1.90,0.59,0.95,2.47,1.55,2.23,4.37,0.00,80.00,3.00
166557,359.04,-1.27,-1.90,0.53,0.99,2.46,1.50,2.26,4.36,0.00,80.00,3.00
166586,359.04,-1.27,-1.90,0.52,1.01,2.47,1.48,2.28,4.37,0.00,80.00,3.00
166618,359.01,-1.26,-1.91,0.44,1.00,2.44,1.43,2.26,4.34,0.00,80.00,3.00
166647,358.98,-1.26,-1.91,0.45,0.99,2.39,1.46,2.25,4.30,0.00,80.00,3.00
166676,358.94,-1.26,-1.90,0.49,1.04,2.34,1.55,2.30,4.25,0.00,80.00,3.00
166705,358.92,-1.27,-1.91,0.58,1.00,2.31,1.66,2.27,4.22,0.00,80.00,3.00
166734,358.89,-1.27,-1.92,0.71,0.99,2.33,1.82,2.26,4.24,0.00,80.00,3.00
166763,358.85,-1.27,-1.91,0.78,0.95,2.34,1.92,2.22,4.25,0.00,80.00,3.00
166792,358.77,-1.27,-1.91,0.88,0.94,2.32,2.11,2.21,4.23,0.00,80.00,3.00
166824,358.76,-1.27,-1.91,0.80,0.88,2.32,2.04,2.15,4.22,0.00,80.00,3.00
166853,358.78,-1.26,-1.90,0.84,0.84,2.32,2.06,2.11,4.23,0.00,80.00,3.00
166882,358.83,-1.27,-1.90,0.77,0.88,2.33,1.94,2.16,4.22,0.00,80.00,3.00
166911,358.88,-1.27,-1.90,0.77,0.89,2.36,1.89,2.16,4.26,0.00,80.00,3.00
166940,358.81,-1.27,-1.90,0.76,0.91,2.38,1.95,2.18,4.28,0.00,80.00,3.00
166968,358.83,-1.27,-1.90,0.68,0.97,2.41,1.86,2.24,4.32,0.00,80.00,3.00
167009,358.90,-1.26,-1.91,0.73,1.03,2.42,1.83,2.29,4.33,0.00,80.00,3.00
167041,358.91,-1.26,-1.92,0.67,1.04,2.41,1.76,2.29,4.32,0.00,80.00,3.00
167070,358.83,-1.25,-1.91,0.73,0.99,2.41,1.90,2.25,4.32,0.00,80.00,3.00
167099,358.77,-1.25,-1.92,0.62,1.01,2.38,1.85,2.26,4.30,0.00,80.00,3.00
167127,358.78,-1.24,-1.92,0.65,1.01,2.33,1.87,2.25,4.25,0.00,80.00,3.00
167156,358.84,-1.24,-1.92,0.71,0.93,2.33,1.87,2.16,4.25,0.00,80.00,3.00
167185,358.77,-1.25,-1.92,0.73,0.88,2.34,1.96,2.13,4.26,0.00,80.00,3.00
167214,358.77,-1.24,-1.92,0.74,0.92,2.32,1.97,2.16,4.24,0.00,80.00,3.00
167246,358.86,-1.24,-1.93,0.70,0.90,2.34,1.84,2.14,4.27,0.00,80.00,3.00
167275,358.85,-1.24,-1.92,0.85,0.83,2.36,2.01,2.08,4.29,0.00,80.00,3.00
167304,358.86,-1.24,-1.92,0.85,0.88,2.46,1.99,2.12,4.37,0.00,80.00,3.00
167334,358.87,-1.24,-1.91,0.77,0.86,2.46,1.90,2.10,4.37,0.00,80.00,3.00
167363,358.91,-1.23,-1.92,0.77,0.85,2.51,1.86,2.08,4.43,0.00,80.00,3.00
167392,358.92,-1.23,-1.91,0.76,0.84,2.50,1.84,2.07,4.42,0.00,80.00,3.00
167421,358.95,-1.23,-1.91,0.73,0.88,2.46,1.79,2.11,4.37,0.00,80.00,3.00
167453,358.94,-1.23,-1.91,0.70,0.88,2.48,1.76,2.11,4.38,0.00,80.00,3.00
167483,359.00,-1.24,-1.90,0.80,0.88,2.49,1.80,2.12,4.39,0.00,80.00,3.00
167512,359.04,-1.23,-1.90,0.95,0.89,2.47,1.92,2.12,4.37,0.00,80.00,3.00
167541,359.03,-1.24,-1.90,0.87,0.95,2.41,1.84,2.18,4.31,0.00,80.00,3.00
167570,359.03,-1.24,-1.90,0.85,0.94,2.37,1.82,2.18,4.27,0.00,80.00,3.00
167599,359.01,-1.24,-1.90,0.81,0.97,2.35,1.80,2.21,4.25,0.00,80.00,3.00
167629,359.03,-1.24,-1.90,0.82,1.00,2.28,1.79,2.24,4.17,0.00,80.00,3.00
167661,359.08,-1.24,-1.90,0.74,0.96,2.25,1.66,2.19,4.15,0.00,80.00,3.00
167703,359.07,-1.23,-1.90,0.71,0.96,2.21,1.65,2.19,4.11,0.00,80.00,3.00
167732,359.05,-1.23,-1.89,0.77,0.97,2.21,1.72,2.20,4.10,0.00,80.00,3.00
167761,359.07,-1.23,-1.89,0.80,0.98,2.25,1.73,2.20,4.14,0.00,80.00,3.00
167799,358.98,-1.23,-1.90,0.86,1.00,2.30,1.88,2.22,4.19,0.00,80.00,3.00
167828,358.99,-1.22,-1.89,0.90,0.98,2.31,1.91,2.20,4.20,0.00,80.00,3.00
167857,359.01,-1.22,-1.89,0.93,0.98,2.34,1.92,2.19,4.23,0.00,80.00,3.00
167889,358.99,-1.22,-1.89,0.89,0.95,2.38,1.90,2.17,4.28,0.00,80.00,3.00
167919,358.93,-1.22,-1.90,0.87,0.94,2.39,1.94,2.15,4.30,0.00,80.00,3.00
167948,359.00,-1.21,-1.92,0.83,0.93,2.35,1.84,2.14,4.27,0.00,80.00,3.00
167977,359.03,-1.21,-1.92,0.83,0.98,2.33,1.80,2.19,4.24,0.00,80.00,3.00
168006,359.03,-1.21,-1.91,0.70,1.02,2.30,1.67,2.23,4.21,0.00,80.00,3.00
168035,359.06,-1.22,-1.90,0.65,1.02,2.31,1.59,2.23,4.22,0.00,80.00,3.00
168065,359.07,-1.22,-1.90,0.66,1.00,2.28,1.60,2.22,4.18,0.00,80.00,3.00
168097,359.04,-1.22,-1.90,0.69,0.94,2.37,1.65,2.16,4.27,0.00,80.00,3.00
168126,359.07,-1.22,-1.90,0.58,0.91,2.39,1.51,2.13,4.29,0.00,80.00,3.00
168155,359.10,-1.23,-1.90,0.63,0.86,2.40,1.53,2.09,4.30,0.00,80.00,3.00
168184,359.11,-1.23,-1.90,0.66,0.86,2.38,1.55,2.09,4.29,0.00,80.00,3.00
168214,359.20,-1.22,-1.91,0.70,0.87,2.38,1.50,2.09,4.29,0.00,80.00,3.00
168243,359.16,-1.22,-1.91,0.76,0.93,2.30,1.60,2.15,4.21,0.00,80.00,3.00
168272,359.17,-1.23,-1.91,0.79,0.98,2.23,1.62,2.21,4.14,0.00,80.00,3.00
168304,359.21,-1.23,-1.91,0.77,0.96,2.16,1.56,2.19,4.08,0.00,80.00,3.00
168333,359.17,-1.22,-1.91,0.74,1.01,2.13,1.57,2.23,4.03,0.00,80.00,3.00
168363,359.16,-1.22,-1.90,0.73,0.95,2.10,1.57,2.17,4.00,0.00,80.00,3.00
168458,359.19,-1.22,-1.91,0.66,0.90,2.08,1.47,2.12,3.99,0.00,80.00,3.00
168592,359.15,-1.21,-1.91,0.65,0.92,2.13,1.50,2.13,4.04,0.00,80.00,3.00
168730,359.22,-1.22,-1.92,0.71,0.90,2.20,1.49,2.11,4.11,0.00,80.00,3.00
168815,359.18,-1.22,-1.91,0.70,0.90,2.19,1.52,2.12,4.10,0.00,80.00,3.00
168848,359.20,-1.23,-1.91,0.75,0.90,2.22,1.54,2.14,4.13,0.00,80.00,3.00
168877,359.24,-1.23,-1.91,0.83,0.93,2.25,1.59,2.16,4.17,0.00,80.00,3.00
168906,359.25,-1.24,-1.91,0.83,0.92,2.25,1.58,2.16,4.16,0.00,80.00,3.00
168936,359.28,-1.24,-1.91,0.74,0.90,2.24,1.46,2.14,4.15,0.00,80.00,3.00
168965,359.31,-1.24,-1.90,0.81,0.91,2.24,1.50,2.15,4.15,0.00,80.00,3.00
168994,359.31,-1.23,-1.91,0.90,0.91,2.27,1.59,2.14,4.18,0.00,80.00,3.00
169023,359.37,-1.24,-1.90,0.95,0.89,2.40,1.58,2.12,4.30,0.00,80.00,3.00
169056,359.35,-1.24,-1.90,0.91,0.93,2.24,1.55,2.17,4.14,0.00,80.00,3.00
169085,359.33,-1.24,-1.89,0.86,1.03,2.23,1.52,2.27,4.12,0.00,80.00,3.00
169114,359.29,-1.24,-1.89,0.86,1.00,2.23,1.57,2.23,4.12,0.00,80.00,3.00
169143,359.29,-1.24,-1.89,0.80,0.92,2.24,1.50,2.16,4.13,0.00,80.00,3.00
169173,359.24,-1.25,-1.89,0.85,0.90,2.30,1.60,2.14,4.20,0.00,80.00,3.00
169202,359.17,-1.25,-1.89,0.85,0.89,2.33,1.68,2.14,4.21,0.00,80.00,3.00
169231,359.21,-1.25,-1.89,0.82,0.89,2.34,1.61,2.14,4.23,0.00,80.00,3.00
169263,359.18,-1.25,-1.90,0.79,0.82,2.39,1.61,2.08,4.29,0.00,80.00,3.00
169293,359.10,-1.25,-1.90,0.60,0.82,2.36,1.51,2.08,4.26,0.00,80.00,3.00
169322,359.04,-1.25,-1.91,0.66,0.91,2.29,1.61,2.16,4.19,0.00,80.00,3.00
169351,358.97,-1.24,-1.90,0.64,0.91,2.28,1.67,2.15,4.18,0.00,80.00,3.00
169380,359.01,-1.24,-1.90,0.67,0.91,2.30,1.66,2.15,4.20,0.00,80.00,3.00
169432,358.99,-1.24,-1.91,0.63,0.92,2.30,1.63,2.15,4.20,0.00,80.00,3.00
169461,358.94,-1.24,-1.91,0.65,0.95,2.28,1.71,2.19,4.19,0.00,80.00,3.00
169493,358.86,-1.24,-1.92,0.68,0.97,2.34,1.83,2.20,4.25,0.00,80.00,3.00
169522,358.80,-1.23,-1.92,0.68,0.94,2.38,1.88,2.17,4.30,0.00,80.00,3.00
169551,358.77,-1.23,-1.92,0.60,0.87,2.38,1.83,2.10,4.30,0.00,80.00,3.00
169580,358.81,-1.23,-1.92,0.57,0.87,2.37,1.76,2.10,4.29,0.00,80.00,3.00
169609,358.77,-1.24,-1.92,0.67,0.87,2.35,1.89,2.11,4.27,0.00,80.00,3.00
169639,358.86,-1.24,-1.92,0.60,0.84,2.33,1.74,2.08,4.25,0.00,80.00,3.00
169668,358.88,-1.24,-1.91,0.68,0.82,2.32,1.80,2.06,4.24,0.00,80.00,3.00
169700,358.86,-1.25,-1.91,0.67,0.84,2.31,1.82,2.08,4.22,0.00,80.00,3.00
169729,358.80,-1.25,-1.91,0.72,0.84,2.28,1.92,2.09,4.19,0.00,80.00,3.00
169767,358.84,-1.25,-1.90,0.71,0.82,2.26,1.87,2.07,4.17,0.00,80.00,3.00
169796,358.83,-1.26,-1.90,0.70,0.81,2.36,1.87,2.07,4.26,0.00,80.00,3.00
169825,358.78,-1.26,-1.90,0.63,0.84,2.33,1.85,2.10,4.24,0.00,80.00,3.00
169854,358.78,-1.26,-1.91,0.67,0.84,2.30,1.89,2.10,4.21,0.00,80.00,3.00
169883,358.69,-1.26,-1.91,0.66,0.85,2.29,1.97,2.11,4.20,0.00,80.00,3.00
169915,358.68,-1.26,-1.92,0.66,0.87,2.35,1.98,2.13,4.26,0.00,80.00,3.00
169944,358.67,-1.25,-1.93,0.66,0.92,2.33,1.99,2.18,4.26,0.00,80.00,3.00
169973,358.67,-1.26,-1.93,0.75,0.93,2.30,2.09,2.19,4.23,0.00,80.00,3.00
170003,358.64,-1.25,-1.93,0.78,0.91,2.33,2.14,2.16,4.26,0.00,80.00,3.00
170032,358.72,-1.25,-1.93,0.87,0.94,2.35,2.16,2.19,4.28,0.00,80.00,3.00
170061,358.63,-1.25,-1.93,0.83,0.95,2.32,2.19,2.20,4.25,0.00,80.00,3.00
170090,358.67,-1.25,-1.94,0.84,0.95,2.29,2.17,2.20,4.23,0.00,80.00,3.00
170135,358.70,-1.25,-1.93,0.95,0.93,2.31,2.25,2.18,4.25,0.00,80.00,3.00
170164,358.69,-1.25,-1.94,0.88,0.95,2.27,2.19,2.19,4.20,0.00,80.00,3.00
170193,358.78,-1.25,-1.93,0.82,0.97,2.32,2.05,2.22,4.26,0.00,80.00,3.00
170222,358.81,-1.25,-1.94,0.81,0.98,2.28,2.01,2.24,4.23,0.00,80.00,3.00
170251,358.76,-1.26,-1.94,0.83,0.98,2.34,2.06,2.24,4.28,0.00,80.00,3.00
170281,358.77,-1.26,-1.93,0.76,0.97,2.36,2.00,2.24,4.30,0.00,80.00,3.00
170310,358.76,-1.26,-1.92,0.68,0.99,2.36,1.92,2.25,4.28,0.00,80.00,3.00
170342,358.78,-1.26,-1.93,0.73,0.99,2.39,1.95,2.25,4.31,0.00,80.00,3.00
170371,358.69,-1.25,-1.92,0.76,1.01,2.41,2.07,2.26,4.34,0.00,80.00,3.00
170400,358.64,-1.26,-1.92,0.85,1.04,2.44,2.21,2.30,4.36,0.00,80.00,3.00
170429,358.66,-1.25,-1.92,0.78,1.07,2.44,2.12,2.33,4.37,0.00,80.00,3.00
170458,358.68,-1.26,-1.92,0.80,1.03,2.45,2.12,2.29,4.38,0.00,80.00,3.00
170487,358.64,-1.27,-1.92,0.89,0.99,2.45,2.25,2.26,4.37,0.00,80.00,3.00
170516,358.66,-1.27,-1.93,0.93,0.99,2.40,2.27,2.26,4.33,0.00,80.00,3.00
170549,358.66,-1.27,-1.93,0.82,0.98,2.42,2.16,2.25,4.35,0.00,80.00,3.00
170578,358.71,-1.27,-1.92,0.80,0.97,2.33,2.09,2.23,4.25,0.00,80.00,3.00
170607,358.68,-1.27,-1.93,0.82,0.92,2.29,2.14,2.20,4.21,0.00,80.00,3.00
170636,358.65,-1.27,-1.93,0.75,1.00,2.35,2.10,2.27,4.28,0.00,80.00,3.00
170665,358.65,-1.28,-1.93,0.73,0.97,2.40,2.08,2.25,4.32,0.00,80.00,3.00
170694,358.69,-1.28,-1.93,0.76,0.93,2.42,2.07,2.21,4.35,0.00,80.00,3.00
170723,358.76,-1.28,-1.94,0.79,0.91,2.39,2.03,2.19,4.33,0.00,80.00,3.00
170755,358.68,-1.28,-1.93,0.71,0.89,2.45,2.03,2.17,4.38,0.00,80.00,3.00
170797,358.68,-1.28,-1.93,0.69,0.94,2.43,2.01,2.22,4.36,0.00,80.00,3.00
170826,358.73,-1.29,-1.92,0.70,0.94,2.35,1.97,2.23,4.27,0.00,80.00,3.00
170855,358.70,-1.28,-1.91,0.68,0.97,2.30,1.98,2.25,4.21,0.00,80.00,3.00
170885,358.73,-1.29,-1.92,0.53,0.96,2.31,1.81,2.25,4.23,0.00,80.00,3.00
170914,358.67,-1.30,-1.92,0.57,0.93,2.35,1.90,2.23,4.27,0.00,80.00,3.00
170943,358.72,-1.30,-1.93,0.63,0.97,2.38,1.91,2.27,4.30,0.00,80.00,3.00
170975,358.83,-1.30,-1.93,0.56,0.91,2.43,1.73,2.22,4.35,0.00,80.00,3.00
171004,358.93,-1.30,-1.92,0.54,0.96,2.46,1.61,2.26,4.38,0.00,80.00,3.00
171033,358.98,-1.31,-1.92,0.57,1.01,2.45,1.59,2.32,4.37,0.00,80.00,3.00
171062,359.05,-1.32,-1.92,0.68,0.98,2.50,1.63,2.30,4.41,0.00,80.00,3.00
171091,359.08,-1.32,-1.91,0.68,0.97,2.43,1.60,2.28,4.34,0.00,80.00,3.00
171121,359.06,-1.32,-1.91,0.80,0.95,2.38,1.74,2.27,4.29,0.00,80.00,3.00
171150,359.06,-1.32,-1.91,0.89,0.85,2.38,1.82,2.16,4.29,0.00,80.00,3.00
171182,359.01,-1.31,-1.92,0.90,0.83,2.41,1.89,2.14,4.33,0.00,80.00,3.00
171211,358.99,-1.31,-1.92,0.79,0.90,2.38,1.80,2.21,4.30,0.00,80.00,3.00
171240,358.99,-1.31,-1.92,0.77,0.93,2.32,1.78,2.24,4.24,0.00,80.00,3.00
171269,358.98,-1.30,-1.92,0.69,0.93,2.34,1.70,2.22,4.26,0.00,80.00,3.00
171298,359.02,-1.29,-1.91,0.57,0.93,2.31,1.55,2.23,4.22,0.00,80.00,3.00
171327,359.07,-1.30,-1.90,0.58,0.97,2.29,1.51,2.27,4.19,0.00,80.00,3.00
171357,359.03,-1.29,-1.89,0.58,0.96,2.30,1.55,2.25,4.19,0.00,80.00,3.00
171389,359.10,-1.30,-1.89,0.56,0.94,2.26,1.47,2.23,4.15,0.00,80.00,3.00
171426,359.07,-1.30,-1.89,0.69,0.96,2.32,1.62,2.26,4.21,0.00,80.00,3.00
171455,359.15,-1.30,-1.88,0.83,0.99,2.34,1.68,2.30,4.21,0.00,80.00,3.00
171497,359.12,-1.30,-1.88,0.93,0.98,2.38,1.81,2.28,4.26,0.00,80.00,3.00
171526,359.16,-1.31,-1.88,0.82,0.99,2.40,1.66,2.30,4.27,0.00,80.00,3.00
171555,359.10,-1.31,-1.88,0.74,1.04,2.42,1.64,2.35,4.30,0.00,80.00,3.00
171584,359.12,-1.30,-1.88,0.81,1.00,2.43,1.69,2.30,4.30,0.00,80.00,3.00
171616,359.13,-1.30,-1.87,0.74,1.01,2.38,1.61,2.31,4.25,0.00,80.00,3.00
171645,359.05,-1.30,-1.88,0.71,1.04,2.34,1.66,2.34,4.21,0.00,80.00,3.00
171674,359.10,-1.30,-1.87,0.78,1.01,2.35,1.68,2.31,4.22,0.00,80.00,3.00
171703,359.08,-1.30,-1.88,0.84,0.98,2.36,1.76,2.27,4.24,0.00,80.00,3.00
171732,359.09,-1.30,-1.87,0.79,0.94,2.39,1.70,2.24,4.25,0.00,80.00,3.00
171762,359.09,-1.29,-1.87,0.76,0.92,2.43,1.67,2.21,4.30,0.00,80.00,3.00
171791,359.06,-1.29,-1.87,0.69,0.90,2.41,1.63,2.19,4.28,0.00,80.00,3.00
171823,359.07,-1.29,-1.88,0.57,0.88,2.34,1.50,2.18,4.23,0.00,80.00,3.00
171852,359.05,-1.29,-1.89,0.58,0.87,2.29,1.53,2.16,4.18,0.00,80.00,3.00
171881,359.06,-1.30,-1.90,0.64,0.90,2.29,1.59,2.20,4.19,0.00,80.00,3.00
171910,359.02,-1.29,-1.90,0.68,0.93,2.28,1.65,2.23,4.18,0.00,80.00,3.00
171939,359.01,-1.30,-1.90,0.60,0.88,2.30,1.59,2.18,4.20,0.00,80.00,3.00
171968,358.94,-1.29,-1.89,0.70,0.90,2.35,1.76,2.18,4.24,0.00,80.00,3.00
171997,358.96,-1.28,-1.89,0.82,0.92,2.39,1.87,2.20,4.28,0.00,80.00,3.00
172029,358.90,-1.28,-1.89,0.74,0.94,2.40,1.84,2.22,4.29,0.00,80.00,3.00
172058,358.90,-1.29,-1.89,0.69,0.95,2.43,1.79,2.24,4.32,0.00,80.00,3.00
172088,358.89,-1.28,-1.89,0.62,0.96,2.34,1.72,2.25,4.23,0.00,80.00,3.00
172117,358.87,-1.28,-1.89,0.69,1.03,2.37,1.82,2.31,4.26,0.00,80.00,3.00
172146,358.97,-1.28,-1.89,0.70,1.06,2.35,1.74,2.34,4.24,0.00,80.00,3.00
172188,358.90,-1.27,-1.89,0.74,1.10,2.35,1.84,2.37,4.24,0.00,80.00,3.00
172217,358.80,-1.28,-1.89,0.77,1.06,2.39,1.97,2.34,4.28,0.00,80.00,3.00
172249,358.78,-1.28,-1.88,0.78,1.01,2.44,2.01,2.28,4.32,0.00,80.00,3.00
172278,358.71,-1.27,-1.88,0.78,1.00,2.53,2.06,2.26,4.41,0.00,80.00,3.00
172307,358.70,-1.28,-1.89,0.76,0.93,2.55,2.06,2.21,4.44,0.00,80.00,3.00
172336,358.67,-1.27,-1.89,0.71,0.91,2.47,2.04,2.18,4.36,0.00,80.00,3.00
172365,358.69,-1.28,-1.89,0.80,0.91,2.44,2.11,2.19,4.33,0.00,80.00,3.00
172394,358.74,-1.28,-1.89,0.73,0.99,2.33,1.99,2.27,4.22,0.00,80.00,3.00
172423,358.78,-1.26,-1.89,0.77,0.99,2.30,1.99,2.25,4.19,0.00,80.00,3.00
172455,358.77,-1.26,-1.89,0.81,0.99,2.18,2.03,2.25,4.06,0.00,80.00,3.00
172484,358.75,-1.26,-1.88,0.86,0.99,2.19,2.10,2.25,4.07,0.00,80.00,3.00
172514,358.72,-1.26,-1.88,0.77,0.97,2.24,2.06,2.23,4.11,0.00,80.00,3.00
172543,358.71,-1.27,-1.89,0.76,0.96,2.17,2.05,2.22,4.06,0.00,80.00,3.00
172572,358.65,-1.26,-1.89,0.76,0.99,2.14,2.11,2.25,4.03,0.00,80.00,3.00
172601,358.62,-1.26,-1.89,0.71,0.99,2.18,2.09,2.25,4.07,0.00,80.00,3.00
172630,358.66,-1.26,-1.90,0.64,0.99,2.28,1.98,2.25,4.18,0.00,80.00,3.00
172662,358.66,-1.27,-1.89,0.61,1.02,2.30,1.95,2.29,4.19,0.00,80.00,3.00
172691,358.68,-1.27,-1.89,0.56,1.06,2.34,1.88,2.33,4.23,0.00,80.00,3.00
172720,358.66,-1.27,-1.88,0.60,1.03,2.37,1.93,2.31,4.25,0.00,80.00,3.00
172749,358.71,-1.28,-1.89,0.62,1.06,2.42,1.91,2.35,4.31,0.00,80.00,3.00
172778,358.71,-1.29,-1.89,0.65,1.06,2.43,1.94,2.35,4.32,0.00,80.00,3.00
172808,358.62,-1.29,-1.89,0.64,1.04,2.32,2.02,2.33,4.22,0.00,80.00,3.00
172837,358.54,-1.28,-1.90,0.67,1.03,2.29,2.13,2.31,4.19,0.00,80.00,3.00
172881,358.58,-1.29,-1.91,0.68,1.02,2.28,2.11,2.31,4.19,0.00,80.00,3.00
172911,358.58,-1.29,-1.90,0.70,1.01,2.33,2.12,2.30,4.23,0.00,80.00,3.00
172939,358.63,-1.29,-1.89,0.76,0.99,2.33,2.13,2.28,4.22,0.00,80.00,3.00
172969,358.57,-1.28,-1.90,0.83,0.96,2.37,2.26,2.24,4.27,0.00,80.00,3.00
172998,358.56,-1.29,-1.89,0.83,0.92,2.50,2.27,2.20,4.39,0.00,80.00,3.00
173027,358.50,-1.29,-1.88,0.85,0.90,2.50,2.35,2.19,4.39,0.00,80.00,3.00
173064,358.52,-1.29,-1.88,0.95,0.87,2.54,2.43,2.16,4.42,0.00,80.00,3.00
173096,358.56,-1.30,-1.88,0.97,0.89,2.59,2.41,2.18,4.47,0.00,80.00,3.00
173126,358.56,-1.29,-1.88,0.94,0.91,2.54,2.38,2.21,4.42,0.00,80.00,3.00
173155,358.63,-1.29,-1.88,0.90,0.94,2.35,2.26,2.23,4.23,0.00,80.00,3.00
173184,358.62,-1.30,-1.87,0.97,0.95,2.33,2.35,2.25,4.21,0.00,80.00,3.00
173213,358.57,-1.30,-1.87,0.96,0.97,2.27,2.40,2.28,4.14,0.00,80.00,3.00
173242,358.55,-1.31,-1.87,0.89,0.97,2.15,2.34,2.27,4.02,0.00,80.00,3.00
173271,358.57,-1.30,-1.87,0.91,0.87,2.17,2.34,2.18,4.03,0.00,80.00,3.00
173298,358.60,-1.31,-1.87,0.84,0.85,2.11,2.23,2.16,3.98,0.00,80.00,3.00
173328,358.64,-1.31,-1.86,0.76,0.85,2.15,2.12,2.17,4.01,0.00,80.00,3.00
173357,358.64,-1.31,-1.86,0.67,0.84,2.13,2.03,2.15,3.99,0.00,80.00,3.00
173386,358.64,-1.31,-1.85,0.61,0.83,2.19,1.97,2.14,4.04,0.00,80.00,3.00
173415,358.64,-1.30,-1.85,0.65,0.89,2.18,2.01,2.19,4.03,0.00,80.00,3.00
173444,358.69,-1.30,-1.85,0.75,0.89,2.25,2.06,2.19,4.10,0.00,80.00,3.00
173473,358.72,-1.30,-1.85,0.77,0.98,2.30,2.05,2.28,4.16,0.00,80.00,3.00
173502,358.69,-1.31,-1.86,0.87,1.00,2.28,2.18,2.30,4.14,0.00,80.00,3.00
173534,358.69,-1.31,-1.86,0.93,0.94,2.32,2.24,2.24,4.18,0.00,80.00,3.00
173576,358.65,-1.30,-1.86,0.86,0.89,2.35,2.21,2.19,4.20,0.00,80.00,3.00
173605,358.67,-1.31,-1.86,0.78,0.87,2.36,2.11,2.18,4.21,0.00,80.00,3.00
173635,358.70,-1.31,-1.85,0.80,0.90,2.28,2.10,2.21,4.13,0.00,80.00,3.00
173664,358.65,-1.32,-1.85,0.80,0.85,2.27,2.14,2.17,4.13,0.00,80.00,3.00
173693,358.67,-1.32,-1.85,0.74,0.85,2.34,2.07,2.17,4.19,0.00,80.00,3.00
173722,358.77,-1.31,-1.85,0.81,0.90,2.36,2.05,2.21,4.22,0.00,80.00,3.00
173754,358.77,-1.31,-1.86,0.86,0.95,2.40,2.09,2.25,4.25,0.00,80.00,3.00
173783,358.85,-1.31,-1.86,0.81,0.98,2.40,1.95,2.28,4.26,0.00,80.00,3.00
173812,358.84,-1.30,-1.86,0.77,1.01,2.41,1.92,2.30,4.27,0.00,80.00,3.00
173841,358.86,-1.30,-1.86,0.72,0.92,2.29,1.85,2.22,4.15,0.00,80.00,3.00
173870,358.87,-1.30,-1.86,0.59,0.91,2.24,1.72,2.21,4.10,0.00,80.00,3.00
173900,358.76,-1.29,-1.86,0.64,0.88,2.19,1.87,2.17,4.05,0.00,80.00,3.00
173929,358.71,-1.29,-1.86,0.69,0.88,2.18,1.98,2.17,4.04,0.00,80.00,3.00
173961,358.67,-1.29,-1.86,0.78,0.82,2.25,2.11,2.11,4.11,0.00,80.00,3.00
173990,358.61,-1.28,-1.86,0.77,0.84,2.31,2.17,2.12,4.17,0.00,80.00,3.00
174019,358.60,-1.27,-1.86,0.76,0.84,2.33,2.16,2.11,4.19,0.00,80.00,3.00
174048,358.62,-1.27,-1.86,0.81,0.82,2.32,2.19,2.09,4.17,0.00,80.00,3.00
174077,358.64,-1.28,-1.86,0.80,0.84,2.34,2.16,2.12,4.20,0.00,80.00,3.00
174105,358.56,-1.28,-1.86,0.80,0.91,2.27,2.24,2.18,4.13,0.00,80.00,3.00
174135,358.54,-1.27,-1.86,0.68,0.94,2.23,2.14,2.21,4.10,0.00,80.00,3.00
174172,358.47,-1.26,-1.86,0.74,0.94,2.25,2.28,2.21,4.12,0.00,80.00,3.00
174201,358.47,-1.26,-1.86,0.79,0.98,2.25,2.32,2.24,4.11,0.00,80.00,3.00
174243,358.47,-1.26,-1.87,0.83,0.93,2.30,2.36,2.19,4.17,0.00,80.00,3.00
174272,358.44,-1.25,-1.87,0.81,0.86,2.35,2.37,2.12,4.22,0.00,80.00,3.00
174301,358.48,-1.25,-1.87,0.77,0.79,2.41,2.29,2.04,4.28,0.00,80.00,3.00
174329,358.53,-1.25,-1.87,0.81,0.81,2.42,2.29,2.06,4.29,0.00,80.00,3.00
174358,358.57,-1.24,-1.88,0.72,0.88,2.39,2.15,2.12,4.27,0.00,80.00,3.00
174390,358.59,-1.24,-1.87,0.71,0.86,2.41,2.11,2.11,4.29,0.00,80.00,3.00
174420,358.55,-1.24,-1.87,0.64,0.91,2.33,2.09,2.15,4.20,0.00,80.00,3.00
174449,358.51,-1.24,-1.87,0.76,0.92,2.31,2.25,2.17,4.18,0.00,80.00,3.00
174478,358.51,-1.25,-1.88,0.77,0.89,2.35,2.26,2.14,4.23,0.00,80.00,3.00
174507,358.52,-1.25,-1.88,0.88,0.79,2.35,2.35,2.04,4.22,0.00,80.00,3.00
174537,358.52,-1.25,-1.87,0.87,0.78,2.33,2.35,2.03,4.21,0.00,80.00,3.00
174566,358.52,-1.25,-1.87,0.96,0.83,2.34,2.44,2.08,4.21,0.00,80.00,3.00
174598,358.48,-1.25,-1.87,0.85,0.84,2.26,2.36,2.09,4.13,0.00,80.00,3.00
174627,358.44,-1.26,-1.87,0.85,0.86,2.28,2.40,2.12,4.14,0.00,80.00,3.00
174657,358.44,-1.26,-1.87,0.84,0.90,2.23,2.40,2.16,4.10,0.00,80.00,3.00
174694,358.46,-1.25,-1.87,0.81,0.92,2.28,2.34,2.17,4.15,0.00,80.00,3.00
174723,358.50,-1.25,-1.88,0.88,0.95,2.33,2.38,2.20,4.21,0.00,80.00,3.00
174753,358.43,-1.24,-1.88,0.75,0.95,2.35,2.31,2.19,4.23,0.00,80.00,3.00
174782,358.37,-1.25,-1.88,0.78,0.97,2.32,2.41,2.22,4.20,0.00,80.00,3.00
174814,358.37,-1.25,-1.89,0.74,0.98,2.25,2.37,2.23,4.14,0.00,80.00,3.00
174843,358.31,-1.24,-1.89,0.70,1.00,2.29,2.39,2.24,4.19,0.00,80.00,3.00
174872,358.33,-1.24,-1.89,0.72,0.97,2.25,2.40,2.21,4.14,0.00,80.00,3.00
174902,358.38,-1.24,-1.89,0.73,0.91,2.23,2.34,2.15,4.12,0.00,80.00,3.00
174944,358.37,-1.24,-1.88,0.81,0.90,2.23,2.45,2.14,4.11,0.00,80.00,3.00
174973,358.31,-1.24,-1.89,0.78,0.95,2.35,2.48,2.19,4.24,0.00,80.00,3.00
175002,358.29,-1.24,-1.89,0.81,0.94,2.28,2.52,2.18,4.17,0.00,80.00,3.00
175034,358.28,-1.24,-1.87,0.77,0.94,2.13,2.49,2.18,4.00,0.00,80.00,3.00
175064,358.33,-1.24,-1.87,0.74,0.97,2.12,2.41,2.21,3.99,0.00,80.00,3.00
175093,358.33,-1.24,-1.87,0.72,1.00,2.12,2.40,2.24,3.99,0.00,80.00,3.00
175122,358.32,-1.24,-1.87,0.66,1.01,2.12,2.34,2.24,3.99,0.00,80.00,3.00
175151,358.34,-1.24,-1.87,0.63,0.94,2.21,2.29,2.18,4.08,0.00,80.00,3.00
175180,358.42,-1.23,-1.87,0.54,0.92,2.31,2.11,2.15,4.19,0.00,80.00,3.00
175210,358.48,-1.24,-1.88,0.58,0.94,2.35,2.10,2.17,4.23,0.00,80.00,3.00
175242,358.46,-1.23,-1.87,0.62,0.89,2.40,2.16,2.13,4.27,0.00,80.00,3.00
175271,358.46,-1.24,-1.87,0.76,0.85,2.32,2.30,2.09,4.20,0.00,80.00,3.00
175300,358.43,-1.25,-1.86,0.76,0.86,2.31,2.32,2.10,4.17,0.00,80.00,3.00
175330,358.44,-1.25,-1.87,0.82,0.89,2.25,2.37,2.14,4.12,0.00,80.00,3.00
175359,358.49,-1.25,-1.87,0.77,0.87,2.28,2.28,2.12,4.15,0.00,80.00,3.00
175388,358.45,-1.26,-1.87,0.70,0.90,2.28,2.26,2.16,4.15,0.00,80.00,3.00
175417,358.57,-1.26,-1.87,0.55,0.97,2.30,1.98,2.23,4.17,0.00,80.00,3.00
175449,358.65,-1.26,-1.87,0.53,1.01,2.39,1.88,2.27,4.26,0.00,80.00,3.00
175478,358.68,-1.27,-1.87,0.54,1.04,2.38,1.86,2.31,4.25,0.00,80.00,3.00
175507,358.67,-1.28,-1.88,0.61,1.05,2.37,1.94,2.33,4.25,0.00,80.00,3.00
175537,358.63,-1.28,-1.88,0.74,0.99,2.38,2.12,2.28,4.26,0.00,80.00,3.00
175566,358.64,-1.28,-1.88,0.87,0.98,2.36,2.23,2.26,4.23,0.00,80.00,3.00
175608,358.67,-1.28,-1.87,0.97,0.98,2.31,2.29,2.26,4.18,0.00,80.00,3.00
175637,358.73,-1.28,-1.87,0.98,0.90,2.25,2.25,2.18,4.12,0.00,80.00,3.00
175670,358.73,-1.28,-1.87,1.05,0.89,2.25,2.32,2.18,4.12,0.00,80.00,3.00
175699,358.71,-1.28,-1.88,1.01,0.88,2.29,2.30,2.16,4.16,0.00,80.00,3.00
175728,358.67,-1.29,-1.89,0.92,0.93,2.29,2.25,2.22,4.18,0.00,80.00,3.00
175757,358.70,-1.29,-1.89,0.82,0.90,2.29,2.12,2.19,4.18,0.00,80.00,3.00
175786,358.75,-1.29,-1.88,0.89,0.91,2.33,2.14,2.21,4.21,0.00,80.00,3.00
175816,358.70,-1.29,-1.89,0.85,0.93,2.34,2.15,2.22,4.23,0.00,80.00,3.00
175845,358.69,-1.30,-1.88,0.79,0.99,2.40,2.10,2.29,4.29,0.00,80.00,3.00
175877,358.67,-1.30,-1.88,0.84,0.97,2.35,2.17,2.28,4.23,0.00,80.00,3.00
175906,358.64,-1.29,-1.88,0.75,1.03,2.36,2.11,2.33,4.24,0.00,80.00,3.00
175935,358.68,-1.30,-1.88,0.58,1.03,2.34,1.89,2.33,4.22,0.00,80.00,3.00
175964,358.70,-1.30,-1.89,0.57,1.03,2.32,1.88,2.33,4.20,0.00,80.00,3.00
175994,358.72,-1.30,-1.89,0.51,0.99,2.27,1.79,2.29,4.15,0.00,80.00,3.00
176023,358.75,-1.29,-1.89,0.61,0.98,2.27,1.86,2.27,4.16,0.00,80.00,3.00
176052,358.85,-1.28,-1.89,0.70,0.94,2.27,1.85,2.22,4.17,0.00,80.00,3.00
176084,358.90,-1.28,-1.90,0.76,0.89,2.33,1.86,2.17,4.22,0.00,80.00,3.00
176113,358.94,-1.28,-1.90,0.82,0.90,2.32,1.88,2.18,4.22,0.00,80.00,3.00
176142,359.02,-1.27,-1.90,0.82,0.85,2.34,1.80,2.13,4.23,0.00,80.00,3.00
176171,359.01,-1.28,-1.90,0.80,0.90,2.33,1.79,2.18,4.22,0.00,80.00,3.00
176201,358.96,-1.28,-1.90,0.75,0.91,2.38,1.78,2.19,4.28,0.00,80.00,3.00
176230,358.93,-1.27,-1.90,0.76,0.93,2.34,1.83,2.20,4.24,0.00,80.00,3.00
176259,359.04,-1.28,-1.90,0.83,0.91,2.30,1.79,2.19,4.20,0.00,80.00,3.00
176304,359.09,-1.28,-1.90,0.93,0.91,2.34,1.84,2.18,4.24,0.00,80.00,3.00
176395,359.09,-1.27,-1.90,0.96,0.92,2.38,1.87,2.19,4.28,0.00,80.00,3.00
176529,359.13,-1.27,-1.90,0.85,0.91,2.35,1.71,2.18,4.25,0.00,80.00,3.00
176667,359.14,-1.27,-1.89,0.82,0.93,2.39,1.68,2.20,4.28,0.00,80.00,3.00
176752,359.06,-1.28,-1.90,0.75,0.91,2.40,1.69,2.19,4.30,0.00,80.00,3.00
176781,359.19,-1.29,-1.90,0.70,0.89,2.39,1.51,2.18,4.29,0.00,80.00,3.00
176810,359.22,-1.29,-1.90,0.67,0.88,2.37,1.45,2.17,4.28,0.00,80.00,3.00
176842,359.28,-1.29,-1.90,0.72,0.92,2.39,1.44,2.21,4.29,0.00,80.00,3.00
176872,359.28,-1.29,-1.91,0.95,0.89,2.40,1.66,2.18,4.31,0.00,80.00,3.00
176901,359.26,-1.30,-1.91,0.87,0.86,2.41,1.61,2.16,4.32,0.00,80.00,3.00
176930,359.29,-1.30,-1.91,0.90,0.85,2.44,1.60,2.15,4.35,0.00,80.00,3.00
176959,359.32,-1.29,-1.91,0.93,0.93,2.46,1.61,2.22,4.37,0.00,80.00,3.00
176988,359.29,-1.29,-1.91,0.79,1.04,2.39,1.50,2.33,4.30,0.00,80.00,3.00
177018,359.20,-1.29,-1.91,0.70,1.01,2.36,1.51,2.30,4.28,0.00,80.00,3.00
177050,359.22,-1.30,-1.91,0.68,0.96,2.40,1.47,2.26,4.31,0.00,80.00,3.00
177079,359.26,-1.30,-1.91,0.74,0.99,2.47,1.47,2.29,4.39,0.00,80.00,3.00
177108,359.26,-1.30,-1.91,0.76,1.00,2.44,1.50,2.30,4.35,0.00,80.00,3.00
177137,359.26,-1.29,-1.91,0.77,0.98,2.41,1.52,2.27,4.32,0.00,80.00,3.00
177166,359.27,-1.29,-1.91,0.84,0.92,2.44,1.57,2.21,4.35,0.00,80.00,3.00
177195,359.23,-1.30,-1.91,0.90,0.89,2.36,1.67,2.18,4.27,0.00,80.00,3.00
177225,359.24,-1.29,-1.91,0.96,0.85,2.37,1.72,2.14,4.28,0.00,80.00,3.00
177257,359.20,-1.30,-1.91,0.91,0.84,2.31,1.71,2.14,4.22,0.00,80.00,3.00
177299,359.19,-1.30,-1.91,0.82,0.81,2.31,1.63,2.11,4.22,0.00,80.00,3.00
177328,359.18,-1.29,-1.91,0.84,0.83,2.34,1.66,2.12,4.25,0.00,80.00,3.00
177357,359.20,-1.28,-1.91,0.79,0.87,2.25,1.59,2.15,4.16,0.00,80.00,3.00
177386,359.24,-1.28,-1.91,0.70,0.90,2.25,1.46,2.19,4.16,0.00,80.00,3.00
177415,359.19,-1.27,-1.91,0.59,0.93,2.18,1.40,2.20,4.09,0.00,80.00,3.00
177445,359.16,-1.28,-1.91,0.66,0.91,2.12,1.50,2.19,4.04,0.00,80.00,3.00
177477,359.20,-1.28,-1.92,0.70,0.92,2.12,1.50,2.20,4.04,0.00,80.00,3.00
177506,359.22,-1.27,-1.92,0.69,0.92,2.06,1.47,2.20,3.98,0.00,80.00,3.00
177535,359.23,-1.28,-1.91,0.62,0.88,2.03,1.38,2.16,3.95,0.00,80.00,3.00
177564,359.27,-1.28,-1.91,0.66,0.90,2.09,1.39,2.18,3.99,0.00,80.00,3.00
177593,359.35,-1.28,-1.90,0.71,0.92,2.14,1.36,2.19,4.04,0.00,80.00,3.00
177622,359.29,-1.27,-1.90,0.69,0.91,2.21,1.39,2.19,4.11,0.00,80.00,3.00
177651,359.31,-1.27,-1.90,0.66,0.87,2.24,1.35,2.14,4.14,0.00,80.00,3.00
177683,359.33,-1.27,-1.91,0.76,0.86,2.28,1.43,2.14,4.19,0.00,80.00,3.00
177713,359.36,-1.27,-1.89,0.95,0.87,2.31,1.59,2.14,4.20,0.00,80.00,3.00
177742,359.38,-1.28,-1.90,0.99,0.88,2.34,1.62,2.15,4.23,0.00,80.00,3.00
177771,359.35,-1.27,-1.90,0.99,0.90,2.29,1.64,2.18,4.19,0.00,80.00,3.00
177800,359.33,-1.27,-1.91,1.00,0.88,2.28,1.67,2.15,4.19,0.00,80.00,3.00
177829,359.32,-1.27,-1.90,1.00,0.95,2.31,1.68,2.22,4.22,0.00,80.00,3.00
177858,359.33,-1.27,-1.91,0.99,0.93,2.33,1.66,2.20,4.24,0.00,80.00,3.00
177891,359.21,-1.27,-1.91,0.91,0.95,2.28,1.70,2.22,4.19,0.00,80.00,3.00
177920,359.20,-1.28,-1.91,0.70,0.94,2.25,1.50,2.22,4.16,0.00,80.00,3.00
177962,359.14,-1.28,-1.91,0.74,0.92,2.29,1.61,2.20,4.20,0.00,80.00,3.00
177991,359.13,-1.29,-1.91,0.68,0.99,2.24,1.54,2.28,4.14,0.00,80.00,3.00
178020,359.13,-1.28,-1.91,0.65,0.99,2.21,1.52,2.27,4.12,0.00,80.00,3.00
178049,359.19,-1.28,-1.90,0.65,0.99,2.22,1.45,2.27,4.12,0.00,80.00,3.00
178078,359.21,-1.28,-1.90,0.70,0.97,2.23,1.49,2.25,4.13,0.00,80.00,3.00
178111,359.17,-1.28,-1.90,0.76,1.00,2.23,1.59,2.28,4.13,0.00,80.00,3.00
178140,359.14,-1.28,-1.90,0.75,0.96,2.26,1.61,2.25,4.16,0.00,80.00,3.00
178169,359.14,-1.29,-1.89,0.81,0.87,2.31,1.67,2.16,4.20,0.00,80.00,3.00
178198,359.08,-1.29,-1.89,0.79,0.89,2.31,1.71,2.18,4.21,0.00,80.00,3.00
178227,359.06,-1.28,-1.89,0.78,0.93,2.37,1.72,2.21,4.26,0.00,80.00,3.00
178256,359.08,-1.28,-1.89,0.85,0.90,2.33,1.77,2.18,4.23,0.00,80.00,3.00
178285,358.98,-1.27,-1.89,0.86,0.93,2.37,1.88,2.20,4.26,0.00,80.00,3.00
178326,358.99,-1.27,-1.88,0.76,0.99,2.39,1.77,2.26,4.27,0.00,80.00,3.00
178355,358.99,-1.27,-1.89,0.76,1.00,2.38,1.77,2.27,4.27,0.00,80.00,3.00
178384,358.99,-1.28,-1.89,0.78,0.96,2.43,1.79,2.24,4.32,0.00,80.00,3.00
178414,359.03,-1.26,-1.89,0.76,0.94,2.49,1.73,2.20,4.37,0.00,80.00,3.00
178443,359.07,-1.26,-1.89,0.65,0.89,2.48,1.58,2.16,4.37,0.00,80.00,3.00
178472,359.05,-1.28,-1.89,0.85,0.89,2.44,1.80,2.16,4.33,0.00,80.00,3.00
178501,359.08,-1.28,-1.89,0.84,0.88,2.45,1.76,2.16,4.34,0.00,80.00,3.00
178533,359.08,-1.28,-1.88,0.82,0.89,2.47,1.74,2.17,4.36,0.00,80.00,3.00
178562,359.07,-1.28,-1.88,0.74,0.90,2.46,1.67,2.18,4.34,0.00,80.00,3.00
178591,359.03,-1.27,-1.88,0.67,0.92,2.45,1.64,2.19,4.33,0.00,80.00,3.00
178620,359.05,-1.27,-1.87,0.62,0.91,2.44,1.57,2.19,4.32,0.00,80.00,3.00
178663,359.07,-1.28,-1.88,0.58,0.86,2.43,1.51,2.14,4.31,0.00,80.00,3.00
178692,359.10,-1.29,-1.88,0.61,0.84,2.41,1.51,2.13,4.29,0.00,80.00,3.00
178721,359.07,-1.28,-1.87,0.68,0.83,2.39,1.61,2.12,4.26,0.00,80.00,3.00
178753,359.14,-1.28,-1.88,0.79,0.85,2.37,1.65,2.13,4.25,0.00,80.00,3.00
178782,359.17,-1.28,-1.88,0.78,0.90,2.41,1.61,2.18,4.30,0.00,80.00,3.00
178811,359.18,-1.28,-1.88,0.74,0.94,2.45,1.55,2.22,4.33,0.00,80.00,3.00
178840,359.18,-1.28,-1.88,0.68,0.98,2.46,1.50,2.26,4.34,0.00,80.00,3.00
178870,359.21,-1.28,-1.88,0.69,1.00,2.47,1.48,2.28,4.35,0.00,80.00,3.00
178899,359.23,-1.29,-1.87,0.66,1.05,2.44,1.44,2.33,4.31,0.00,80.00,3.00
178928,359.26,-1.28,-1.87,0.67,1.04,2.40,1.41,2.32,4.26,0.00,80.00,3.00
178960,359.27,-1.28,-1.87,0.61,1.01,2.34,1.35,2.30,4.21,0.00,80.00,3.00
178989,359.23,-1.28,-1.87,0.72,0.96,2.36,1.49,2.24,4.23,0.00,80.00,3.00
179018,359.27,-1.28,-1.87,0.77,0.90,2.36,1.50,2.18,4.23,0.00,80.00,3.00
179047,359.30,-1.27,-1.87,0.73,0.88,2.32,1.43,2.15,4.18,0.00,80.00,3.00
179076,359.26,-1.27,-1.87,0.72,0.86,2.33,1.46,2.13,4.19,0.00,80.00,3.00
179105,359.14,-1.27,-1.86,0.79,0.83,2.36,1.64,2.10,4.23,0.00,80.00,3.00
179135,359.19,-1.27,-1.87,0.91,0.85,2.43,1.73,2.12,4.30,0.00,80.00,3.00
179167,359.24,-1.28,-1.87,0.79,0.86,2.43,1.55,2.14,4.30,0.00,80.00,3.00
179196,359.28,-1.28,-1.86,0.79,0.90,2.46,1.51,2.18,4.32,0.00,80.00,3.00
179225,359.24,-1.27,-1.87,0.84,0.91,2.49,1.60,2.19,4.36,0.00,80.00,3.00
179254,359.23,-1.28,-1.88,0.80,0.89,2.50,1.58,2.17,4.38,0.00,80.00,3.00
179283,359.29,-1.27,-1.87,0.80,0.88,2.43,1.52,2.15,4.31,0.00,80.00,3.00
179325,359.36,-1.28,-1.87,0.82,0.87,2.33,1.45,2.15,4.20,0.00,80.00,3.00
179354,359.39,-1.28,-1.87,0.79,0.91,2.33,1.40,2.19,4.20,0.00,80.00,3.00
179386,359.41,-1.28,-1.87,0.87,0.86,2.29,1.46,2.14,4.16,0.00,80.00,3.00
179416,359.43,-1.29,-1.87,0.86,0.86,2.33,1.43,2.14,4.21,0.00,80.00,3.00
179445,359.40,-1.28,-1.88,0.85,0.87,2.33,1.44,2.15,4.21,0.00,80.00,3.00
179474,359.42,-1.27,-1.88,0.75,0.92,2.45,1.32,2.19,4.33,0.00,80.00,3.00
179503,359.40,-1.26,-1.89,0.76,0.92,2.42,1.37,2.18,4.31,0.00,80.00,3.00
179532,359.41,-1.26,-1.88,0.82,0.85,2.41,1.41,2.11,4.29,0.00,80.00,3.00
179561,359.30,-1.26,-1.90,0.76,0.90,2.47,1.45,2.16,4.37,0.00,80.00,3.00
179593,359.34,-1.26,-1.89,0.74,0.89,2.43,1.40,2.15,4.32,0.00,80.00,3.00
179622,359.26,-1.26,-1.90,0.72,0.90,2.42,1.46,2.16,4.32,0.00,80.00,3.00
179651,359.28,-1.26,-1.90,0.72,0.91,2.31,1.44,2.16,4.21,0.00,80.00,3.00
179680,359.32,-1.26,-1.90,0.72,0.90,2.42,1.40,2.16,4.32,0.00,80.00,3.00
179709,359.38,-1.26,-1.91,0.69,0.96,2.36,1.32,2.22,4.27,0.00,80.00,3.00
179738,359.36,-1.26,-1.92,0.65,0.97,2.31,1.30,2.22,4.22,0.00,80.00,3.00
179768,359.40,-1.26,-1.92,0.62,0.95,2.29,1.22,2.21,4.21,0.00,80.00,3.00
179800,359.45,-1.27,-1.93,0.69,0.93,2.33,1.24,2.20,4.25,0.00,80.00,3.00
179829,359.42,-1.26,-1.93,0.68,0.97,2.36,1.26,2.24,4.28,0.00,80.00,3.00
179858,359.39,-1.26,-1.92,0.71,1.01,2.31,1.32,2.28,4.24,0.00,80.00,3.00
179887,359.40,-1.25,-1.92,0.73,0.97,2.34,1.33,2.22,4.27,0.00,80.00,3.00
179916,359.37,-1.25,-1.93,0.77,0.96,2.33,1.40,2.22,4.26,0.00,80.00,3.00
179945,359.34,-1.25,-1.92,0.79,0.95,2.33,1.45,2.20,4.25,0.00,80.00,3.00
179982,359.31,-1.25,-1.92,0.73,0.93,2.25,1.42,2.18,4.17,0.00,80.00,3.00
180028,359.34,-1.25,-1.93,0.69,0.90,2.22,1.35,2.15,4.15,0.00,80.00,3.00
180057,359.38,-1.24,-1.93,0.67,0.88,2.21,1.29,2.13,4.14,0.00,80.00,3.00
180086,359.46,-1.25,-1.94,0.70,0.92,2.23,1.24,2.17,4.17,0.00,80.00,3.00
180115,359.43,-1.25,-1.93,0.66,0.96,2.31,1.22,2.21,4.25,0.00,80.00,3.00
180144,359.48,-1.26,-1.93,0.64,0.91,2.38,1.16,2.17,4.32,0.00,80.00,3.00
180173,359.48,-1.25,-1.92,0.74,0.94,2.36,1.26,2.19,4.28,0.00,80.00,3.00
180202,359.46,-1.24,-1.92,0.79,0.96,2.39,1.33,2.20,4.31,0.00,80.00,3.00
180234,359.53,-1.25,-1.92,0.76,0.92,2.33,1.23,2.17,4.25,0.00,80.00,3.00
180263,359.46,-1.25,-1.91,0.81,0.95,2.31,1.35,2.20,4.22,0.00,80.00,3.00
180292,359.46,-1.25,-1.92,0.79,0.98,2.28,1.34,2.23,4.20,0.00,80.00,3.00
180321,359.50,-1.24,-1.92,0.69,1.02,2.32,1.19,2.27,4.23,0.00,80.00,3.00
180350,359.47,-1.25,-1.92,0.58,1.00,2.33,1.11,2.25,4.25,0.00,80.00,3.00
180379,359.40,-1.25,-1.92,0.70,1.06,2.38,1.30,2.30,4.30,0.00,80.00,3.00
180408,359.35,-1.25,-1.93,0.67,1.04,2.38,1.32,2.29,4.31,0.00,80.00,3.00
180440,359.34,-1.26,-1.93,0.70,1.04,2.44,1.37,2.30,4.38,0.00,80.00,3.00
180470,359.31,-1.26,-1.93,0.73,1.03,2.39,1.42,2.29,4.31,0.00,80.00,3.00
180499,359.34,-1.26,-1.92,0.84,0.99,2.47,1.50,2.25,4.39,0.00,80.00,3.00
180528,359.28,-1.27,-1.92,0.88,0.97,2.48,1.60,2.24,4.40,0.00,80.00,3.00
180557,359.28,-1.27,-1.92,0.83,0.91,2.43,1.55,2.18,4.34,0.00,80.00,3.00
180586,359.34,-1.27,-1.91,0.81,0.86,2.37,1.47,2.13,4.29,0.00,80.00,3.00
180615,359.36,-1.27,-1.92,0.72,0.85,2.38,1.35,2.12,4.30,0.00,80.00,3.00
180647,359.39,-1.26,-1.92,0.74,0.85,2.34,1.35,2.11,4.26,0.00,80.00,3.00
180689,359.38,-1.26,-1.92,0.66,0.87,2.25,1.28,2.14,4.17,0.00,80.00,3.00
180718,359.36,-1.26,-1.92,0.63,0.87,2.27,1.27,2.14,4.19,0.00,80.00,3.00
180747,359.35,-1.26,-1.92,0.72,0.90,2.32,1.37,2.17,4.25,0.00,80.00,3.00
180776,359.36,-1.26,-1.91,0.80,0.90,2.28,1.44,2.16,4.19,0.00,80.00,3.00
180805,359.38,-1.26,-1.92,0.72,0.89,2.27,1.34,2.15,4.19,0.00,80.00,3.00
180834,359.33,-1.26,-1.92,0.76,0.87,2.27,1.43,2.13,4.18,0.00,80.00,3.00
180866,359.31,-1.25,-1.91,0.91,0.88,2.31,1.60,2.13,4.23,0.00,80.00,3.00
180895,359.33,-1.26,-1.90,0.83,0.92,2.30,1.49,2.17,4.21,0.00,80.00,3.00
180924,359.38,-1.26,-1.90,0.65,0.93,2.29,1.27,2.19,4.19,0.00,80.00,3.00
180953,359.39,-1.26,-1.90,0.69,0.92,2.38,1.30,2.17,4.28,0.00,80.00,3.00
180982,359.37,-1.26,-1.90,0.63,0.91,2.33,1.26,2.18,4.23,0.00,80.00,3.00
181011,359.32,-1.27,-1.90,0.63,0.93,2.31,1.31,2.21,4.21,0.00,80.00,3.00
181040,359.36,-1.28,-1.92,0.64,0.92,2.26,1.28,2.20,4.18,0.00,80.00,3.00
181072,359.39,-1.28,-1.92,0.70,0.94,2.26,1.31,2.22,4.17,0.00,80.00,3.00
181101,359.39,-1.29,-1.92,0.68,0.95,2.21,1.29,2.24,4.13,0.00,80.00,3.00
181130,359.38,-1.29,-1.92,0.69,1.00,2.17,1.31,2.29,4.09,0.00,80.00,3.00
181158,359.35,-1.29,-1.92,0.64,1.02,2.18,1.29,2.31,4.09,0.00,80.00,3.00
181187,359.30,-1.29,-1.91,0.64,0.98,2.19,1.34,2.27,4.10,0.00,80.00,3.00
181216,359.33,-1.28,-1.91,0.66,1.00,2.25,1.34,2.28,4.16,0.00,80.00,3.00
181245,359.35,-1.28,-1.90,0.70,1.03,2.26,1.35,2.31,4.16,0.00,80.00,3.00
181276,359.39,-1.28,-1.91,0.74,1.03,2.33,1.35,2.31,4.23,0.00,80.00,3.00
181305,359.42,-1.28,-1.90,0.77,0.97,2.41,1.34,2.25,4.31,0.00,80.00,3.00
181348,359.44,-1.28,-1.90,0.79,0.95,2.41,1.35,2.22,4.32,0.00,80.00,3.00
181377,359.43,-1.28,-1.91,0.72,0.91,2.40,1.29,2.19,4.31,0.00,80.00,3.00
181405,359.49,-1.28,-1.91,0.67,0.92,2.38,1.18,2.20,4.29,0.00,80.00,3.00
181434,359.47,-1.28,-1.90,0.61,0.92,2.41,1.15,2.20,4.31,0.00,80.00,3.00
181463,359.40,-1.29,-1.91,0.55,0.91,2.40,1.14,2.20,4.31,0.00,80.00,3.00
181495,359.37,-1.29,-1.91,0.57,0.95,2.43,1.20,2.24,4.34,0.00,80.00,3.00
181524,359.34,-1.29,-1.91,0.63,0.98,2.39,1.29,2.27,4.30,0.00,80.00,3.00
181553,359.37,-1.30,-1.91,0.64,0.95,2.36,1.28,2.24,4.27,0.00,80.00,3.00
181583,359.29,-1.29,-1.91,0.61,0.88,2.33,1.32,2.16,4.24,0.00,80.00,3.00
181620,359.40,-1.30,-1.91,0.65,0.89,2.20,1.25,2.18,4.12,0.00,80.00,3.00
181650,359.36,-1.30,-1.92,0.69,0.96,2.14,1.32,2.25,4.05,0.00,80.00,3.00
181679,359.39,-1.29,-1.92,0.67,0.94,2.14,1.28,2.24,4.07,0.00,80.00,3.00
181711,359.37,-1.30,-1.92,0.67,0.96,2.21,1.30,2.26,4.13,0.00,80.00,3.00
181740,359.29,-1.29,-1.92,0.69,1.00,2.33,1.40,2.29,4.25,0.00,80.00,3.00
181769,359.38,-1.29,-1.93,0.61,1.04,2.37,1.23,2.32,4.29,0.00,80.00,3.00
181799,359.33,-1.28,-1.93,0.66,0.99,2.35,1.33,2.28,4.28,0.00,80.00,3.00
181828,359.26,-1.29,-1.93,0.69,0.93,2.38,1.42,2.22,4.31,0.00,80.00,3.00
181857,359.28,-1.28,-1.94,0.68,0.91,2.38,1.40,2.19,4.32,0.00,80.00,3.00
181886,359.27,-1.29,-1.93,0.72,0.91,2.35,1.44,2.20,4.28,0.00,80.00,3.00
181918,359.36,-1.29,-1.93,0.82,0.94,2.37,1.46,2.23,4.30,0.00,80.00,3.00
181948,359.33,-1.29,-1.94,0.78,0.93,2.34,1.45,2.22,4.28,0.00,80.00,3.00
181977,359.31,-1.29,-1.94,0.75,0.93,2.41,1.45,2.22,4.35,0.00,80.00,3.00
182020,359.29,-1.29,-1.94,0.67,0.98,2.41,1.38,2.27,4.35,0.00,80.00,3.00
182049,359.32,-1.28,-1.94,0.68,0.97,2.37,1.36,2.24,4.31,0.00,80.00,3.00
182078,359.35,-1.28,-1.94,0.71,0.94,2.36,1.36,2.22,4.30,0.00,80.00,3.00
182108,359.39,-1.27,-1.95,0.72,0.95,2.36,1.32,2.22,4.31,0.00,80.00,3.00
182140,359.36,-1.27,-1.95,0.76,0.95,2.41,1.40,2.22,4.36,0.00,80.00,3.00
182169,359.35,-1.28,-1.94,0.81,0.97,2.36,1.46,2.25,4.30,0.00,80.00,3.00
182198,359.35,-1.28,-1.94,0.88,0.91,2.41,1.53,2.18,4.35,0.00,80.00,3.00
182227,359.34,-1.27,-1.94,0.86,0.95,2.40,1.52,2.22,4.34,0.00,80.00,3.00
182256,359.42,-1.28,-1.94,0.87,0.92,2.33,1.45,2.20,4.27,0.00,80.00,3.00
182286,359.39,-1.28,-1.94,1.01,0.93,2.36,1.61,2.21,4.30,0.00,80.00,3.00
182315,359.38,-1.28,-1.94,0.94,0.88,2.41,1.55,2.16,4.35,0.00,80.00,3.00
182347,359.32,-1.28,-1.94,0.95,0.96,2.29,1.63,2.24,4.24,0.00,80.00,3.00
182376,359.25,-1.28,-1.95,0.99,1.01,2.34,1.74,2.28,4.29,0.00,80.00,3.00
182406,359.23,-1.27,-1.95,0.96,1.01,2.43,1.74,2.28,4.37,0.00,80.00,3.00
182435,359.25,-1.27,-1.95,0.89,1.02,2.43,1.65,2.29,4.38,0.00,80.00,3.00
182464,359.29,-1.27,-1.95,0.89,1.04,2.34,1.59,2.30,4.29,0.00,80.00,3.00
182493,359.35,-1.26,-1.95,0.93,1.01,2.32,1.58,2.27,4.27,0.00,80.00,3.00
182522,359.42,-1.26,-1.96,0.96,0.98,2.32,1.54,2.24,4.27,0.00,80.00,3.00
182555,359.39,-1.26,-1.95,0.95,1.02,2.26,1.57,2.28,4.21,0.00,80.00,3.00
182584,359.36,-1.26,-1.95,0.89,1.03,2.26,1.53,2.30,4.21,0.00,80.00,3.00
182613,359.40,-1.26,-1.94,0.93,1.00,2.23,1.53,2.26,4.18,0.00,80.00,3.00
182642,359.47,-1.26,-1.94,0.89,1.02,2.33,1.42,2.28,4.27,0.00,80.00,3.00
182685,359.51,-1.26,-1.94,0.93,1.03,2.39,1.42,2.29,4.34,0.00,80.00,3.00
182714,359.52,-1.26,-1.94,0.92,1.04,2.40,1.40,2.30,4.35,0.00,80.00,3.00
182743,359.48,-1.27,-1.95,0.88,1.00,2.34,1.40,2.27,4.29,0.00,80.00,3.00
182776,359.49,-1.26,-1.95,0.88,0.99,2.24,1.38,2.25,4.19,0.00,80.00,3.00
182805,359.42,-1.27,-1.95,0.83,1.00,2.23,1.40,2.27,4.18,0.00,80.00,3.00
182834,359.39,-1.27,-1.94,0.77,1.03,2.16,1.39,2.30,4.10,0.00,80.00,3.00
182863,359.40,-1.28,-1.95,0.75,0.96,2.17,1.35,2.24,4.11,0.00,80.00,3.00
182892,359.39,-1.27,-1.94,0.63,0.94,2.15,1.24,2.21,4.09,0.00,80.00,3.00
182922,359.32,-1.27,-1.94,0.67,0.97,2.24,1.35,2.24,4.18,0.00,80.00,3.00
182951,359.33,-1.27,-1.94,0.86,0.99,2.32,1.53,2.26,4.26,0.00,80.00,3.00
182983,359.39,-1.26,-1.94,0.87,0.91,2.35,1.48,2.17,4.29,0.00,80.00,3.00
183012,359.45,-1.25,-1.93,0.88,0.97,2.35,1.43,2.22,4.28,0.00,80.00,3.00
183041,359.50,-1.25,-1.93,0.91,0.95,2.37,1.41,2.20,4.30,0.00,80.00,3.00
183070,359.45,-1.25,-1.93,1.00,0.93,2.37,1.55,2.18,4.30,0.00,80.00,3.00
183100,359.36,-1.25,-1.93,0.85,0.92,2.34,1.50,2.18,4.27,0.00,80.00,3.00
183129,359.26,-1.24,-1.93,0.79,0.94,2.31,1.53,2.18,4.23,0.00,80.00,3.00
183158,359.24,-1.24,-1.93,0.85,0.98,2.26,1.61,2.22,4.19,0.00,80.00,3.00
183190,359.25,-1.24,-1.92,0.86,0.98,2.26,1.62,2.22,4.18,0.00,80.00,3.00
183219,359.28,-1.24,-1.92,0.89,0.98,2.21,1.62,2.23,4.14,0.00,80.00,3.00
183257,359.25,-1.25,-1.93,0.83,1.06,2.24,1.59,2.30,4.17,0.00,80.00,3.00
183286,359.19,-1.25,-1.93,0.79,1.04,2.22,1.60,2.28,4.15,0.00,80.00,3.00
183315,359.18,-1.24,-1.94,0.75,1.00,2.25,1.57,2.24,4.19,0.00,80.00,3.00
183358,359.21,-1.24,-1.93,0.58,0.95,2.27,1.37,2.19,4.20,0.00,80.00,3.00
183387,359.19,-1.25,-1.92,0.63,0.93,2.27,1.44,2.17,4.19,0.00,80.00,3.00
183419,359.26,-1.24,-1.92,0.70,0.91,2.31,1.44,2.15,4.23,0.00,80.00,3.00
183448,359.13,-1.23,-1.92,0.66,0.83,2.22,1.53,2.06,4.14,0.00,80.00,3.00
183477,359.17,-1.23,-1.92,0.71,0.86,2.27,1.54,2.09,4.19,0.00,80.00,3.00
183506,359.19,-1.23,-1.92,0.75,0.87,2.34,1.57,2.10,4.26,0.00,80.00,3.00
183536,359.19,-1.23,-1.93,0.74,0.85,2.40,1.54,2.09,4.33,0.00,80.00,3.00
183565,359.19,-1.23,-1.93,0.70,0.85,2.42,1.50,2.08,4.35,0.00,80.00,3.00
183594,359.14,-1.23,-1.92,0.67,0.90,2.44,1.53,2.13,4.37,0.00,80.00,3.00
183626,359.08,-1.23,-1.92,0.67,0.88,2.41,1.58,2.12,4.33,0.00,80.00,3.00
183655,359.08,-1.24,-1.93,0.74,0.89,2.35,1.66,2.12,4.28,0.00,80.00,3.00
183684,359.09,-1.24,-1.93,0.84,0.98,2.32,1.75,2.22,4.25,0.00,80.00,3.00
183714,359.03,-1.22,-1.93,0.85,0.97,2.23,1.82,2.19,4.16,0.00,80.00,3.00
183743,358.97,-1.23,-1.92,0.89,0.99,2.25,1.92,2.22,4.17,0.00,80.00,3.00
183772,359.01,-1.23,-1.92,1.01,0.95,2.30,1.99,2.18,4.21,0.00,80.00,3.00
183801,359.00,-1.22,-1.92,0.95,0.96,2.35,1.95,2.18,4.27,0.00,80.00,3.00
183833,358.96,-1.22,-1.91,0.83,0.93,2.34,1.87,2.15,4.25,0.00,80.00,3.00
183862,358.96,-1.23,-1.91,0.79,0.91,2.26,1.83,2.14,4.17,0.00,80.00,3.00
183891,359.08,-1.23,-1.91,0.77,0.93,2.33,1.69,2.16,4.23,0.00,80.00,3.00
183920,359.07,-1.24,-1.91,0.72,0.91,2.33,1.65,2.15,4.23,0.00,80.00,3.00
183950,359.04,-1.24,-1.90,0.67,0.95,2.26,1.63,2.19,4.16,0.00,80.00,3.00
183979,358.99,-1.25,-1.90,0.70,0.95,2.23,1.72,2.20,4.13,0.00,80.00,3.00
184022,358.98,-1.25,-1.90,0.74,0.93,2.28,1.76,2.18,4.18,0.00,80.00,3.00
184055,358.95,-1.25,-1.89,0.76,0.90,2.28,1.81,2.16,4.17,0.00,80.00,3.00
184084,358.89,-1.25,-1.89,0.78,0.88,2.27,1.89,2.13,4.15,0.00,80.00,3.00
184113,358.92,-1.24,-1.88,0.74,0.87,2.27,1.82,2.11,4.15,0.00,80.00,3.00
184142,358.89,-1.24,-1.88,0.74,0.91,2.24,1.85,2.15,4.12,0.00,80.00,3.00
184172,358.85,-1.24,-1.89,0.67,0.95,2.30,1.82,2.19,4.18,0.00,80.00,3.00
184201,358.83,-1.25,-1.89,0.65,0.97,2.31,1.83,2.21,4.19,0.00,80.00,3.00
184230,358.80,-1.26,-1.89,0.60,0.98,2.31,1.80,2.23,4.19,0.00,80.00,3.00
184262,358.81,-1.26,-1.88,0.72,0.98,2.30,1.90,2.24,4.18,0.00,80.00,3.00
184291,358.73,-1.27,-1.88,0.82,0.92,2.35,2.09,2.19,4.22,0.00,80.00,3.00
184321,358.77,-1.27,-1.87,0.84,0.91,2.29,2.07,2.17,4.16,0.00,80.00,3.00
184350,358.78,-1.26,-1.88,0.81,0.89,2.27,2.03,2.15,4.15,0.00,80.00,3.00
184379,358.75,-1.26,-1.88,0.87,0.84,2.35,2.11,2.10,4.23,0.00,80.00,3.00
184408,358.78,-1.26,-1.88,0.81,0.83,2.35,2.03,2.10,4.23,0.00,80.00,3.00
184438,358.81,-1.27,-1.88,0.78,0.87,2.30,1.97,2.14,4.17,0.00,80.00,3.00
184470,358.83,-1.27,-1.88,0.78,0.93,2.31,1.94,2.20,4.19,0.00,80.00,3.00
184499,358.77,-1.27,-1.88,0.78,0.92,2.30,2.00,2.19,4.17,0.00,80.00,3.00
184528,358.77,-1.28,-1.88,0.77,0.94,2.31,1.99,2.22,4.19,0.00,80.00,3.00
184557,358.71,-1.27,-1.87,0.73,0.95,2.23,2.02,2.23,4.10,0.00,80.00,3.00
184587,358.71,-1.28,-1.88,0.70,0.96,2.30,1.99,2.24,4.18,0.00,80.00,3.00
184616,358.83,-1.28,-1.87,0.74,0.91,2.26,1.91,2.18,4.13,0.00,80.00,3.00
184645,358.88,-1.28,-1.88,0.81,0.88,2.21,1.93,2.16,4.09,0.00,80.00,3.00
184691,358.85,-1.28,-1.88,0.81,0.88,2.19,1.96,2.15,4.07,0.00,80.00,3.00
184720,358.83,-1.28,-1.89,0.80,0.90,2.18,1.97,2.19,4.06,0.00,80.00,3.00
184749,358.76,-1.27,-1.88,0.85,0.96,2.29,2.09,2.23,4.17,0.00,80.00,3.00
184779,358.79,-1.27,-1.88,0.82,1.00,2.28,2.03,2.27,4.16,0.00,80.00,3.00
184808,358.79,-1.26,-1.87,0.75,1.02,2.37,1.96,2.28,4.24,0.00,80.00,3.00
184837,358.82,-1.26,-1.86,0.69,1.05,2.43,1.87,2.31,4.30,0.00,80.00,3.00
184866,358.77,-1.27,-1.87,0.77,1.02,2.49,2.00,2.29,4.36,0.00,80.00,3.00
184960,358.81,-1.27,-1.87,0.79,0.95,2.44,1.98,2.22,4.31,0.00,80.00,3.00
185094,358.81,-1.27,-1.87,0.74,0.90,2.38,1.93,2.17,4.26,0.00,80.00,3.00
185231,358.92,-1.28,-1.87,0.81,0.84,2.38,1.89,2.12,4.24,0.00,80.00,3.00
185316,358.94,-1.28,-1.86,0.87,0.84,2.41,1.93,2.12,4.28,0.00,80.00,3.00
185345,358.95,-1.28,-1.87,0.89,0.83,2.44,1.94,2.12,4.31,0.00,80.00,3.00
185374,358.92,-1.28,-1.86,0.87,0.86,2.44,1.95,2.14,4.31,0.00,80.00,3.00
185403,358.91,-1.29,-1.85,0.87,0.84,2.49,1.95,2.12,4.34,0.00,80.00,3.00
185435,358.92,-1.29,-1.86,0.80,0.86,2.51,1.88,2.15,4.36,0.00,80.00,3.00
185465,358.94,-1.29,-1.85,0.83,0.85,2.47,1.89,2.14,4.32,0.00,80.00,3.00
185494,359.01,-1.29,-1.85,0.79,0.85,2.49,1.78,2.15,4.34,0.00,80.00,3.00
185523,358.99,-1.29,-1.85,0.95,0.89,2.44,1.96,2.18,4.29,0.00,80.00,3.00
185552,359.04,-1.29,-1.85,0.77,0.90,2.34,1.73,2.20,4.19,0.00,80.00,3.00
185581,359.11,-1.30,-1.85,0.66,0.81,2.34,1.55,2.11,4.19,0.00,80.00,3.00
185610,359.05,-1.30,-1.86,0.54,0.88,2.35,1.49,2.18,4.21,0.00,80.00,3.00
185642,359.08,-1.30,-1.86,0.64,0.89,2.43,1.55,2.18,4.29,0.00,80.00,3.00
185685,359.08,-1.29,-1.87,0.62,0.88,2.46,1.54,2.17,4.33,0.00,80.00,3.00
185714,359.09,-1.29,-1.88,0.59,0.88,2.43,1.50,2.17,4.31,0.00,80.00,3.00
185743,359.03,-1.30,-1.88,0.50,0.93,2.38,1.47,2.23,4.26,0.00,80.00,3.00
185773,358.97,-1.30,-1.87,0.52,0.89,2.35,1.55,2.19,4.23,0.00,80.00,3.00
185802,358.92,-1.29,-1.86,0.54,0.84,2.29,1.62,2.13,4.15,0.00,80.00,3.00
185831,358.96,-1.29,-1.86,0.58,0.88,2.30,1.61,2.17,4.16,0.00,80.00,3.00
185863,358.86,-1.29,-1.86,0.55,0.92,2.30,1.68,2.21,4.16,0.00,80.00,3.00
185892,358.87,-1.28,-1.86,0.60,0.90,2.35,1.73,2.19,4.21,0.00,80.00,3.00
185921,358.94,-1.28,-1.87,0.57,0.87,2.41,1.63,2.15,4.27,0.00,80.00,3.00
185950,359.01,-1.29,-1.87,0.59,0.91,2.43,1.58,2.19,4.29,0.00,80.00,3.00
185979,359.00,-1.29,-1.87,0.59,0.91,2.37,1.59,2.20,4.24,0.00,80.00,3.00
186009,359.08,-1.29,-1.85,0.67,0.89,2.34,1.58,2.18,4.19,0.00,80.00,3.00
186038,359.10,-1.28,-1.85,0.67,0.87,2.31,1.57,2.16,4.16,0.00,80.00,3.00
186070,359.20,-1.28,-1.86,0.77,0.91,2.25,1.56,2.19,4.10,0.00,80.00,3.00
186099,359.23,-1.28,-1.86,0.74,0.87,2.29,1.51,2.15,4.15,0.00,80.00,3.00
186128,359.27,-1.28,-1.86,0.71,0.87,2.31,1.44,2.15,4.17,0.00,80.00,3.00
186157,359.23,-1.28,-1.86,0.70,0.85,2.39,1.47,2.13,4.25,0.00,80.00,3.00
186186,359.16,-1.28,-1.86,0.73,0.88,2.43,1.58,2.16,4.29,0.00,80.00,3.00
186215,359.22,-1.28,-1.85,0.71,0.90,2.46,1.50,2.18,4.31,0.00,80.00,3.00
186244,359.22,-1.29,-1.86,0.58,0.91,2.49,1.36,2.20,4.35,0.00,80.00,3.00
186276,359.21,-1.29,-1.86,0.51,0.95,2.45,1.30,2.24,4.30,0.00,80.00,3.00
186305,359.22,-1.29,-1.86,0.49,0.96,2.43,1.26,2.26,4.29,0.00,80.00,3.00
186348,359.21,-1.29,-1.87,0.51,0.96,2.38,1.30,2.25,4.24,0.00,80.00,3.00
186377,359.24,-1.29,-1.87,0.49,0.93,2.36,1.25,2.22,4.22,0.00,80.00,3.00
186407,359.24,-1.29,-1.88,0.57,0.90,2.34,1.33,2.18,4.22,0.00,80.00,3.00
186436,359.28,-1.29,-1.88,0.77,0.89,2.39,1.49,2.18,4.28,0.00,80.00,3.00
186465,359.24,-1.30,-1.88,0.94,0.87,2.41,1.70,2.16,4.29,0.00,80.00,3.00
186497,359.16,-1.31,-1.88,0.97,0.92,2.38,1.81,2.22,4.26,0.00,80.00,3.00
186526,359.16,-1.31,-1.87,0.88,0.89,2.34,1.72,2.20,4.21,0.00,80.00,3.00
186555,359.21,-1.30,-1.87,0.99,0.89,2.38,1.78,2.19,4.25,0.00,80.00,3.00
186584,359.31,-1.31,-1.88,0.96,0.93,2.43,1.66,2.24,4.31,0.00,80.00,3.00
186613,359.35,-1.32,-1.87,0.80,0.93,2.35,1.44,2.25,4.23,0.00,80.00,3.00
186642,359.38,-1.32,-1.87,0.76,0.87,2.36,1.38,2.19,4.23,0.00,80.00,3.00
186671,359.38,-1.33,-1.87,0.79,0.89,2.36,1.41,2.22,4.24,0.00,80.00,3.00
186703,359.42,-1.31,-1.87,0.67,0.93,2.29,1.25,2.24,4.16,0.00,80.00,3.00
186732,359.41,-1.31,-1.87,0.64,0.93,2.27,1.22,2.24,4.14,0.00,80.00,3.00
186762,359.42,-1.31,-1.86,0.61,0.94,2.28,1.19,2.25,4.14,0.00,80.00,3.00
186791,359.35,-1.31,-1.86,0.67,0.92,2.35,1.32,2.22,4.21,0.00,80.00,3.00
186820,359.37,-1.30,-1.86,0.63,0.92,2.34,1.26,2.22,4.19,0.00,80.00,3.00
186849,359.33,-1.29,-1.86,0.60,0.84,2.35,1.27,2.14,4.21,0.00,80.00,3.00
186887,359.36,-1.30,-1.85,0.63,0.85,2.38,1.26,2.15,4.23,0.00,80.00,3.00
186919,359.43,-1.30,-1.86,0.71,0.85,2.35,1.28,2.15,4.20,0.00,80.00,3.00
186948,359.40,-1.30,-1.86,0.83,0.85,2.34,1.43,2.15,4.20,0.00,80.00,3.00
186977,359.38,-1.30,-1.86,0.80,0.91,2.26,1.42,2.21,4.12,0.00,80.00,3.00
187020,359.35,-1.30,-1.85,0.83,0.89,2.24,1.48,2.19,4.09,0.00,80.00,3.00
187049,359.35,-1.30,-1.86,0.81,0.96,2.30,1.46,2.26,4.16,0.00,80.00,3.00
187078,359.32,-1.30,-1.86,0.78,0.93,2.33,1.46,2.23,4.19,0.00,80.00,3.00
187107,359.25,-1.29,-1.86,0.76,0.92,2.35,1.52,2.21,4.21,0.00,80.00,3.00
187139,359.24,-1.29,-1.85,0.72,0.91,2.36,1.47,2.21,4.22,0.00,80.00,3.00
187169,359.23,-1.30,-1.85,0.74,0.94,2.42,1.51,2.23,4.27,0.00,80.00,3.00
187198,359.24,-1.30,-1.85,0.73,0.95,2.40,1.49,2.25,4.26,0.00,80.00,3.00
187227,359.27,-1.30,-1.85,0.70,0.99,2.40,1.42,2.28,4.25,0.00,80.00,3.00
187256,359.26,-1.29,-1.85,0.72,0.99,2.39,1.47,2.28,4.23,0.00,80.00,3.00
187285,359.28,-1.29,-1.86,0.58,0.98,2.45,1.30,2.27,4.31,0.00,80.00,3.00
187315,359.32,-1.29,-1.87,0.65,1.01,2.50,1.33,2.30,4.37,0.00,80.00,3.00
187347,359.25,-1.29,-1.86,0.71,0.96,2.53,1.46,2.24,4.38,0.00,80.00,3.00
187376,359.33,-1.29,-1.86,0.68,0.91,2.49,1.36,2.20,4.35,0.00,80.00,3.00
187405,359.34,-1.29,-1.86,0.58,0.87,2.42,1.24,2.16,4.28,0.00,80.00,3.00
187434,359.28,-1.28,-1.85,0.71,0.87,2.33,1.43,2.16,4.18,0.00,80.00,3.00
187463,359.20,-1.29,-1.85,0.68,0.82,2.30,1.48,2.11,4.15,0.00,80.00,3.00
187492,359.18,-1.29,-1.86,0.59,0.81,2.23,1.42,2.09,4.09,0.00,80.00,3.00
187521,359.15,-1.29,-1.86,0.56,0.79,2.20,1.41,2.08,4.06,0.00,80.00,3.00
187554,359.09,-1.28,-1.86,0.67,0.83,2.29,1.58,2.11,4.15,0.00,80.00,3.00
187583,359.04,-1.28,-1.87,0.77,0.81,2.27,1.73,2.09,4.13,0.00,80.00,3.00
187612,359.03,-1.27,-1.87,0.77,0.79,2.27,1.73,2.06,4.15,0.00,80.00,3.00
187641,359.10,-1.27,-1.88,0.77,0.78,2.32,1.68,2.05,4.19,0.00,80.00,3.00
187684,359.11,-1.27,-1.89,0.74,0.82,2.32,1.64,2.08,4.21,0.00,80.00,3.00
187713,359.18,-1.27,-1.88,0.70,0.82,2.31,1.52,2.09,4.19,0.00,80.00,3.00
187742,359.18,-1.27,-1.88,0.68,0.82,2.29,1.50,2.09,4.17,0.00,80.00,3.00
187774,359.13,-1.25,-1.88,0.63,0.80,2.40,1.51,2.06,4.28,0.00,80.00,3.00
187804,359.18,-1.25,-1.88,0.52,0.84,2.39,1.34,2.09,4.26,0.00,80.00,3.00
187833,359.12,-1.25,-1.87,0.51,0.87,2.37,1.39,2.12,4.24,0.00,80.00,3.00
187862,359.26,-1.25,-1.87,0.68,0.86,2.40,1.42,2.11,4.27,0.00,80.00,3.00
187891,359.26,-1.25,-1.87,0.62,0.85,2.43,1.36,2.10,4.30,0.00,80.00,3.00
187920,359.25,-1.25,-1.86,0.63,0.84,2.42,1.38,2.09,4.28,0.00,80.00,3.00
187949,359.18,-1.24,-1.86,0.76,0.82,2.39,1.58,2.06,4.25,0.00,80.00,3.00
187981,359.19,-1.24,-1.87,0.76,0.80,2.39,1.57,2.04,4.26,0.00,80.00,3.00
188011,359.23,-1.24,-1.88,0.71,0.79,2.35,1.49,2.02,4.24,0.00,80.00,3.00
188040,359.27,-1.23,-1.90,0.65,0.86,2.30,1.38,2.09,4.20,0.00,80.00,3.00
188069,359.23,-1.24,-1.89,0.64,0.88,2.29,1.41,2.11,4.18,0.00,80.00,3.00
188098,359.17,-1.24,-1.89,0.62,0.92,2.26,1.44,2.16,4.15,0.00,80.00,3.00
188127,359.17,-1.24,-1.89,0.53,0.94,2.25,1.36,2.18,4.14,0.00,80.00,3.00
188156,359.13,-1.23,-1.90,0.58,0.96,2.32,1.45,2.20,4.22,0.00,80.00,3.00
188188,359.14,-1.22,-1.88,0.61,0.97,2.34,1.47,2.19,4.23,0.00,80.00,3.00
188217,359.16,-1.23,-1.88,0.74,0.94,2.42,1.58,2.17,4.30,0.00,80.00,3.00
188246,359.12,-1.23,-1.89,0.82,0.96,2.46,1.69,2.19,4.34,0.00,80.00,3.00
188275,359.14,-1.23,-1.90,0.87,0.95,2.49,1.74,2.18,4.39,0.00,80.00,3.00
188304,359.11,-1.23,-1.90,0.87,0.91,2.53,1.76,2.14,4.43,0.00,80.00,3.00
188347,359.08,-1.23,-1.91,0.77,0.91,2.50,1.69,2.14,4.40,0.00,80.00,3.00
188376,359.10,-1.23,-1.90,0.75,0.87,2.45,1.65,2.10,4.36,0.00,80.00,3.00
188413,358.96,-1.22,-1.91,0.68,0.89,2.41,1.72,2.11,4.32,0.00,80.00,3.00
188442,358.91,-1.22,-1.91,0.58,0.89,2.41,1.67,2.11,4.33,0.00,80.00,3.00
188471,358.96,-1.21,-1.92,0.59,0.92,2.42,1.64,2.13,4.34,0.00,80.00,3.00
188508,358.96,-1.22,-1.93,0.60,0.94,2.43,1.64,2.15,4.36,0.00,80.00,3.00
188537,358.99,-1.22,-1.93,0.60,0.94,2.43,1.61,2.16,4.36,0.00,80.00,3.00
188566,358.91,-1.22,-1.92,0.63,0.97,2.41,1.72,2.19,4.33,0.00,80.00,3.00
188595,358.96,-1.22,-1.91,0.62,0.98,2.40,1.66,2.20,4.31,0.00,80.00,3.00
188626,359.00,-1.22,-1.91,0.72,0.96,2.39,1.72,2.18,4.30,0.00,80.00,3.00
188656,358.98,-1.22,-1.91,0.78,0.96,2.37,1.80,2.18,4.28,0.00,80.00,3.00
188685,358.96,-1.22,-1.91,0.88,0.95,2.37,1.92,2.17,4.28,0.00,80.00,3.00
188714,358.96,-1.23,-1.90,0.88,0.98,2.39,1.92,2.21,4.29,0.00,80.00,3.00
188743,358.95,-1.23,-1.89,0.94,0.91,2.41,2.00,2.14,4.30,0.00,80.00,3.00
188772,358.99,-1.23,-1.89,0.86,0.94,2.31,1.88,2.17,4.20,0.00,80.00,3.00
188802,359.02,-1.23,-1.89,0.75,0.98,2.31,1.73,2.21,4.20,0.00,80.00,3.00
188834,359.02,-1.23,-1.89,0.71,0.97,2.36,1.69,2.21,4.25,0.00,80.00,3.00
188863,359.05,-1.23,-1.91,0.66,0.97,2.32,1.60,2.20,4.23,0.00,80.00,3.00
188892,359.06,-1.24,-1.90,0.67,0.89,2.33,1.61,2.13,4.23,0.00,80.00,3.00
188921,359.05,-1.23,-1.90,0.72,0.88,2.36,1.67,2.11,4.26,0.00,80.00,3.00
188951,359.10,-1.24,-1.90,0.72,0.83,2.43,1.62,2.07,4.33,0.00,80.00,3.00
188994,359.18,-1.24,-1.90,0.75,0.82,2.47,1.57,2.05,4.38,0.00,80.00,3.00
189023,359.11,-1.24,-1.90,0.78,0.83,2.43,1.67,2.07,4.33,0.00,80.00,3.00
189055,359.05,-1.24,-1.91,0.84,0.87,2.43,1.79,2.10,4.34,0.00,80.00,3.00
189085,359.07,-1.24,-1.91,0.80,0.93,2.34,1.73,2.17,4.25,0.00,80.00,3.00
189114,359.02,-1.24,-1.90,0.74,0.95,2.31,1.71,2.19,4.21,0.00,80.00,3.00
189143,359.01,-1.25,-1.89,0.71,0.98,2.24,1.71,2.23,4.13,0.00,80.00,3.00
189172,358.95,-1.25,-1.89,0.71,0.91,2.27,1.76,2.16,4.15,0.00,80.00,3.00
189201,358.94,-1.25,-1.88,0.70,0.85,2.27,1.76,2.10,4.14,0.00,80.00,3.00
189230,358.88,-1.25,-1.87,0.64,0.83,2.32,1.76,2.07,4.19,0.00,80.00,3.00
189262,358.86,-1.25,-1.88,0.60,0.80,2.44,1.75,2.04,4.32,0.00,80.00,3.00
189292,358.87,-1.25,-1.88,0.63,0.81,2.40,1.76,2.06,4.29,0.00,80.00,3.00
189321,358.84,-1.26,-1.88,0.61,0.85,2.38,1.77,2.11,4.26,0.00,80.00,3.00
189350,358.87,-1.25,-1.88,0.70,0.89,2.35,1.83,2.14,4.23,0.00,80.00,3.00
189379,358.81,-1.25,-1.88,0.66,0.94,2.38,1.86,2.19,4.26,0.00,80.00,3.00
189408,358.75,-1.25,-1.88,0.72,0.97,2.40,1.97,2.21,4.27,0.00,80.00,3.00
189438,358.78,-1.25,-1.88,0.78,0.92,2.35,2.00,2.17,4.22,0.00,80.00,3.00
189465,358.82,-1.25,-1.86,0.84,0.90,2.34,2.02,2.16,4.20,0.00,80.00,3.00
189495,358.83,-1.24,-1.86,0.84,0.91,2.33,2.01,2.15,4.19,0.00,80.00,3.00
189524,358.87,-1.25,-1.84,0.75,0.91,2.37,1.88,2.16,4.21,0.00,80.00,3.00
189553,358.89,-1.25,-1.83,0.83,0.89,2.32,1.94,2.15,4.15,0.00,80.00,3.00
189582,358.87,-1.25,-1.82,0.86,0.93,2.26,1.99,2.17,4.08,0.00,80.00,3.00
189611,358.87,-1.25,-1.82,0.86,0.98,2.30,1.99,2.23,4.12,0.00,80.00,3.00
189655,358.91,-1.25,-1.83,0.77,0.97,2.31,1.86,2.22,4.14,0.00,80.00,3.00
189684,358.94,-1.24,-1.83,0.83,1.03,2.31,1.89,2.27,4.14,0.00,80.00,3.00
189716,358.97,-1.24,-1.84,0.86,1.01,2.26,1.90,2.25,4.10,0.00,80.00,3.00
189746,358.91,-1.24,-1.84,0.76,0.99,2.28,1.84,2.22,4.13,0.00,80.00,3.00
189775,358.93,-1.23,-1.84,0.65,1.02,2.31,1.71,2.26,4.15,0.00,80.00,3.00
189804,358.90,-1.24,-1.83,0.62,1.05,2.32,1.72,2.29,4.16,0.00,80.00,3.00
189833,358.97,-1.24,-1.83,0.59,1.03,2.30,1.62,2.27,4.13,0.00,80.00,3.00
189862,358.99,-1.24,-1.83,0.55,0.98,2.29,1.55,2.22,4.11,0.00,80.00,3.00
189891,358.99,-1.24,-1.83,0.56,1.02,2.31,1.57,2.27,4.14,0.00,80.00,3.00
189924,359.05,-1.25,-1.82,0.63,1.01,2.29,1.58,2.26,4.11,0.00,80.00,3.00
189953,359.02,-1.26,-1.82,0.66,0.94,2.28,1.64,2.19,4.10,0.00,80.00,3.00
189982,359.04,-1.26,-1.82,0.67,0.93,2.29,1.63,2.18,4.10,0.00,80.00,3.00
190011,359.03,-1.25,-1.81,0.70,0.94,2.34,1.66,2.19,4.15,0.00,80.00,3.00
190040,359.02,-1.25,-1.82,0.72,0.91,2.29,1.70,2.16,4.11,0.00,80.00,3.00
190069,359.10,-1.25,-1.82,0.68,0.91,2.28,1.58,2.16,4.10,0.00,80.00,3.00
190099,359.00,-1.25,-1.83,0.75,0.93,2.33,1.75,2.19,4.16,0.00,80.00,3.00
190131,359.00,-1.26,-1.82,0.77,0.94,2.36,1.77,2.19,4.19,0.00,80.00,3.00
190169,359.03,-1.25,-1.82,0.76,0.98,2.35,1.73,2.23,4.17,0.00,80.00,3.00
190198,359.03,-1.25,-1.82,0.73,0.96,2.37,1.71,2.21,4.20,0.00,80.00,3.00
190227,359.03,-1.25,-1.82,0.67,0.97,2.43,1.64,2.21,4.25,0.00,80.00,3.00
190256,359.01,-1.24,-1.83,0.61,0.92,2.42,1.60,2.16,4.25,0.00,80.00,3.00
190300,359.03,-1.24,-1.83,0.60,0.93,2.35,1.57,2.17,4.18,0.00,80.00,3.00
190329,358.99,-1.25,-1.83,0.66,0.94,2.35,1.67,2.19,4.18,0.00,80.00,3.00
190361,359.04,-1.25,-1.82,0.67,0.95,2.37,1.63,2.19,4.20,0.00,80.00,3.00
190390,359.05,-1.25,-1.82,0.72,0.97,2.40,1.67,2.22,4.22,0.00,80.00,3.00
190419,359.09,-1.24,-1.82,0.76,0.94,2.39,1.67,2.18,4.22,0.00,80.00,3.00
190448,359.16,-1.24,-1.82,0.71,0.93,2.30,1.55,2.17,4.12,0.00,80.00,3.00
190477,359.12,-1.24,-1.82,0.61,0.93,2.39,1.49,2.17,4.21,0.00,80.00,3.00
190507,359.06,-1.24,-1.82,0.52,0.94,2.41,1.46,2.17,4.22,0.00,80.00,3.00
190536,359.21,-1.24,-1.82,0.53,0.91,2.31,1.32,2.15,4.13,0.00,80.00,3.00
190568,359.29,-1.24,-1.82,0.61,0.94,2.37,1.32,2.18,4.19,0.00,80.00,3.00
190597,359.34,-1.24,-1.82,0.60,0.94,2.42,1.27,2.18,4.24,0.00,80.00,3.00
190626,359.36,-1.24,-1.82,0.74,0.92,2.42,1.37,2.17,4.25,0.00,80.00,3.00
190655,359.38,-1.24,-1.82,0.80,0.89,2.35,1.41,2.14,4.17,0.00,80.00,3.00
190685,359.47,-1.23,-1.82,0.77,0.87,2.41,1.30,2.10,4.23,0.00,80.00,3.00
190714,359.44,-1.23,-1.83,0.68,0.89,2.42,1.24,2.12,4.25,0.00,80.00,3.00
190743,359.51,-1.24,-1.83,0.69,0.92,2.39,1.18,2.16,4.22,0.00,80.00,3.00
190775,359.51,-1.23,-1.82,0.66,0.96,2.38,1.16,2.19,4.20,0.00,80.00,3.00
190804,359.59,-1.22,-1.82,0.52,0.97,2.34,0.93,2.20,4.16,0.00,80.00,3.00
190833,359.48,-1.22,-1.82,0.50,1.01,2.38,1.02,2.23,4.20,0.00,80.00,3.00
190862,359.49,-1.24,-1.83,0.50,1.03,2.34,1.01,2.26,4.17,0.00,80.00,3.00
190891,359.56,-1.24,-1.84,0.60,1.00,2.37,1.05,2.24,4.20,0.00,80.00,3.00
190921,359.56,-1.24,-1.84,0.53,0.97,2.38,0.97,2.21,4.22,0.00,80.00,3.00
190964,359.56,-1.23,-1.84,0.52,0.95,2.37,0.96,2.18,4.21,0.00,80.00,3.00
190996,359.52,-1.24,-1.84,0.58,0.92,2.39,1.06,2.15,4.23,0.00,80.00,3.00
191025,359.54,-1.24,-1.84,0.62,0.94,2.41,1.07,2.18,4.25,0.00,80.00,3.00
191054,359.53,-1.24,-1.84,0.69,0.95,2.43,1.17,2.19,4.27,0.00,80.00,3.00
191083,359.44,-1.24,-1.85,0.71,0.96,2.38,1.27,2.19,4.23,0.00,80.00,3.00
191113,359.45,-1.24,-1.85,0.85,0.99,2.32,1.40,2.23,4.17,0.00,80.00,3.00
191142,359.48,-1.24,-1.86,0.94,1.01,2.38,1.46,2.25,4.24,0.00,80.00,3.00
191171,359.47,-1.24,-1.85,0.91,1.01,2.33,1.43,2.25,4.19,0.00,80.00,3.00
191203,359.47,-1.25,-1.85,0.87,0.99,2.34,1.40,2.25,4.20,0.00,80.00,3.00
191232,359.47,-1.26,-1.85,0.80,1.02,2.27,1.34,2.27,4.12,0.00,80.00,3.00
191262,359.51,-1.26,-1.85,0.68,0.96,2.32,1.17,2.23,4.16,0.00,80.00,3.00
191291,359.48,-1.27,-1.86,0.62,0.95,2.33,1.14,2.21,4.18,0.00,80.00,3.00
191320,359.54,-1.26,-1.86,0.66,0.96,2.34,1.12,2.22,4.20,0.00,80.00,3.00
191349,359.50,-1.26,-1.86,0.56,0.92,2.31,1.06,2.18,4.18,0.00,80.00,3.00
191378,359.47,-1.26,-1.86,0.59,0.90,2.34,1.12,2.16,4.20,0.00,80.00,3.00
191410,359.47,-1.26,-1.86,0.66,0.88,2.38,1.19,2.14,4.24,0.00,80.00,3.00
191439,359.57,-1.26,-1.86,0.70,0.87,2.36,1.13,2.13,4.22,0.00,80.00,3.00
191468,359.57,-1.27,-1.87,0.74,0.88,2.36,1.17,2.15,4.23,0.00,80.00,3.00
191498,359.56,-1.27,-1.86,0.72,0.85,2.31,1.15,2.11,4.17,0.00,80.00,3.00
191527,359.58,-1.27,-1.86,0.75,0.88,2.33,1.17,2.16,4.19,0.00,80.00,3.00
191556,359.56,-1.28,-1.86,0.82,0.83,2.32,1.27,2.11,4.18,0.00,80.00,3.00
191599,359.49,-1.27,-1.86,0.86,0.89,2.33,1.37,2.16,4.19,0.00,80.00,3.00
191631,359.54,-1.28,-1.86,0.92,0.85,2.25,1.38,2.13,4.11,0.00,80.00,3.00
191661,359.51,-1.28,-1.86,0.94,0.84,2.23,1.44,2.12,4.09,0.00,80.00,3.00
191690,359.48,-1.29,-1.86,0.92,0.85,2.27,1.44,2.14,4.13,0.00,80.00,3.00
191719,359.49,-1.29,-1.85,0.89,0.89,2.26,1.40,2.18,4.11,0.00,80.00,3.00
191748,359.53,-1.30,-1.86,0.84,0.92,2.27,1.30,2.21,4.13,0.00,80.00,3.00
191777,359.54,-1.30,-1.86,0.83,0.96,2.28,1.29,2.26,4.14,0.00,80.00,3.00
191806,359.53,-1.31,-1.85,0.81,1.04,2.32,1.28,2.35,4.17,0.00,80.00,3.00
191847,359.46,-1.31,-1.85,0.88,1.01,2.32,1.42,2.33,4.18,0.00,80.00,3.00
191876,359.46,-1.31,-1.86,0.87,0.99,2.34,1.41,2.30,4.20,0.00,80.00,3.00
191905,359.43,-1.31,-1.86,0.87,0.98,2.29,1.44,2.29,4.15,0.00,80.00,3.00
191934,359.37,-1.31,-1.85,0.82,0.96,2.31,1.46,2.27,4.17,0.00,80.00,3.00
191963,359.29,-1.32,-1.86,0.69,0.95,2.30,1.40,2.27,4.16,0.00,80.00,3.00
191992,359.28,-1.32,-1.87,0.60,0.99,2.26,1.32,2.30,4.12,0.00,80.00,3.00
192022,359.31,-1.32,-1.87,0.56,1.03,2.14,1.25,2.35,4.02,0.00,80.00,3.00
192054,359.28,-1.32,-1.88,0.50,1.02,2.14,1.22,2.33,4.02,0.00,80.00,3.00
192083,359.29,-1.31,-1.87,0.54,1.05,2.11,1.25,2.36,3.98,0.00,80.00,3.00
192112,359.27,-1.32,-1.87,0.59,1.04,2.17,1.32,2.36,4.04,0.00,80.00,3.00
192141,359.24,-1.32,-1.87,0.65,1.05,2.20,1.40,2.37,4.07,0.00,80.00,3.00
192170,359.25,-1.32,-1.88,0.72,1.05,2.26,1.47,2.37,4.14,0.00,80.00,3.00
192199,359.16,-1.32,-1.88,0.81,1.03,2.35,1.66,2.35,4.23,0.00,80.00,3.00
192228,359.19,-1.32,-1.87,0.77,1.05,2.39,1.58,2.37,4.26,0.00,80.00,3.00
192275,359.21,-1.33,-1.87,0.79,0.98,2.39,1.58,2.30,4.26,0.00,80.00,3.00
192304,359.21,-1.34,-1.88,0.77,0.97,2.38,1.56,2.30,4.26,0.00,80.00,3.00
192333,359.15,-1.35,-1.88,0.77,0.94,2.38,1.62,2.29,4.26,0.00,80.00,3.00
192362,359.26,-1.35,-1.88,0.73,0.95,2.28,1.46,2.30,4.16,0.00,80.00,3.00
192391,359.29,-1.34,-1.88,0.71,1.00,2.22,1.42,2.34,4.10,0.00,80.00,3.00
192420,359.18,-1.33,-1.87,0.80,1.00,2.20,1.61,2.33,4.08,0.00,80.00,3.00
192449,359.23,-1.34,-1.88,0.79,1.00,2.25,1.56,2.33,4.13,0.00,80.00,3.00
192481,359.22,-1.34,-1.88,0.75,1.00,2.23,1.53,2.35,4.12,0.00,80.00,3.00
192510,359.29,-1.35,-1.89,0.74,1.01,2.21,1.45,2.36,4.10,0.00,80.00,3.00
192540,359.24,-1.35,-1.89,0.70,1.07,2.32,1.46,2.43,4.21,0.00,80.00,3.00
192569,359.19,-1.35,-1.88,0.74,1.06,2.34,1.55,2.41,4.23,0.00,80.00,3.00
192598,359.28,-1.35,-1.89,0.83,1.13,2.36,1.56,2.48,4.25,0.00,80.00,3.00
192627,359.28,-1.35,-1.89,0.90,1.13,2.36,1.62,2.48,4.25,0.00,80.00,3.00
192656,359.33,-1.35,-1.89,0.85,1.08,2.33,1.51,2.42,4.22,0.00,80.00,3.00
192688,359.32,-1.34,-1.89,0.82,1.04,2.28,1.50,2.38,4.17,0.00,80.00,3.00
192717,359.26,-1.34,-1.89,0.91,0.97,2.24,1.65,2.31,4.13,0.00,80.00,3.00
192746,359.26,-1.34,-1.90,0.79,0.99,2.20,1.53,2.34,4.10,0.00,80.00,3.00
192775,359.24,-1.34,-1.90,0.71,0.96,2.19,1.47,2.31,4.09,0.00,80.00,3.00
192804,359.27,-1.34,-1.89,0.66,0.97,2.21,1.39,2.31,4.10,0.00,80.00,3.00
192834,359.18,-1.34,-1.90,0.71,0.98,2.26,1.54,2.33,4.16,0.00,80.00,3.00
192863,359.13,-1.35,-1.89,0.74,0.99,2.27,1.61,2.33,4.17,0.00,80.00,3.00
192909,359.10,-1.34,-1.89,0.73,0.97,2.33,1.63,2.32,4.22,0.00,80.00,3.00
192938,359.14,-1.34,-1.90,0.74,0.95,2.40,1.60,2.29,4.30,0.00,80.00,3.00
192967,359.09,-1.35,-1.90,0.77,0.96,2.42,1.67,2.31,4.32,0.00,80.00,3.00
192996,359.13,-1.34,-1.90,0.83,0.95,2.41,1.70,2.29,4.31,0.00,80.00,3.00
193026,359.09,-1.34,-1.91,0.70,0.95,2.41,1.60,2.29,4.31,0.00,80.00,3.00
193055,359.08,-1.34,-1.91,0.66,0.95,2.39,1.59,2.29,4.30,0.00,80.00,3.00
193084,359.08,-1.34,-1.90,0.67,0.91,2.29,1.59,2.26,4.19,0.00,80.00,3.00
193116,359.13,-1.35,-1.90,0.66,0.89,2.26,1.53,2.24,4.16,0.00,80.00,3.00
193145,359.18,-1.34,-1.90,0.65,0.84,2.26,1.47,2.18,4.16,0.00,80.00,3.00
193174,359.21,-1.34,-1.90,0.72,0.81,2.23,1.51,2.15,4.13,0.00,80.00,3.00
193203,359.19,-1.34,-1.90,0.72,0.82,2.27,1.52,2.16,4.17,0.00,80.00,3.00
193232,359.27,-1.34,-1.91,0.69,0.86,2.33,1.42,2.20,4.24,0.00,80.00,3.00
193262,359.21,-1.34,-1.91,0.64,0.82,2.36,1.43,2.16,4.27,0.00,80.00,3.00
193291,359.27,-1.34,-1.91,0.64,0.87,2.34,1.38,2.20,4.26,0.00,80.00,3.00
193323,359.30,-1.33,-1.92,0.70,0.91,2.34,1.40,2.24,4.26,0.00,80.00,3.00
193352,359.37,-1.33,-1.91,0.82,0.87,2.31,1.45,2.20,4.22,0.00,80.00,3.00
193381,359.32,-1.33,-1.91,0.85,0.85,2.27,1.53,2.18,4.18,0.00,80.00,3.00
193410,359.34,-1.33,-1.91,0.90,0.83,2.25,1.56,2.16,4.16,0.00,80.00,3.00
193439,359.37,-1.33,-1.92,0.99,0.90,2.24,1.63,2.23,4.16,0.00,80.00,3.00
193530,359.40,-1.33,-1.92,1.12,0.90,2.29,1.72,2.23,4.20,0.00,80.00,3.00
193664,359.46,-1.33,-1.91,1.09,0.94,2.36,1.63,2.28,4.27,0.00,80.00,3.00
193819,359.43,-1.33,-1.91,0.95,0.96,2.36,1.52,2.29,4.28,0.00,80.00,3.00
193904,359.40,-1.33,-1.91,0.95,0.94,2.40,1.55,2.28,4.32,0.00,80.00,3.00
193933,359.40,-1.34,-1.92,0.91,0.98,2.43,1.51,2.32,4.35,0.00,80.00,3.00
193962,359.40,-1.34,-1.91,0.80,1.01,2.42,1.40,2.35,4.33,0.00,80.00,3.00
193991,359.44,-1.34,-1.92,0.75,1.05,2.43,1.31,2.38,4.35,0.00,80.00,3.00
194020,359.47,-1.34,-1.92,0.79,1.02,2.40,1.32,2.37,4.32,0.00,80.00,3.00
194049,359.50,-1.35,-1.91,0.84,1.01,2.39,1.34,2.36,4.31,0.00,80.00,3.00
194081,359.53,-1.35,-1.91,0.82,0.96,2.29,1.29,2.31,4.20,0.00,80.00,3.00
194110,359.51,-1.35,-1.92,0.75,0.85,2.39,1.24,2.19,4.32,0.00,80.00,3.00
194139,359.45,-1.35,-1.92,0.58,0.83,2.30,1.13,2.18,4.23,0.00,80.00,3.00
194168,359.47,-1.34,-1.92,0.64,0.89,2.42,1.17,2.23,4.34,0.00,80.00,3.00
194197,359.51,-1.34,-1.92,0.63,0.89,2.44,1.12,2.23,4.36,0.00,80.00,3.00
194226,359.52,-1.35,-1.92,0.74,0.90,2.42,1.22,2.24,4.34,0.00,80.00,3.00
194255,359.54,-1.35,-1.92,0.74,0.93,2.39,1.20,2.28,4.31,0.00,80.00,3.00
194287,359.52,-1.34,-1.91,0.72,0.90,2.38,1.19,2.25,4.29,0.00,80.00,3.00
194316,359.52,-1.33,-1.90,0.76,0.88,2.35,1.24,2.21,4.25,0.00,80.00,3.00
194345,359.48,-1.32,-1.90,0.69,0.96,2.31,1.21,2.28,4.21,0.00,80.00,3.00
194375,359.45,-1.33,-1.90,0.66,0.97,2.32,1.21,2.30,4.22,0.00,80.00,3.00
194404,359.46,-1.33,-1.90,0.63,0.97,2.30,1.17,2.30,4.21,0.00,80.00,3.00
194433,359.45,-1.33,-1.90,0.69,0.97,2.31,1.25,2.30,4.20,0.00,80.00,3.00
194462,359.38,-1.33,-1.89,0.71,0.96,2.27,1.33,2.29,4.16,0.00,80.00,3.00
194494,359.27,-1.34,-1.89,0.65,0.97,2.30,1.38,2.31,4.19,0.00,80.00,3.00
194538,359.19,-1.34,-1.89,0.67,0.91,2.39,1.48,2.25,4.28,0.00,80.00,3.00
194567,359.27,-1.35,-1.89,0.73,0.90,2.39,1.46,2.25,4.28,0.00,80.00,3.00
194596,359.26,-1.34,-1.89,0.68,0.91,2.39,1.43,2.25,4.28,0.00,80.00,3.00
194625,359.29,-1.34,-1.89,0.61,0.93,2.37,1.32,2.27,4.25,0.00,80.00,3.00
194654,359.30,-1.35,-1.88,0.65,0.99,2.34,1.35,2.33,4.22,0.00,80.00,3.00
194683,359.32,-1.34,-1.87,0.66,0.96,2.28,1.35,2.31,4.15,0.00,80.00,3.00
194716,359.38,-1.35,-1.87,0.64,1.03,2.26,1.26,2.38,4.13,0.00,80.00,3.00
194745,359.39,-1.35,-1.87,0.67,1.01,2.27,1.28,2.36,4.14,0.00,80.00,3.00
194774,359.33,-1.35,-1.87,0.68,1.01,2.29,1.34,2.36,4.16,0.00,80.00,3.00
194803,359.27,-1.34,-1.86,0.66,1.04,2.35,1.40,2.38,4.22,0.00,80.00,3.00
194832,359.31,-1.34,-1.86,0.69,1.07,2.32,1.38,2.40,4.19,0.00,80.00,3.00
194862,359.34,-1.34,-1.86,0.73,1.08,2.28,1.38,2.42,4.14,0.00,80.00,3.00
194891,359.37,-1.34,-1.86,0.73,1.11,2.27,1.36,2.44,4.13,0.00,80.00,3.00
194923,359.41,-1.33,-1.86,0.68,1.15,2.29,1.28,2.48,4.14,0.00,80.00,3.00
194952,359.39,-1.33,-1.85,0.66,1.13,2.33,1.26,2.47,4.18,0.00,80.00,3.00
194981,359.36,-1.33,-1.85,0.71,1.10,2.33,1.35,2.43,4.18,0.00,80.00,3.00
195010,359.35,-1.34,-1.86,0.77,1.08,2.40,1.42,2.42,4.25,0.00,80.00,3.00
195039,359.27,-1.33,-1.86,0.82,1.00,2.42,1.55,2.33,4.28,0.00,80.00,3.00
195068,359.21,-1.33,-1.85,0.72,1.01,2.37,1.51,2.34,4.22,0.00,80.00,3.00
195098,359.22,-1.32,-1.85,0.75,0.99,2.28,1.53,2.32,4.13,0.00,80.00,3.00
195130,359.19,-1.32,-1.86,0.88,1.00,2.28,1.69,2.32,4.13,0.00,80.00,3.00
195173,359.18,-1.32,-1.86,0.83,1.00,2.28,1.65,2.32,4.13,0.00,80.00,3.00
195202,359.20,-1.31,-1.85,0.83,1.02,2.24,1.62,2.34,4.09,0.00,80.00,3.00
195231,359.26,-1.32,-1.85,0.73,0.99,2.24,1.47,2.31,4.10,0.00,80.00,3.00
195260,359.26,-1.33,-1.86,0.79,0.90,2.29,1.53,2.23,4.14,0.00,80.00,3.00
195289,359.25,-1.32,-1.86,0.91,0.90,2.33,1.66,2.22,4.19,0.00,80.00,3.00
195318,359.24,-1.31,-1.86,0.84,0.90,2.29,1.61,2.22,4.15,0.00,80.00,3.00
195350,359.21,-1.32,-1.85,0.80,0.88,2.31,1.59,2.20,4.16,0.00,80.00,3.00
195379,359.26,-1.32,-1.85,0.76,0.91,2.34,1.50,2.23,4.20,0.00,80.00,3.00
195408,359.28,-1.32,-1.85,0.82,0.97,2.36,1.54,2.29,4.20,0.00,80.00,3.00
195445,359.26,-1.32,-1.84,0.72,0.96,2.32,1.46,2.28,4.17,0.00,80.00,3.00
195474,359.28,-1.32,-1.84,0.77,0.92,2.31,1.49,2.24,4.15,0.00,80.00,3.00
195503,359.25,-1.31,-1.84,0.80,0.92,2.31,1.55,2.24,4.15,0.00,80.00,3.00
195532,359.12,-1.31,-1.83,0.85,0.96,2.26,1.73,2.27,4.09,0.00,80.00,3.00
195563,359.11,-1.31,-1.84,0.87,0.95,2.23,1.77,2.26,4.07,0.00,80.00,3.00
195592,359.07,-1.31,-1.84,0.80,1.01,2.20,1.74,2.31,4.05,0.00,80.00,3.00
195621,359.03,-1.30,-1.84,0.78,1.02,2.30,1.74,2.32,4.14,0.00,80.00,3.00
195650,359.12,-1.31,-1.84,0.71,1.02,2.30,1.58,2.33,4.14,0.00,80.00,3.00
195679,359.12,-1.31,-1.84,0.73,1.03,2.31,1.61,2.34,4.15,0.00,80.00,3.00
195707,359.07,-1.31,-1.85,0.72,1.02,2.32,1.64,2.33,4.17,0.00,80.00,3.00
195736,359.06,-1.31,-1.85,0.78,1.01,2.39,1.72,2.32,4.23,0.00,80.00,3.00
195768,359.06,-1.30,-1.85,0.77,1.05,2.34,1.72,2.35,4.19,0.00,80.00,3.00
195797,359.03,-1.30,-1.84,0.78,1.06,2.34,1.74,2.36,4.18,0.00,80.00,3.00
195842,359.00,-1.31,-1.85,0.80,1.08,2.33,1.80,2.38,4.18,0.00,80.00,3.00
195871,358.96,-1.32,-1.85,0.72,1.08,2.35,1.76,2.39,4.20,0.00,80.00,3.00
195900,359.06,-1.31,-1.85,0.71,1.07,2.28,1.64,2.38,4.13,0.00,80.00,3.00
195929,359.07,-1.31,-1.84,0.71,1.02,2.29,1.64,2.33,4.14,0.00,80.00,3.00
195958,359.06,-1.31,-1.84,0.87,1.00,2.20,1.81,2.31,4.04,0.00,80.00,3.00
195990,359.14,-1.31,-1.85,0.86,0.97,2.17,1.73,2.28,4.02,0.00,80.00,3.00
196020,359.17,-1.30,-1.86,0.88,0.91,2.19,1.70,2.21,4.05,0.00,80.00,3.00
196049,359.23,-1.30,-1.84,0.94,0.88,2.16,1.72,2.19,4.01,0.00,80.00,3.00
196078,359.24,-1.30,-1.84,0.86,0.86,2.23,1.63,2.16,4.06,0.00,80.00,3.00
196107,359.24,-1.31,-1.84,0.65,0.85,2.23,1.42,2.15,4.08,0.00,80.00,3.00
196136,359.19,-1.31,-1.84,0.60,0.86,2.22,1.41,2.17,4.06,0.00,80.00,3.00
196166,359.12,-1.30,-1.85,0.59,0.96,2.27,1.47,2.26,4.13,0.00,80.00,3.00
196198,359.15,-1.30,-1.86,0.59,0.98,2.30,1.44,2.28,4.16,0.00,80.00,3.00
196227,359.09,-1.29,-1.86,0.61,1.04,2.29,1.52,2.33,4.15,0.00,80.00,3.00
196256,359.09,-1.28,-1.87,0.55,1.01,2.34,1.46,2.29,4.21,0.00,80.00,3.00
196286,359.12,-1.28,-1.87,0.58,1.02,2.42,1.47,2.30,4.28,0.00,80.00,3.00
196315,359.17,-1.28,-1.87,0.59,1.00,2.46,1.42,2.28,4.34,0.00,80.00,3.00
196344,359.06,-1.29,-1.88,0.61,0.87,2.45,1.55,2.16,4.33,0.00,80.00,3.00
196373,359.06,-1.29,-1.87,0.49,0.87,2.48,1.43,2.16,4.35,0.00,80.00,3.00
196405,359.05,-1.29,-1.88,0.55,0.87,2.39,1.50,2.16,4.26,0.00,80.00,3.00
196435,359.01,-1.28,-1.88,0.63,0.85,2.39,1.62,2.14,4.28,0.00,80.00,3.00
196479,359.05,-1.29,-1.88,0.64,0.86,2.39,1.60,2.15,4.27,0.00,80.00,3.00
196508,359.04,-1.28,-1.88,0.60,0.93,2.36,1.55,2.21,4.25,0.00,80.00,3.00
196537,359.10,-1.27,-1.88,0.61,1.00,2.38,1.51,2.27,4.26,0.00,80.00,3.00
196566,359.16,-1.27,-1.87,0.75,0.98,2.38,1.59,2.25,4.25,0.00,80.00,3.00
196595,359.15,-1.28,-1.88,0.82,0.97,2.40,1.67,2.25,4.28,0.00,80.00,3.00
196628,359.14,-1.28,-1.88,0.74,0.98,2.34,1.60,2.26,4.22,0.00,80.00,3.00
196657,359.11,-1.29,-1.87,0.81,0.96,2.40,1.71,2.25,4.27,0.00,80.00,3.00
196686,359.06,-1.29,-1.87,0.90,0.89,2.42,1.83,2.18,4.29,0.00,80.00,3.00
196715,359.02,-1.29,-1.88,0.90,0.88,2.40,1.88,2.17,4.28,0.00,80.00,3.00
196745,358.98,-1.29,-1.88,0.70,0.91,2.28,1.72,2.20,4.16,0.00,80.00,3.00
196774,358.96,-1.29,-1.88,0.74,0.90,2.27,1.78,2.19,4.15,0.00,80.00,3.00
196803,358.93,-1.29,-1.88,0.69,0.89,2.18,1.76,2.18,4.06,0.00,80.00,3.00
196835,358.93,-1.29,-1.88,0.62,0.92,2.17,1.69,2.21,4.05,0.00,80.00,3.00
196864,358.93,-1.29,-1.88,0.62,0.92,2.21,1.69,2.20,4.08,0.00,80.00,3.00
196894,358.90,-1.29,-1.87,0.67,0.85,2.34,1.77,2.14,4.22,0.00,80.00,3.00
196923,358.93,-1.29,-1.88,0.61,0.86,2.42,1.68,2.15,4.30,0.00,80.00,3.00
196952,358.93,-1.29,-1.88,0.67,0.88,2.46,1.74,2.17,4.33,0.00,80.00,3.00
196981,358.95,-1.28,-1.88,0.75,0.84,2.51,1.80,2.12,4.38,0.00,80.00,3.00
197010,359.00,-1.29,-1.88,0.78,0.91,2.45,1.79,2.20,4.33,0.00,80.00,3.00
197042,359.02,-1.29,-1.87,0.82,0.95,2.42,1.80,2.24,4.29,0.00,80.00,3.00
197072,359.02,-1.29,-1.87,0.74,0.96,2.39,1.72,2.25,4.27,0.00,80.00,3.00
197124,359.01,-1.29,-1.87,0.78,0.97,2.33,1.78,2.26,4.20,0.00,80.00,3.00
197153,359.04,-1.30,-1.87,0.75,0.99,2.32,1.71,2.29,4.19,0.00,80.00,3.00
197183,359.01,-1.30,-1.87,0.68,0.99,2.34,1.67,2.29,4.21,0.00,80.00,3.00
197212,359.05,-1.29,-1.86,0.67,0.94,2.34,1.62,2.23,4.20,0.00,80.00,3.00
197241,359.04,-1.30,-1.86,0.65,0.93,2.32,1.61,2.23,4.18,0.00,80.00,3.00
197273,359.09,-1.30,-1.86,0.71,0.98,2.32,1.61,2.28,4.18,0.00,80.00,3.00
197302,359.10,-1.30,-1.86,0.74,0.97,2.31,1.64,2.28,4.17,0.00,80.00,3.00
197332,359.13,-1.30,-1.86,0.67,0.94,2.26,1.55,2.24,4.12,0.00,80.00,3.00
197361,359.14,-1.31,-1.86,0.72,0.93,2.24,1.58,2.24,4.10,0.00,80.00,3.00
197390,359.13,-1.30,-1.85,0.72,0.88,2.30,1.59,2.17,4.15,0.00,80.00,3.00
197419,359.03,-1.29,-1.86,0.73,0.85,2.36,1.70,2.14,4.22,0.00,80.00,3.00
197448,359.02,-1.29,-1.86,0.71,0.84,2.31,1.69,2.13,4.17,0.00,80.00,3.00
197481,358.99,-1.29,-1.87,0.79,0.89,2.35,1.80,2.18,4.22,0.00,80.00,3.00
197510,358.96,-1.28,-1.87,0.80,0.95,2.34,1.84,2.23,4.21,0.00,80.00,3.00
197539,358.94,-1.28,-1.87,0.87,0.96,2.37,1.92,2.24,4.23,0.00,80.00,3.00
197568,358.99,-1.28,-1.87,0.81,0.96,2.32,1.82,2.24,4.20,0.00,80.00,3.00
197597,358.98,-1.27,-1.88,0.79,0.94,2.35,1.81,2.21,4.23,0.00,80.00,3.00
197626,358.99,-1.27,-1.87,0.80,0.94,2.42,1.81,2.21,4.29,0.00,80.00,3.00
197656,359.01,-1.27,-1.87,0.69,0.94,2.41,1.68,2.21,4.28,0.00,80.00,3.00
197688,359.11,-1.28,-1.86,0.60,0.93,2.41,1.48,2.21,4.27,0.00,80.00,3.00
197717,359.12,-1.28,-1.85,0.51,0.95,2.43,1.39,2.23,4.28,0.00,80.00,3.00
197761,359.19,-1.28,-1.85,0.64,0.91,2.45,1.46,2.19,4.31,0.00,80.00,3.00
197790,359.24,-1.29,-1.85,0.60,0.93,2.45,1.36,2.23,4.30,0.00,80.00,3.00
197819,359.26,-1.30,-1.85,0.57,0.88,2.37,1.31,2.18,4.22,0.00,80.00,3.00
197848,359.26,-1.30,-1.85,0.62,0.89,2.28,1.36,2.19,4.13,0.00,80.00,3.00
197877,359.31,-1.30,-1.84,0.64,0.91,2.27,1.33,2.21,4.11,0.00,80.00,3.00
197910,359.26,-1.31,-1.84,0.57,0.93,2.30,1.31,2.24,4.14,0.00,80.00,3.00
197939,359.24,-1.31,-1.85,0.52,1.01,2.31,1.28,2.31,4.15,0.00,80.00,3.00
197968,359.19,-1.31,-1.85,0.47,0.99,2.32,1.28,2.30,4.17,0.00,80.00,3.00
197997,359.15,-1.31,-1.85,0.39,0.99,2.36,1.24,2.30,4.21,0.00,80.00,3.00
198026,359.12,-1.31,-1.85,0.49,0.95,2.39,1.37,2.26,4.24,0.00,80.00,3.00
198055,359.07,-1.31,-1.86,0.64,0.94,2.34,1.57,2.26,4.20,0.00,80.00,3.00
198085,359.04,-1.31,-1.86,0.72,0.89,2.31,1.68,2.20,4.17,0.00,80.00,3.00
198117,359.09,-1.31,-1.86,0.78,0.91,2.30,1.69,2.22,4.16,0.00,80.00,3.00
198146,359.08,-1.31,-1.86,0.85,0.90,2.31,1.76,2.21,4.17,0.00,80.00,3.00
198175,359.07,-1.31,-1.86,0.81,0.91,2.29,1.74,2.21,4.16,0.00,80.00,3.00
198204,359.02,-1.30,-1.88,0.65,0.90,2.30,1.63,2.20,4.18,0.00,80.00,3.00
198233,359.05,-1.31,-1.87,0.60,0.86,2.31,1.56,2.16,4.18,0.00,80.00,3.00
198263,359.06,-1.30,-1.88,0.57,0.88,2.32,1.52,2.18,4.20,0.00,80.00,3.00
198292,359.08,-1.30,-1.88,0.66,0.87,2.26,1.59,2.18,4.14,0.00,80.00,3.00
198324,359.09,-1.31,-1.87,0.60,0.87,2.25,1.51,2.18,4.12,0.00,80.00,3.00
198353,359.04,-1.31,-1.88,0.67,0.85,2.29,1.63,2.16,4.17,0.00,80.00,3.00
198397,359.05,-1.32,-1.87,0.69,0.89,2.23,1.64,2.21,4.10,0.00,80.00,3.00
198426,359.09,-1.31,-1.87,0.79,0.93,2.16,1.70,2.24,4.03,0.00,80.00,3.00
198455,359.05,-1.31,-1.87,0.81,0.95,2.19,1.76,2.27,4.05,0.00,80.00,3.00
198484,359.04,-1.31,-1.86,0.83,0.95,2.25,1.79,2.26,4.12,0.00,80.00,3.00
198514,359.06,-1.31,-1.86,0.80,0.94,2.27,1.74,2.25,4.13,0.00,80.00,3.00
198546,359.01,-1.31,-1.86,0.87,0.95,2.30,1.86,2.25,4.15,0.00,80.00,3.00
198575,359.05,-1.30,-1.86,0.91,1.02,2.31,1.86,2.32,4.17,0.00,80.00,3.00
198604,359.03,-1.31,-1.86,0.85,0.97,2.39,1.82,2.28,4.25,0.00,80.00,3.00
198633,359.12,-1.31,-1.86,0.80,1.00,2.33,1.68,2.32,4.19,0.00,80.00,3.00
198663,359.11,-1.31,-1.85,0.66,1.06,2.28,1.56,2.36,4.14,0.00,80.00,3.00
198692,359.11,-1.30,-1.85,0.61,1.03,2.27,1.51,2.33,4.12,0.00,80.00,3.00
198721,359.07,-1.30,-1.85,0.59,0.97,2.26,1.52,2.27,4.11,0.00,80.00,3.00
198762,359.03,-1.30,-1.85,0.53,0.93,2.20,1.50,2.23,4.05,0.00,80.00,3.00
198791,358.94,-1.30,-1.84,0.59,0.89,2.24,1.65,2.18,4.09,0.00,80.00,3.00
198820,358.92,-1.30,-1.85,0.60,0.87,2.32,1.68,2.17,4.17,0.00,80.00,3.00
198849,358.89,-1.30,-1.85,0.69,0.88,2.39,1.80,2.18,4.24,0.00,80.00,3.00
198878,358.95,-1.31,-1.85,0.76,0.90,2.38,1.80,2.20,4.23,0.00,80.00,3.00
198907,358.98,-1.28,-1.90,0.78,0.90,2.44,1.80,2.18,4.33,0.00,80.00,3.00
198936,358.99,-1.28,-1.93,0.71,0.92,2.44,1.72,2.21,4.37,0.00,80.00,3.00
198968,358.98,-1.28,-1.95,0.77,0.96,2.36,1.79,2.24,4.31,0.00,80.00,3.00
198997,358.96,-1.29,-1.96,0.72,0.97,2.32,1.77,2.26,4.28,0.00,80.00,3.00
199041,358.93,-1.30,-1.95,0.74,0.98,2.20,1.80,2.28,4.15,0.00,80.00,3.00
199070,358.96,-1.30,-1.96,0.75,0.95,2.22,1.79,2.25,4.18,0.00,80.00,3.00
199100,358.88,-1.30,-1.97,0.78,0.92,2.31,1.90,2.21,4.28,0.00,80.00,3.00
199129,358.86,-1.30,-1.99,0.78,0.90,2.36,1.92,2.20,4.35,0.00,80.00,3.00
199158,358.87,-1.30,-2.00,0.73,0.87,2.37,1.85,2.17,4.36,0.00,80.00,3.00
199190,358.88,-1.30,-2.01,0.78,0.90,2.41,1.90,2.19,4.42,0.00,80.00,3.00
199219,358.82,-1.30,-2.02,0.81,0.62,2.84,1.98,1.92,4.85,0.00,80.00,3.00
199248,358.82,-1.30,-2.02,0.78,0.57,2.93,1.96,1.86,4.95,0.00,80.00,3.00
199277,358.78,-1.29,-2.02,0.77,0.60,2.74,1.99,1.89,4.77,0.00,80.00,3.00
199307,358.79,-1.29,-2.01,0.96,0.58,2.67,2.17,1.88,4.68,0.00,80.00,3.00
199336,358.78,-1.29,-2.01,0.95,0.61,2.69,2.17,1.90,4.70,0.00,80.00,3.00
199365,358.82,-1.29,-2.01,0.92,0.87,2.29,2.10,2.16,4.30,0.00,80.00,3.00
199397,358.83,-1.29,-2.03,0.86,0.96,2.12,2.03,2.25,4.15,0.00,80.00,3.00
199426,358.89,-1.29,-2.03,0.85,0.95,2.22,1.95,2.24,4.26,0.00,80.00,3.00
199455,358.95,-1.29,-2.03,0.77,0.96,2.30,1.82,2.25,4.33,0.00,80.00,3.00
199484,358.97,-1.29,-2.03,0.79,0.96,2.31,1.82,2.25,4.34,0.00,80.00,3.00
199514,359.00,-1.29,-2.04,0.82,0.91,2.25,1.83,2.20,4.28,0.00,80.00,3.00
199543,359.04,-1.29,-2.04,0.84,0.91,2.21,1.80,2.20,4.25,0.00,80.00,3.00
199572,359.08,-1.28,-2.04,0.95,0.94,2.18,1.86,2.22,4.22,0.00,80.00,3.00
199604,359.12,-1.29,-2.05,0.99,0.93,2.16,1.87,2.22,4.21,0.00,80.00,3.00
199633,359.11,-1.28,-2.04,0.93,0.92,2.11,1.82,2.20,4.15,0.00,80.00,3.00
199678,359.16,-1.29,-2.04,0.87,0.93,2.10,1.72,2.21,4.14,0.00,80.00,3.00
199707,359.17,-1.29,-2.03,0.80,0.98,2.10,1.63,2.27,4.13,0.00,80.00,3.00
199736,359.25,-1.30,-2.01,0.78,0.97,2.14,1.52,2.27,4.16,0.00,80.00,3.00
199765,359.30,-1.29,-2.02,0.80,0.96,2.27,1.50,2.25,4.28,0.00,80.00,3.00
199794,359.35,-1.29,-2.01,0.76,0.95,2.22,1.40,2.24,4.23,0.00,80.00,3.00
199827,359.34,-1.28,-2.00,0.74,0.93,2.26,1.41,2.21,4.26,0.00,80.00,3.00
199856,359.38,-1.28,-2.01,0.78,0.96,2.33,1.39,2.24,4.34,0.00,80.00,3.00
199885,359.44,-1.28,-2.01,0.74,0.92,2.32,1.30,2.20,4.32,0.00,80.00,3.00
199914,359.46,-1.27,-2.02,0.75,0.89,2.34,1.29,2.16,4.35,0.00,80.00,3.00
199943,359.40,-1.28,-2.02,0.81,0.90,2.37,1.41,2.18,4.39,0.00,80.00,3.00
199973,359.39,-1.27,-2.02,0.91,0.93,2.28,1.52,2.20,4.30,0.00,80.00,3.00
200002,359.36,-1.27,-2.03,0.93,0.92,2.26,1.57,2.19,4.29,0.00,80.00,3.00
200034,359.34,-1.27,-2.03,1.06,0.94,2.29,1.72,2.21,4.32,0.00,80.00,3.00
200063,359.38,-1.27,-2.03,1.14,0.90,2.30,1.75,2.17,4.33,0.00,80.00,3.00
200092,359.37,-1.27,-2.04,1.15,0.88,2.25,1.78,2.15,4.29,0.00,80.00,3.00
200121,359.43,-1.26,-2.03,1.15,0.85,2.19,1.72,2.12,4.22,0.00,80.00,3.00
200151,359.38,-1.25,-2.02,1.18,0.86,2.26,1.80,2.11,4.28,0.00,80.00,3.00
200180,359.34,-1.26,-2.03,1.14,0.82,2.28,1.79,2.08,4.31,0.00,80.00,3.00
200209,359.36,-1.25,-2.03,1.10,0.88,2.26,1.73,2.13,4.29,0.00,80.00,3.00
200241,359.32,-1.25,-2.04,0.98,0.91,2.24,1.66,2.16,4.28,0.00,80.00,3.00
200270,359.33,-1.25,-2.04,0.91,0.95,2.26,1.59,2.20,4.30,0.00,80.00,3.00
200314,359.36,-1.24,-2.03,0.94,0.96,2.32,1.59,2.21,4.35,0.00,80.00,3.00
200343,359.36,-1.24,-2.03,0.88,0.99,2.29,1.52,2.23,4.32,0.00,80.00,3.00
200373,359.42,-1.24,-2.03,0.92,0.97,2.29,1.50,2.21,4.32,0.00,80.00,3.00
200410,359.33,-1.25,-2.04,0.83,0.96,2.31,1.50,2.21,4.34,0.00,80.00,3.00
200439,359.35,-1.27,-1.99,0.91,0.90,2.32,1.56,2.17,4.32,0.00,80.00,3.00
200471,359.38,-1.27,-1.96,0.80,0.90,2.30,1.42,2.17,4.26,0.00,80.00,3.00
200500,359.42,-1.28,-1.96,0.81,0.86,2.24,1.39,2.13,4.20,0.00,80.00,3.00
200529,359.46,-1.28,-1.95,0.81,0.86,2.26,1.35,2.13,4.21,0.00,80.00,3.00
200558,359.45,-1.28,-1.96,0.81,0.87,2.30,1.36,2.15,4.26,0.00,80.00,3.00
200587,359.42,-1.28,-1.95,0.86,0.89,2.25,1.44,2.17,4.21,0.00,80.00,3.00
200616,359.43,-1.28,-1.94,0.89,0.91,2.23,1.46,2.18,4.18,0.00,80.00,3.00
200645,359.43,-1.28,-1.93,0.95,0.88,2.27,1.52,2.16,4.20,0.00,80.00,3.00
200677,359.37,-1.27,-1.93,0.88,0.86,2.29,1.51,2.14,4.21,0.00,80.00,3.00
200706,359.42,-1.28,-1.92,0.81,0.89,2.25,1.39,2.16,4.17,0.00,80.00,3.00
200736,359.46,-1.27,-1.91,0.69,0.89,2.30,1.23,2.16,4.21,0.00,80.00,3.00
200765,359.48,-1.27,-1.92,0.66,0.92,2.30,1.18,2.18,4.22,0.00,80.00,3.00
200794,359.49,-1.26,-1.92,0.68,0.94,2.34,1.19,2.20,4.25,0.00,80.00,3.00
200823,359.49,-1.26,-1.93,0.61,0.95,2.36,1.12,2.21,4.29,0.00,80.00,3.00
200852,359.46,-1.26,-1.93,0.66,0.99,2.27,1.20,2.24,4.20,0.00,80.00,3.00
200884,359.46,-1.25,-1.93,0.66,0.94,2.26,1.20,2.19,4.20,0.00,80.00,3.00
200913,359.47,-1.26,-1.93,0.75,0.92,2.14,1.28,2.18,4.07,0.00,80.00,3.00
200957,359.44,-1.24,-1.93,0.69,0.89,2.09,1.25,2.13,4.02,0.00,80.00,3.00
200986,359.39,-1.24,-1.93,0.68,0.85,2.19,1.29,2.10,4.12,0.00,80.00,3.00
201015,359.38,-1.23,-1.93,0.76,0.84,2.20,1.38,2.07,4.13,0.00,80.00,3.00
201044,359.31,-1.24,-1.93,0.79,0.79,2.24,1.48,2.04,4.17,0.00,80.00,3.00
201073,359.35,-1.23,-1.93,0.85,0.81,2.26,1.50,2.05,4.19,0.00,80.00,3.00
201105,359.27,-1.24,-1.93,0.89,0.80,2.35,1.62,2.04,4.28,0.00,80.00,3.00
201134,359.31,-1.24,-1.93,0.91,0.82,2.39,1.60,2.06,4.33,0.00,80.00,3.00
201163,359.28,-1.24,-1.94,0.83,0.85,2.32,1.56,2.09,4.25,0.00,80.00,3.00
201192,359.20,-1.24,-1.94,0.78,0.84,2.30,1.58,2.08,4.24,0.00,80.00,3.00
201221,359.17,-1.23,-1.95,0.75,0.90,2.31,1.58,2.14,4.26,0.00,80.00,3.00
201251,359.12,-1.23,-1.96,0.74,0.94,2.36,1.62,2.16,4.32,0.00,80.00,3.00
201280,359.13,-1.22,-1.96,0.71,0.94,2.35,1.58,2.17,4.31,0.00,80.00,3.00
201312,359.14,-1.22,-1.98,0.75,0.94,2.38,1.61,2.16,4.37,0.00,80.00,3.00
201341,359.11,-1.23,-2.02,0.81,0.99,2.47,1.70,2.22,4.48,0.00,80.00,3.00
201370,359.06,-1.21,-2.08,0.79,1.00,2.48,1.73,2.21,4.56,0.00,80.00,3.00
201399,359.06,-1.21,-2.13,0.78,0.97,2.48,1.71,2.19,4.60,0.00,80.00,3.00
201428,359.01,-1.21,-2.14,0.79,0.94,2.41,1.78,2.15,4.55,0.00,80.00,3.00
201457,359.03,-1.21,-2.11,0.76,0.92,2.42,1.74,2.13,4.52,0.00,80.00,3.00
201486,359.12,-1.21,-2.08,0.76,0.97,2.38,1.64,2.18,4.45,0.00,80.00,3.00
201518,359.09,-1.22,-2.06,0.74,0.90,2.39,1.65,2.12,4.45,0.00,80.00,3.00
201547,359.00,-1.21,-2.06,0.80,0.86,2.42,1.79,2.07,4.49,0.00,80.00,3.00
201644,359.03,-1.21,-2.06,0.76,0.78,2.22,1.73,1.99,4.27,0.00,80.00,3.00
201778,359.02,-1.21,-2.05,0.74,0.63,1.93,1.72,1.84,3.99,0.00,80.00,3.00
201915,359.01,-1.23,-2.06,0.65,0.61,1.99,1.64,1.84,4.06,0.00,80.00,3.00
202001,359.04,-1.23,-2.06,0.60,0.58,2.03,1.57,1.80,4.09,0.00,80.00,3.00
202030,359.03,-1.22,-2.07,0.54,0.59,1.91,1.50,1.81,3.98,0.00,80.00,3.00
202062,359.07,-1.21,-2.06,0.48,0.70,1.84,1.41,1.92,3.90,0.00,80.00,3.00
202091,359.10,-1.21,-2.06,0.50,0.74,1.89,1.40,1.95,3.95,0.00,80.00,3.00
202120,359.12,-1.21,-2.06,0.51,0.96,2.33,1.39,2.17,4.39,0.00,80.00,3.00
202149,359.08,-1.21,-2.07,0.52,1.04,2.17,1.44,2.25,4.24,0.00,80.00,3.00
202178,359.15,-1.22,-2.07,0.72,0.99,2.34,1.57,2.21,4.41,0.00,80.00,3.00
202207,359.10,-1.22,-2.07,0.71,0.91,2.26,1.61,2.12,4.33,0.00,80.00,3.00
202236,359.13,-1.21,-2.08,0.69,0.95,2.32,1.56,2.16,4.40,0.00,80.00,3.00
202268,359.09,-1.21,-2.08,0.69,0.87,2.41,1.59,2.08,4.48,0.00,80.00,3.00
202297,359.12,-1.21,-2.07,0.75,0.93,2.40,1.63,2.14,4.47,0.00,80.00,3.00
202326,359.20,-1.21,-2.05,0.85,0.95,2.35,1.65,2.15,4.41,0.00,80.00,3.00
202355,359.24,-1.21,-2.05,0.86,0.94,2.36,1.63,2.15,4.41,0.00,80.00,3.00
202393,359.28,-1.21,-2.05,0.83,0.93,2.36,1.55,2.14,4.41,0.00,80.00,3.00
202422,359.28,-1.21,-2.05,0.78,0.93,2.32,1.50,2.14,4.38,0.00,80.00,3.00
202451,359.31,-1.22,-2.05,0.85,0.95,2.32,1.54,2.17,4.37,0.00,80.00,3.00
202483,359.23,-1.23,-2.05,0.82,0.97,2.35,1.59,2.20,4.40,0.00,80.00,3.00
202512,359.24,-1.24,-2.05,0.78,0.93,2.34,1.55,2.17,4.39,0.00,80.00,3.00
202556,359.13,-1.24,-2.06,0.82,0.98,2.36,1.69,2.22,4.41,0.00,80.00,3.00
202585,359.13,-1.24,-2.06,0.82,1.07,2.33,1.69,2.31,4.39,0.00,80.00,3.00
202614,359.13,-1.24,-2.05,0.75,1.09,2.33,1.62,2.33,4.38,0.00,80.00,3.00
202643,359.17,-1.25,-2.05,0.72,1.02,2.35,1.55,2.28,4.41,0.00,80.00,3.00
202672,359.15,-1.25,-2.05,0.63,1.02,2.32,1.49,2.27,4.37,0.00,80.00,3.00
202709,359.15,-1.25,-2.04,0.60,0.99,2.38,1.44,2.24,4.43,0.00,80.00,3.00
202738,359.17,-1.25,-2.05,0.58,0.95,2.38,1.40,2.20,4.42,0.00,80.00,3.00
202767,359.13,-1.25,-2.04,0.51,0.92,2.40,1.37,2.16,4.44,0.00,80.00,3.00
202796,359.11,-1.26,-2.04,0.52,1.01,2.44,1.40,2.27,4.48,0.00,80.00,3.00
202825,359.13,-1.25,-2.04,0.60,1.00,2.45,1.47,2.25,4.49,0.00,80.00,3.00
202854,359.14,-1.27,-2.03,0.64,1.01,2.42,1.50,2.27,4.45,0.00,80.00,3.00
202883,359.24,-1.25,-2.03,0.74,0.95,2.38,1.50,2.20,4.41,0.00,80.00,3.00
202915,359.16,-1.26,-2.03,0.78,0.96,2.32,1.62,2.22,4.35,0.00,80.00,3.00
202944,359.26,-1.26,-2.03,0.88,0.91,2.25,1.62,2.17,4.28,0.00,80.00,3.00
202973,359.17,-1.26,-2.02,0.82,0.92,2.26,1.66,2.18,4.28,0.00,80.00,3.00
203003,359.16,-1.26,-2.02,0.92,0.87,2.27,1.76,2.13,4.29,0.00,80.00,3.00
203032,359.16,-1.26,-2.02,0.83,0.89,2.32,1.67,2.15,4.34,0.00,80.00,3.00
203061,359.20,-1.26,-2.03,0.80,0.86,2.31,1.60,2.12,4.33,0.00,80.00,3.00
203091,359.22,-1.27,-2.03,0.80,0.85,2.36,1.58,2.12,4.38,0.00,80.00,3.00
203123,359.20,-1.27,-2.02,0.76,0.90,2.39,1.56,2.18,4.41,0.00,80.00,3.00
203167,359.13,-1.27,-2.01,0.72,0.87,2.35,1.59,2.14,4.36,0.00,80.00,3.00
203197,359.15,-1.28,-1.98,0.81,0.92,2.33,1.66,2.19,4.31,0.00,80.00,3.00
203226,359.22,-1.30,-1.91,0.94,0.97,2.37,1.72,2.26,4.28,0.00,80.00,3.00
203255,359.17,-1.29,-1.86,1.00,0.99,2.42,1.83,2.28,4.28,0.00,80.00,3.00
203284,359.20,-1.29,-1.85,0.99,0.97,2.42,1.78,2.26,4.27,0.00,80.00,3.00
203314,359.23,-1.30,-1.87,1.03,0.93,2.41,1.79,2.23,4.29,0.00,80.00,3.00
203346,359.18,-1.31,-1.91,0.99,0.98,2.42,1.81,2.29,4.33,0.00,80.00,3.00
203375,359.23,-1.30,-1.92,0.92,0.96,2.35,1.69,2.26,4.27,0.00,80.00,3.00
203404,359.23,-1.30,-1.93,0.88,0.96,2.33,1.65,2.25,4.25,0.00,80.00,3.00
203433,359.18,-1.29,-1.94,0.76,0.92,2.28,1.58,2.22,4.22,0.00,80.00,3.00
203462,359.23,-1.29,-1.94,0.73,0.94,2.29,1.51,2.22,4.23,0.00,80.00,3.00
203492,359.23,-1.28,-1.94,0.63,0.92,2.26,1.40,2.19,4.20,0.00,80.00,3.00
203521,359.19,-1.29,-1.94,0.60,0.86,2.33,1.41,2.15,4.28,0.00,80.00,3.00
203553,359.19,-1.29,-1.94,0.56,0.85,2.38,1.37,2.14,4.31,0.00,80.00,3.00
203582,359.13,-1.30,-1.94,0.58,0.81,2.38,1.45,2.11,4.33,0.00,80.00,3.00
203612,359.12,-1.30,-1.94,0.67,0.85,2.34,1.55,2.15,4.28,0.00,80.00,3.00
203641,359.10,-1.29,-1.94,0.64,0.82,2.33,1.55,2.11,4.27,0.00,80.00,3.00
203670,359.10,-1.30,-1.93,0.65,0.86,2.31,1.56,2.16,4.24,0.00,80.00,3.00
203699,359.10,-1.29,-1.93,0.57,0.92,2.29,1.47,2.21,4.22,0.00,80.00,3.00
203728,359.10,-1.29,-1.92,0.64,0.93,2.22,1.54,2.22,4.14,0.00,80.00,3.00
203776,359.08,-1.29,-1.92,0.64,0.95,2.21,1.56,2.24,4.13,0.00,80.00,3.00
203805,359.16,-1.29,-1.91,0.65,0.95,2.19,1.49,2.24,4.10,0.00,80.00,3.00
203834,359.17,-1.29,-1.92,0.69,0.99,2.15,1.52,2.28,4.07,0.00,80.00,3.00
203864,359.04,-1.29,-1.92,0.78,1.01,2.19,1.74,2.30,4.11,0.00,80.00,3.00
203893,359.07,-1.29,-1.92,0.74,1.05,2.20,1.67,2.34,4.11,0.00,80.00,3.00
203922,359.08,-1.29,-1.91,0.72,1.04,2.23,1.65,2.33,4.14,0.00,80.00,3.00
203951,358.98,-1.29,-1.91,0.68,1.08,2.24,1.70,2.37,4.15,0.00,80.00,3.00
203983,358.99,-1.28,-1.91,0.64,1.05,2.28,1.65,2.33,4.19,0.00,80.00,3.00
204030,359.17,-1.28,-1.92,0.58,1.04,2.35,1.41,2.32,4.26,0.00,80.00,3.00
204060,359.23,-1.27,-1.91,0.49,1.07,2.30,1.26,2.34,4.21,0.00,80.00,3.00
204089,359.29,-1.27,-1.91,0.45,1.09,2.24,1.16,2.36,4.16,0.00,80.00,3.00
204118,359.33,-1.27,-1.91,0.46,1.05,2.27,1.13,2.32,4.18,0.00,80.00,3.00
204147,359.29,-1.27,-1.91,0.52,1.06,2.27,1.23,2.32,4.19,0.00,80.00,3.00
204176,359.25,-1.26,-1.91,0.58,1.03,2.24,1.33,2.30,4.15,0.00,80.00,3.00
204208,359.21,-1.26,-1.90,0.64,0.98,2.26,1.43,2.24,4.16,0.00,80.00,3.00
204238,359.22,-1.27,-1.91,0.73,0.96,2.35,1.51,2.23,4.27,0.00,80.00,3.00
204267,359.14,-1.26,-1.91,0.80,1.00,2.37,1.66,2.26,4.28,0.00,80.00,3.00
204296,359.13,-1.27,-1.91,0.75,0.95,2.39,1.62,2.22,4.30,0.00,80.00,3.00
204325,359.11,-1.26,-1.91,0.73,0.96,2.44,1.61,2.22,4.36,0.00,80.00,3.00
204354,359.09,-1.27,-1.91,0.79,0.96,2.47,1.70,2.23,4.38,0.00,80.00,3.00
204384,359.14,-1.26,-1.91,0.78,0.93,2.44,1.64,2.19,4.35,0.00,80.00,3.00
204431,359.15,-1.27,-1.91,0.77,0.94,2.43,1.62,2.20,4.34,0.00,80.00,3.00
204461,359.23,-1.27,-1.90,0.78,0.93,2.42,1.55,2.20,4.32,0.00,80.00,3.00
204490,359.16,-1.27,-1.88,0.78,0.97,2.49,1.62,2.24,4.37,0.00,80.00,3.00
204519,359.21,-1.27,-1.89,0.80,0.97,2.44,1.59,2.23,4.33,0.00,80.00,3.00
204548,359.21,-1.27,-1.89,0.76,0.95,2.39,1.55,2.21,4.27,0.00,80.00,3.00
204577,359.25,-1.27,-1.89,0.78,0.93,2.32,1.53,2.20,4.21,0.00,80.00,3.00
204606,359.26,-1.26,-1.88,0.81,0.95,2.33,1.55,2.21,4.22,0.00,80.00,3.00
204639,359.26,-1.25,-1.88,0.95,0.93,2.35,1.69,2.18,4.23,0.00,80.00,3.00
204668,359.26,-1.26,-1.88,0.95,0.87,2.32,1.69,2.13,4.20,0.00,80.00,3.00
204697,359.29,-1.26,-1.88,0.93,0.92,2.33,1.63,2.19,4.21,0.00,80.00,3.00
204726,359.33,-1.26,-1.88,0.88,0.90,2.38,1.55,2.16,4.26,0.00,80.00,3.00
204755,359.30,-1.25,-1.88,0.79,0.86,2.32,1.49,2.11,4.20,0.00,80.00,3.00
204784,359.33,-1.26,-1.88,0.73,0.88,2.26,1.40,2.14,4.15,0.00,80.00,3.00
204814,359.34,-1.26,-1.88,0.63,0.89,2.20,1.29,2.14,4.08,0.00,80.00,3.00
204846,359.27,-1.26,-1.88,0.64,0.86,2.20,1.37,2.12,4.08,0.00,80.00,3.00
204875,359.26,-1.24,-1.88,0.66,0.83,2.16,1.40,2.07,4.04,0.00,80.00,3.00
204904,359.32,-1.24,-1.89,0.73,0.80,2.23,1.41,2.05,4.11,0.00,80.00,3.00
204933,359.40,-1.25,-1.88,0.68,0.80,2.29,1.28,2.04,4.18,0.00,80.00,3.00
204963,359.39,-1.25,-1.89,0.69,0.77,2.27,1.29,2.02,4.15,0.00,80.00,3.00
204992,359.40,-1.25,-1.88,0.80,0.77,2.33,1.39,2.03,4.21,0.00,80.00,3.00
205021,359.40,-1.26,-1.87,0.79,0.79,2.31,1.38,2.05,4.18,0.00,80.00,3.00
205069,359.37,-1.25,-1.87,0.69,0.81,2.31,1.32,2.07,4.17,0.00,80.00,3.00
205098,359.36,-1.26,-1.87,0.82,0.84,2.29,1.45,2.10,4.16,0.00,80.00,3.00
205127,359.42,-1.27,-1.86,0.84,0.87,2.29,1.41,2.13,4.15,0.00,80.00,3.00
205156,359.48,-1.27,-1.86,0.76,0.90,2.26,1.29,2.17,4.12,0.00,80.00,3.00
205185,359.52,-1.28,-1.87,0.83,0.91,2.25,1.31,2.19,4.11,0.00,80.00,3.00
205215,359.60,-1.28,-1.87,0.83,0.84,2.34,1.24,2.12,4.21,0.00,80.00,3.00
205244,359.52,-1.29,-1.88,0.83,0.86,2.35,1.30,2.15,4.22,0.00,80.00,3.00
205276,359.53,-1.28,-1.88,0.76,0.85,2.31,1.23,2.13,4.19,0.00,80.00,3.00
205305,359.52,-1.29,-1.88,0.77,0.85,2.31,1.25,2.13,4.19,0.00,80.00,3.00
205334,359.49,-1.29,-1.88,0.73,0.83,2.36,1.25,2.12,4.23,0.00,80.00,3.00
205363,359.45,-1.29,-1.87,0.75,0.87,2.35,1.30,2.16,4.22,0.00,80.00,3.00
205392,359.47,-1.29,-1.88,0.78,0.90,2.38,1.30,2.19,4.26,0.00,80.00,3.00
205422,359.44,-1.29,-1.87,0.81,0.94,2.42,1.37,2.23,4.29,0.00,80.00,3.00
205451,359.41,-1.29,-1.87,0.77,0.93,2.44,1.37,2.22,4.31,0.00,80.00,3.00
205483,359.51,-1.30,-1.87,0.78,0.95,2.42,1.27,2.25,4.29,0.00,80.00,3.00
205512,359.50,-1.30,-1.86,0.76,0.96,2.37,1.26,2.26,4.23,0.00,80.00,3.00
205541,359.40,-1.29,-1.86,0.77,0.98,2.40,1.37,2.27,4.26,0.00,80.00,3.00
205571,359.33,-1.30,-1.85,0.69,0.94,2.36,1.37,2.23,4.21,0.00,80.00,3.00
205600,359.29,-1.30,-1.85,0.61,0.92,2.30,1.33,2.22,4.15,0.00,80.00,3.00
205629,359.25,-1.30,-1.85,0.62,0.96,2.35,1.37,2.25,4.20,0.00,80.00,3.00
205682,359.31,-1.30,-1.85,0.64,0.94,2.36,1.32,2.24,4.22,0.00,80.00,3.00
205709,359.30,-1.31,-1.85,0.64,0.94,2.32,1.35,2.25,4.17,0.00,80.00,3.00
205739,359.30,-1.32,-1.86,0.67,0.94,2.31,1.37,2.26,4.17,0.00,80.00,3.00
205768,359.28,-1.31,-1.85,0.71,0.98,2.31,1.42,2.29,4.17,0.00,80.00,3.00
205797,359.35,-1.31,-1.85,0.68,0.92,2.32,1.33,2.23,4.17,0.00,80.00,3.00
205826,359.38,-1.31,-1.85,0.72,0.92,2.23,1.34,2.23,4.08,0.00,80.00,3.00
205855,359.44,-1.31,-1.85,0.79,0.87,2.22,1.35,2.19,4.07,0.00,80.00,3.00
205884,359.43,-1.31,-1.85,0.78,0.84,2.23,1.36,2.16,4.07,0.00,80.00,3.00
205913,359.40,-1.31,-1.84,0.77,0.87,2.20,1.37,2.19,4.04,0.00,80.00,3.00
205945,359.36,-1.32,-1.84,0.89,0.87,2.26,1.53,2.19,4.11,0.00,80.00,3.00
205974,359.31,-1.32,-1.84,0.89,0.84,2.33,1.58,2.16,4.17,0.00,80.00,3.00
206004,359.34,-1.30,-1.85,0.87,0.80,2.31,1.53,2.10,4.16,0.00,80.00,3.00
206033,359.36,-1.30,-1.85,0.81,0.81,2.25,1.45,2.12,4.10,0.00,80.00,3.00
206062,359.40,-1.30,-1.85,0.83,0.78,2.28,1.43,2.08,4.13,0.00,80.00,3.00
206091,359.40,-1.31,-1.84,0.78,0.78,2.24,1.38,2.08,4.09,0.00,80.00,3.00
206120,359.35,-1.31,-1.85,0.71,0.81,2.25,1.36,2.11,4.10,0.00,80.00,3.00
206152,359.38,-1.31,-1.86,0.73,0.95,2.27,1.35,2.26,4.13,0.00,80.00,3.00
206181,359.34,-1.31,-1.86,0.74,1.01,2.30,1.40,2.32,4.16,0.00,80.00,3.00
206211,359.31,-1.31,-1.86,0.77,1.03,2.32,1.46,2.34,4.19,0.00,80.00,3.00
206240,359.33,-1.31,-1.85,0.81,1.03,2.38,1.48,2.34,4.24,0.00,80.00,3.00
206269,359.35,-1.32,-1.85,0.86,1.03,2.35,1.50,2.35,4.21,0.00,80.00,3.00
206313,359.42,-1.32,-1.85,0.75,1.05,2.26,1.33,2.37,4.11,0.00,80.00,3.00
206342,359.43,-1.32,-1.86,0.72,1.00,2.24,1.29,2.33,4.10,0.00,80.00,3.00
206374,359.40,-1.32,-1.86,0.79,0.98,2.28,1.38,2.30,4.15,0.00,80.00,3.00
206404,359.35,-1.32,-1.86,0.77,0.97,2.27,1.41,2.29,4.13,0.00,80.00,3.00
206433,359.28,-1.33,-1.86,0.72,0.97,2.20,1.45,2.30,4.06,0.00,80.00,3.00
206462,359.24,-1.33,-1.85,0.70,0.95,2.28,1.47,2.28,4.14,0.00,80.00,3.00
206491,359.24,-1.33,-1.85,0.82,0.96,2.34,1.58,2.28,4.19,0.00,80.00,3.00
206520,359.21,-1.33,-1.85,0.80,0.98,2.26,1.59,2.31,4.12,0.00,80.00,3.00
206549,359.12,-1.32,-1.86,0.72,0.99,2.20,1.60,2.31,4.07,0.00,80.00,3.00
206581,359.13,-1.32,-1.87,0.62,1.01,2.31,1.49,2.32,4.18,0.00,80.00,3.00
206610,359.17,-1.32,-1.87,0.68,1.01,2.33,1.51,2.33,4.20,0.00,80.00,3.00
206639,359.11,-1.31,-1.88,0.65,1.03,2.38,1.54,2.34,4.27,0.00,80.00,3.00
206668,359.10,-1.31,-1.89,0.64,1.03,2.49,1.54,2.34,4.37,0.00,80.00,3.00
206698,359.05,-1.31,-1.89,0.75,1.01,2.51,1.70,2.32,4.40,0.00,80.00,3.00
206727,359.00,-1.31,-1.88,0.84,1.02,2.47,1.85,2.33,4.35,0.00,80.00,3.00
206756,359.03,-1.30,-1.88,0.84,1.09,2.45,1.81,2.39,4.33,0.00,80.00,3.00
206788,359.06,-1.31,-1.88,0.87,1.09,2.42,1.80,2.40,4.29,0.00,80.00,3.00
206817,359.09,-1.30,-1.88,0.90,1.07,2.33,1.81,2.37,4.22,0.00,80.00,3.00
206846,359.06,-1.30,-1.89,0.94,1.04,2.35,1.88,2.34,4.24,0.00,80.00,3.00
206875,359.12,-1.29,-1.90,0.96,1.04,2.34,1.84,2.33,4.24,0.00,80.00,3.00
206904,359.11,-1.29,-1.89,0.95,1.02,2.36,1.83,2.31,4.25,0.00,80.00,3.00
206949,359.10,-1.29,-1.89,0.97,0.99,2.37,1.87,2.28,4.27,0.00,80.00,3.00
206978,359.20,-1.29,-1.90,0.94,1.00,2.39,1.74,2.29,4.29,0.00,80.00,3.00
207010,359.16,-1.29,-1.90,0.89,0.97,2.34,1.73,2.26,4.24,0.00,80.00,3.00
207039,359.12,-1.29,-1.91,0.83,0.94,2.33,1.70,2.23,4.24,0.00,80.00,3.00
207068,359.05,-1.29,-1.91,0.74,0.89,2.34,1.69,2.18,4.24,0.00,80.00,3.00
207097,359.11,-1.29,-1.92,0.77,0.86,2.30,1.67,2.15,4.22,0.00,80.00,3.00
207126,359.16,-1.29,-1.92,0.76,0.83,2.25,1.60,2.12,4.17,0.00,80.00,3.00
207156,359.13,-1.30,-1.91,0.80,0.80,2.28,1.66,2.10,4.20,0.00,80.00,3.00
207185,359.08,-1.30,-1.91,0.77,0.85,2.30,1.69,2.14,4.21,0.00,80.00,3.00
207217,359.13,-1.29,-1.90,0.95,0.88,2.28,1.82,2.17,4.19,0.00,80.00,3.00
207246,359.12,-1.29,-1.90,0.93,0.90,2.20,1.81,2.19,4.10,0.00,80.00,3.00
207275,359.16,-1.28,-1.89,0.90,0.93,2.20,1.75,2.22,4.09,0.00,80.00,3.00
207304,359.11,-1.28,-1.89,0.93,0.98,2.18,1.82,2.26,4.07,0.00,80.00,3.00
207342,359.11,-1.28,-1.89,0.96,0.95,2.24,1.85,2.23,4.13,0.00,80.00,3.00
207371,359.06,-1.28,-1.89,0.91,0.96,2.24,1.85,2.24,4.13,0.00,80.00,3.00
207400,359.09,-1.28,-1.90,0.87,0.98,2.23,1.78,2.25,4.12,0.00,80.00,3.00
207432,359.11,-1.28,-1.90,0.90,0.97,2.27,1.79,2.25,4.17,0.00,80.00,3.00
207461,359.09,-1.27,-1.91,0.94,0.93,2.34,1.85,2.20,4.24,0.00,80.00,3.00
207490,359.10,-1.27,-1.91,0.92,0.88,2.33,1.82,2.15,4.24,0.00,80.00,3.00
207519,359.09,-1.27,-1.91,0.84,0.93,2.32,1.75,2.20,4.24,0.00,80.00,3.00
207564,359.09,-1.27,-1.91,0.83,0.95,2.32,1.74,2.22,4.22,0.00,80.00,3.00
207593,359.07,-1.27,-1.90,0.79,0.90,2.25,1.72,2.17,4.15,0.00,80.00,3.00
207622,359.06,-1.27,-1.91,0.75,0.90,2.24,1.69,2.17,4.16,0.00,80.00,3.00
207654,359.08,-1.27,-1.91,0.66,0.93,2.29,1.58,2.20,4.20,0.00,80.00,3.00
207683,359.05,-1.27,-1.90,0.63,0.89,2.30,1.58,2.16,4.21,0.00,80.00,3.00
207712,359.07,-1.27,-1.90,0.70,0.87,2.32,1.63,2.15,4.22,0.00,80.00,3.00
207741,359.10,-1.28,-1.91,0.75,0.86,2.37,1.65,2.14,4.27,0.00,80.00,3.00
207770,359.06,-1.27,-1.91,0.72,0.85,2.40,1.66,2.12,4.31,0.00,80.00,3.00
207799,359.05,-1.27,-1.92,0.69,0.87,2.36,1.64,2.14,4.28,0.00,80.00,3.00
207828,359.03,-1.27,-1.91,0.72,0.85,2.29,1.70,2.12,4.20,0.00,80.00,3.00
207860,359.06,-1.27,-1.91,0.76,0.83,2.35,1.70,2.11,4.26,0.00,80.00,3.00
207890,359.09,-1.28,-1.92,0.71,0.81,2.35,1.61,2.09,4.27,0.00,80.00,3.00
207919,359.20,-1.29,-1.91,0.69,0.84,2.34,1.49,2.13,4.26,0.00,80.00,3.00
207948,359.23,-1.29,-1.91,0.81,0.81,2.30,1.57,2.10,4.21,0.00,80.00,3.00
207977,359.20,-1.29,-1.91,0.82,0.81,2.36,1.63,2.10,4.27,0.00,80.00,3.00
208006,359.21,-1.28,-1.91,0.88,0.83,2.33,1.66,2.11,4.24,0.00,80.00,3.00
208035,359.29,-1.29,-1.91,0.83,0.85,2.31,1.54,2.14,4.22,0.00,80.00,3.00
208067,359.38,-1.29,-1.91,0.87,0.89,2.32,1.48,2.18,4.23,0.00,80.00,3.00
208096,359.41,-1.29,-1.90,0.84,0.91,2.43,1.43,2.20,4.34,0.00,80.00,3.00
208125,359.40,-1.29,-1.90,0.84,0.95,2.38,1.44,2.23,4.28,0.00,80.00,3.00
208154,359.44,-1.29,-1.90,0.84,0.94,2.45,1.40,2.23,4.34,0.00,80.00,3.00
208199,359.38,-1.30,-1.90,0.77,1.00,2.43,1.38,2.30,4.33,0.00,80.00,3.00
208228,359.37,-1.30,-1.90,0.82,0.96,2.44,1.45,2.26,4.35,0.00,80.00,3.00
208257,359.39,-1.30,-1.91,0.77,0.94,2.50,1.38,2.24,4.41,0.00,80.00,3.00
208289,359.39,-1.30,-1.91,0.72,0.95,2.38,1.33,2.26,4.30,0.00,80.00,3.00
208318,359.34,-1.31,-1.90,0.66,0.93,2.42,1.32,2.24,4.32,0.00,80.00,3.00
208347,359.36,-1.31,-1.89,0.69,0.92,2.34,1.34,2.22,4.23,0.00,80.00,3.00
208376,359.40,-1.31,-1.89,0.71,0.86,2.31,1.31,2.17,4.20,0.00,80.00,3.00
208405,359.40,-1.31,-1.89,0.69,0.88,2.19,1.30,2.18,4.07,0.00,80.00,3.00
208435,359.44,-1.31,-1.89,0.77,0.89,2.17,1.33,2.20,4.06,0.00,80.00,3.00
208464,359.40,-1.31,-1.89,0.73,0.91,2.20,1.33,2.22,4.09,0.00,80.00,3.00
208496,359.37,-1.31,-1.89,0.68,0.92,2.22,1.31,2.23,4.11,0.00,80.00,3.00
208525,359.42,-1.30,-1.89,0.67,0.92,2.27,1.25,2.21,4.16,0.00,80.00,3.00
208554,359.42,-1.29,-1.89,0.75,0.92,2.31,1.33,2.21,4.20,0.00,80.00,3.00
208583,359.48,-1.30,-1.88,0.73,0.88,2.32,1.26,2.18,4.21,0.00,80.00,3.00
208612,359.46,-1.30,-1.89,0.81,0.85,2.28,1.35,2.15,4.17,0.00,80.00,3.00
208641,359.41,-1.29,-1.89,0.87,0.85,2.32,1.46,2.15,4.21,0.00,80.00,3.00
208671,359.41,-1.29,-1.89,0.75,0.86,2.23,1.35,2.16,4.12,0.00,80.00,3.00
208703,359.41,-1.29,-1.89,0.74,0.88,2.21,1.33,2.17,4.10,0.00,80.00,3.00
208732,359.40,-1.29,-1.89,0.72,0.90,2.18,1.33,2.18,4.07,0.00,80.00,3.00
208761,359.43,-1.29,-1.89,0.67,0.91,2.19,1.24,2.21,4.08,0.00,80.00,3.00
208805,359.37,-1.29,-1.89,0.69,0.96,2.17,1.32,2.25,4.07,0.00,80.00,3.00
208834,359.43,-1.29,-1.90,0.77,0.93,2.28,1.33,2.23,4.17,0.00,80.00,3.00
208864,359.42,-1.30,-1.90,0.78,0.95,2.31,1.36,2.24,4.21,0.00,80.00,3.00
208893,359.44,-1.30,-1.90,0.85,0.95,2.44,1.41,2.25,4.34,0.00,80.00,3.00
208925,359.40,-1.30,-1.89,0.79,0.96,2.37,1.40,2.26,4.27,0.00,80.00,3.00
208954,359.34,-1.30,-1.90,0.86,0.92,2.44,1.53,2.22,4.34,0.00,80.00,3.00
209044,359.35,-1.31,-1.89,0.89,0.91,2.42,1.54,2.23,4.31,0.00,80.00,3.00
209178,359.35,-1.31,-1.89,0.91,0.94,2.38,1.56,2.24,4.27,0.00,80.00,3.00
209316,359.31,-1.31,-1.90,0.86,0.88,2.31,1.55,2.18,4.21,0.00,80.00,3.00
209401,359.36,-1.30,-1.90,0.82,0.87,2.31,1.45,2.18,4.21,0.00,80.00,3.00
209430,359.36,-1.31,-1.90,0.86,0.90,2.24,1.50,2.21,4.15,0.00,80.00,3.00
209462,359.38,-1.31,-1.89,0.84,0.86,2.30,1.46,2.17,4.20,0.00,80.00,3.00
209491,359.48,-1.31,-1.89,0.83,0.80,2.31,1.35,2.11,4.21,0.00,80.00,3.00
209520,359.55,-1.31,-1.89,0.74,0.83,2.34,1.20,2.14,4.23,0.00,80.00,3.00
209549,359.50,-1.31,-1.88,0.72,0.82,2.35,1.22,2.13,4.23,0.00,80.00,3.00
209579,359.48,-1.30,-1.88,0.51,1.00,2.23,1.03,2.29,4.11,0.00,80.00,3.00
209608,359.52,-1.30,-1.87,0.97,1.06,2.31,1.46,2.36,4.18,0.00,80.00,3.00
209637,359.48,-1.30,-1.87,0.81,0.91,2.24,1.33,2.20,4.11,0.00,80.00,3.00
209669,359.44,-1.29,-1.87,0.62,0.90,2.32,1.18,2.19,4.18,0.00,80.00,3.00
209697,359.41,-1.29,-1.87,0.61,0.89,2.29,1.20,2.18,4.16,0.00,80.00,3.00
209726,359.40,-1.28,-1.86,0.59,0.82,2.30,1.19,2.10,4.15,0.00,80.00,3.00
209770,359.34,-1.28,-1.86,0.58,0.81,2.32,1.23,2.09,4.17,0.00,80.00,3.00
209799,359.36,-1.27,-1.87,0.60,0.82,2.32,1.24,2.09,4.19,0.00,80.00,3.00
209828,359.35,-1.27,-1.87,0.66,0.82,2.28,1.31,2.08,4.15,0.00,80.00,3.00
209857,359.34,-1.26,-1.87,0.74,0.81,2.34,1.40,2.07,4.21,0.00,80.00,3.00
209889,359.26,-1.26,-1.87,0.72,0.81,2.34,1.46,2.07,4.21,0.00,80.00,3.00
209917,359.25,-1.26,-1.87,0.70,0.90,2.27,1.45,2.16,4.14,0.00,80.00,3.00
209946,359.29,-1.25,-1.87,0.76,0.92,2.31,1.47,2.17,4.18,0.00,80.00,3.00
209975,359.27,-1.25,-1.87,0.78,0.89,2.41,1.51,2.14,4.28,0.00,80.00,3.00
210004,359.22,-1.26,-1.87,0.72,0.94,2.45,1.50,2.20,4.32,0.00,80.00,3.00
210033,359.18,-1.25,-1.87,0.69,0.94,2.60,1.52,2.19,4.47,0.00,80.00,3.00
210062,359.15,-1.25,-1.86,0.78,0.89,2.65,1.64,2.14,4.51,0.00,80.00,3.00
210093,359.14,-1.25,-1.87,0.79,0.87,2.62,1.65,2.12,4.49,0.00,80.00,3.00
210123,359.10,-1.24,-1.87,0.73,0.85,2.53,1.63,2.09,4.40,0.00,80.00,3.00
210152,359.10,-1.24,-1.88,0.70,0.84,2.53,1.60,2.08,4.41,0.00,80.00,3.00
210181,359.02,-1.24,-1.89,0.73,0.86,2.51,1.71,2.10,4.40,0.00,80.00,3.00
210210,359.00,-1.25,-1.89,0.74,0.88,2.44,1.74,2.13,4.33,0.00,80.00,3.00
210240,358.97,-1.25,-1.89,0.75,0.91,2.40,1.78,2.16,4.30,0.00,80.00,3.00
210269,358.99,-1.26,-1.89,0.79,0.93,2.41,1.80,2.19,4.31,0.00,80.00,3.00
210301,359.08,-1.25,-1.90,0.73,0.97,2.41,1.65,2.23,4.31,0.00,80.00,3.00
210330,359.04,-1.25,-1.89,0.73,0.98,2.36,1.69,2.23,4.26,0.00,80.00,3.00
210375,359.00,-1.25,-1.90,0.75,0.92,2.29,1.75,2.17,4.19,0.00,80.00,3.00
210405,359.05,-1.25,-1.91,0.75,0.90,2.39,1.70,2.16,4.30,0.00,80.00,3.00
210434,359.03,-1.24,-1.91,0.62,0.89,2.39,1.59,2.13,4.30,0.00,80.00,3.00
210463,359.03,-1.24,-1.91,0.59,0.91,2.38,1.56,2.15,4.29,0.00,80.00,3.00
210492,359.05,-1.24,-1.90,0.74,0.83,2.41,1.69,2.07,4.31,0.00,80.00,3.00
210524,359.10,-1.24,-1.90,0.79,0.80,2.38,1.69,2.04,4.28,0.00,80.00,3.00
210554,359.09,-1.24,-1.90,0.81,0.81,2.41,1.71,2.05,4.32,0.00,80.00,3.00
210583,359.10,-1.24,-1.91,0.86,0.83,2.29,1.76,2.07,4.20,0.00,80.00,3.00
210612,359.11,-1.23,-1.90,1.00,0.85,2.27,1.89,2.08,4.17,0.00,80.00,3.00
210641,359.15,-1.23,-1.90,0.95,0.87,2.30,1.80,2.10,4.20,0.00,80.00,3.00
210670,359.11,-1.23,-1.90,0.93,0.93,2.25,1.82,2.17,4.14,0.00,80.00,3.00
210700,359.09,-1.24,-1.89,0.95,0.96,2.23,1.86,2.20,4.12,0.00,80.00,3.00
210732,359.07,-1.24,-1.90,0.90,0.98,2.31,1.83,2.22,4.21,0.00,80.00,3.00
210761,359.15,-1.23,-1.91,0.83,0.96,2.32,1.68,2.19,4.23,0.00,80.00,3.00
210790,359.16,-1.23,-1.91,0.81,0.91,2.34,1.65,2.14,4.25,0.00,80.00,3.00
210819,359.18,-1.23,-1.92,0.77,0.88,2.32,1.59,2.11,4.24,0.00,80.00,3.00
210849,359.20,-1.24,-1.92,0.80,0.88,2.42,1.60,2.11,4.34,0.00,80.00,3.00
210878,359.21,-1.24,-1.92,0.75,0.80,2.38,1.53,2.04,4.30,0.00,80.00,3.00
210907,359.21,-1.25,-1.92,0.80,0.79,2.35,1.59,2.04,4.27,0.00,80.00,3.00
210939,359.19,-1.24,-1.92,0.74,0.79,2.37,1.55,2.04,4.29,0.00,80.00,3.00
210994,359.19,-1.25,-1.94,0.79,0.85,2.37,1.60,2.10,4.31,0.00,80.00,3.00
211023,359.12,-1.25,-1.93,0.75,0.83,2.38,1.62,2.08,4.31,0.00,80.00,3.00
211052,359.11,-1.24,-1.94,0.69,0.86,2.32,1.57,2.10,4.26,0.00,80.00,3.00
211082,359.18,-1.24,-1.95,0.78,0.88,2.35,1.60,2.12,4.30,0.00,80.00,3.00
211111,359.13,-1.25,-1.95,0.76,0.94,2.40,1.63,2.19,4.35,0.00,80.00,3.00
211140,359.13,-1.25,-1.95,0.81,0.96,2.40,1.69,2.21,4.35,0.00,80.00,3.00
211172,359.08,-1.25,-1.95,0.82,0.94,2.41,1.74,2.19,4.36,0.00,80.00,3.00
211202,359.07,-1.26,-1.95,0.82,0.94,2.39,1.76,2.20,4.35,0.00,80.00,3.00
211231,359.06,-1.26,-1.96,0.86,0.97,2.40,1.80,2.23,4.36,0.00,80.00,3.00
211260,359.06,-1.26,-1.96,0.78,0.95,2.29,1.72,2.21,4.24,0.00,80.00,3.00
211289,359.07,-1.26,-1.96,0.76,0.92,2.24,1.70,2.19,4.20,0.00,80.00,3.00
211319,359.04,-1.28,-1.96,0.79,0.96,2.22,1.75,2.24,4.18,0.00,80.00,3.00
211348,359.08,-1.28,-1.95,0.93,0.98,2.23,1.85,2.26,4.18,0.00,80.00,3.00
211380,359.04,-1.28,-1.95,0.93,0.96,2.20,1.89,2.24,4.15,0.00,80.00,3.00
211409,359.04,-1.27,-1.95,0.94,0.94,2.27,1.90,2.21,4.22,0.00,80.00,3.00
211439,359.06,-1.28,-1.95,0.95,0.91,2.29,1.89,2.19,4.24,0.00,80.00,3.00
211468,359.03,-1.28,-1.95,0.84,0.91,2.25,1.81,2.19,4.21,0.00,80.00,3.00
211497,359.00,-1.29,-1.95,0.82,0.89,2.24,1.82,2.18,4.19,0.00,80.00,3.00
211526,359.00,-1.28,-1.96,0.81,0.85,2.28,1.81,2.13,4.25,0.00,80.00,3.00
211556,359.06,-1.29,-1.96,0.79,0.87,2.28,1.73,2.15,4.24,0.00,80.00,3.00
211604,359.12,-1.28,-1.96,0.76,0.85,2.31,1.64,2.13,4.28,0.00,80.00,3.00
211633,359.13,-1.28,-1.96,0.81,0.91,2.36,1.68,2.19,4.32,0.00,80.00,3.00
211662,359.18,-1.29,-1.96,0.85,0.93,2.45,1.67,2.22,4.41,0.00,80.00,3.00
211691,359.21,-1.28,-1.95,0.87,0.96,2.48,1.66,2.25,4.43,0.00,80.00,3.00
211720,359.26,-1.28,-1.95,0.85,0.99,2.49,1.59,2.28,4.44,0.00,80.00,3.00
211750,359.20,-1.28,-1.94,0.87,0.94,2.50,1.66,2.22,4.44,0.00,80.00,3.00
211779,359.19,-1.28,-1.94,0.93,0.94,2.44,1.74,2.22,4.38,0.00,80.00,3.00
211811,359.16,-1.27,-1.95,0.81,0.95,2.37,1.65,2.23,4.31,0.00,80.00,3.00
211840,359.07,-1.28,-1.95,0.76,0.93,2.33,1.69,2.21,4.28,0.00,80.00,3.00
211869,359.05,-1.27,-1.96,0.72,0.81,2.25,1.67,2.08,4.21,0.00,80.00,3.00
211899,359.06,-1.28,-1.95,0.77,0.87,2.23,1.72,2.15,4.18,0.00,80.00,3.00
211928,359.08,-1.28,-1.94,0.73,0.90,2.24,1.65,2.18,4.17,0.00,80.00,3.00
211957,359.16,-1.29,-1.94,0.85,0.92,2.28,1.69,2.20,4.23,0.00,80.00,3.00
211986,359.13,-1.29,-1.95,0.86,0.92,2.30,1.73,2.20,4.25,0.00,80.00,3.00
212018,359.11,-1.29,-1.94,0.89,0.97,2.29,1.78,2.26,4.24,0.00,80.00,3.00
212047,359.11,-1.28,-1.95,0.90,1.01,2.34,1.80,2.29,4.29,0.00,80.00,3.00
212077,359.12,-1.28,-1.95,0.92,0.99,2.39,1.80,2.28,4.34,0.00,80.00,3.00
212106,359.11,-1.29,-1.95,0.86,0.97,2.41,1.76,2.26,4.36,0.00,80.00,3.00
212135,359.12,-1.29,-1.96,0.88,0.94,2.39,1.76,2.23,4.35,0.00,80.00,3.00
212164,359.04,-1.29,-1.96,0.90,0.93,2.41,1.85,2.22,4.37,0.00,80.00,3.00
212194,359.04,-1.28,-1.96,0.83,0.91,2.42,1.79,2.19,4.38,0.00,80.00,3.00
212242,359.08,-1.28,-1.96,0.77,0.91,2.40,1.69,2.19,4.35,0.00,80.00,3.00
212271,359.09,-1.29,-1.95,0.69,0.89,2.43,1.59,2.17,4.38,0.00,80.00,3.00
212300,359.06,-1.29,-1.94,0.71,0.86,2.47,1.65,2.15,4.42,0.00,80.00,3.00
212329,359.14,-1.29,-1.93,0.68,0.88,2.46,1.54,2.16,4.38,0.00,80.00,3.00
212358,359.12,-1.28,-1.92,0.63,0.90,2.46,1.51,2.17,4.39,0.00,80.00,3.00
212388,359.08,-1.28,-1.92,0.68,0.91,2.49,1.60,2.18,4.41,0.00,80.00,3.00
212417,359.10,-1.28,-1.92,0.65,0.91,2.52,1.55,2.19,4.43,0.00,80.00,3.00
212449,359.03,-1.28,-1.93,0.63,0.93,2.45,1.60,2.21,4.38,0.00,80.00,3.00
212478,359.02,-1.27,-1.93,0.64,0.96,2.40,1.62,2.23,4.33,0.00,80.00,3.00
212507,359.02,-1.27,-1.93,0.75,0.95,2.38,1.73,2.22,4.31,0.00,80.00,3.00
212536,359.03,-1.27,-1.93,0.71,0.92,2.36,1.67,2.18,4.29,0.00,80.00,3.00
212565,358.96,-1.26,-1.92,0.71,0.95,2.36,1.75,2.21,4.28,0.00,80.00,3.00
212594,358.90,-1.27,-1.92,0.75,0.92,2.33,1.85,2.19,4.25,0.00,80.00,3.00
212632,358.91,-1.26,-1.91,0.75,0.94,2.37,1.84,2.20,4.28,0.00,80.00,3.00
212664,358.89,-1.26,-1.91,0.71,0.93,2.43,1.82,2.19,4.34,0.00,80.00,3.00
212693,358.95,-1.27,-1.91,0.65,0.95,2.39,1.71,2.22,4.31,0.00,80.00,3.00
212723,359.00,-1.26,-1.92,0.65,0.98,2.43,1.65,2.25,4.35,0.00,80.00,3.00
212752,358.98,-1.26,-1.91,0.79,1.01,2.49,1.80,2.27,4.40,0.00,80.00,3.00
212781,359.01,-1.25,-1.92,0.78,1.00,2.47,1.77,2.26,4.39,0.00,80.00,3.00
212810,358.99,-1.25,-1.92,0.72,1.02,2.47,1.73,2.28,4.39,0.00,80.00,3.00
212855,358.99,-1.25,-1.93,0.75,1.01,2.47,1.76,2.26,4.39,0.00,80.00,3.00
212887,359.01,-1.25,-1.92,0.79,0.98,2.51,1.78,2.23,4.43,0.00,80.00,3.00
212916,359.05,-1.25,-1.92,0.82,0.94,2.49,1.76,2.19,4.41,0.00,80.00,3.00
212946,359.05,-1.26,-1.92,0.74,0.90,2.47,1.68,2.17,4.39,0.00,80.00,3.00
212975,359.02,-1.25,-1.92,0.76,0.85,2.46,1.74,2.10,4.38,0.00,80.00,3.00
213004,359.05,-1.25,-1.92,0.76,0.88,2.43,1.72,2.13,4.35,0.00,80.00,3.00
213033,359.10,-1.25,-1.92,0.72,0.87,2.40,1.62,2.11,4.33,0.00,80.00,3.00
213062,359.10,-1.24,-1.92,0.68,0.91,2.33,1.58,2.16,4.25,0.00,80.00,3.00
213094,359.15,-1.24,-1.91,0.70,0.88,2.34,1.55,2.12,4.25,0.00,80.00,3.00
213124,359.12,-1.25,-1.91,0.72,0.92,2.32,1.60,2.16,4.24,0.00,80.00,3.00
213153,359.13,-1.24,-1.91,0.81,0.90,2.30,1.68,2.14,4.21,0.00,80.00,3.00
213182,359.07,-1.24,-1.92,0.90,0.85,2.36,1.83,2.09,4.27,0.00,80.00,3.00
213211,359.02,-1.24,-1.92,0.92,0.84,2.41,1.90,2.08,4.32,0.00,80.00,3.00
213240,359.03,-1.24,-1.92,0.97,0.86,2.37,1.94,2.09,4.29,0.00,80.00,3.00
213269,359.10,-1.24,-1.92,0.95,0.84,2.40,1.86,2.07,4.31,0.00,80.00,3.00
213301,359.09,-1.24,-1.92,0.89,0.86,2.38,1.80,2.09,4.30,0.00,80.00,3.00
213330,359.08,-1.23,-1.92,0.91,0.85,2.34,1.83,2.09,4.26,0.00,80.00,3.00
213360,359.13,-1.23,-1.91,0.90,0.90,2.32,1.77,2.13,4.24,0.00,80.00,3.00
213389,359.19,-1.24,-1.92,0.87,0.90,2.24,1.68,2.14,4.16,0.00,80.00,3.00
213418,359.16,-1.23,-1.92,0.83,0.91,2.26,1.67,2.14,4.18,0.00,80.00,3.00
213463,359.13,-1.23,-1.93,0.76,0.92,2.25,1.64,2.15,4.18,0.00,80.00,3.00
213492,359.11,-1.23,-1.92,0.79,0.93,2.31,1.69,2.16,4.23,0.00,80.00,3.00
213524,359.13,-1.23,-1.91,0.81,0.92,2.34,1.68,2.15,4.25,0.00,80.00,3.00
213553,359.07,-1.24,-1.92,0.86,0.89,2.37,1.79,2.13,4.29,0.00,80.00,3.00
213582,359.11,-1.24,-1.92,0.92,0.83,2.44,1.81,2.07,4.36,0.00,80.00,3.00
213611,359.14,-1.24,-1.92,1.04,0.84,2.45,1.90,2.08,4.36,0.00,80.00,3.00
213641,359.14,-1.23,-1.91,1.09,0.78,2.39,1.95,2.02,4.30,0.00,80.00,3.00
213670,359.09,-1.24,-1.91,1.06,0.84,2.32,1.97,2.08,4.23,0.00,80.00,3.00
213699,359.15,-1.24,-1.91,1.05,0.83,2.38,1.89,2.07,4.29,0.00,80.00,3.00
213731,359.16,-1.24,-1.92,0.95,0.81,2.32,1.79,2.05,4.24,0.00,80.00,3.00
213760,359.16,-1.25,-1.93,0.87,0.86,2.24,1.71,2.10,4.16,0.00,80.00,3.00
213789,359.14,-1.24,-1.93,0.87,0.90,2.26,1.72,2.14,4.19,0.00,80.00,3.00
213818,359.15,-1.24,-1.93,0.88,0.85,2.33,1.73,2.10,4.25,0.00,80.00,3.00
213847,359.14,-1.25,-1.94,0.87,0.94,2.26,1.72,2.19,4.20,0.00,80.00,3.00
213876,359.16,-1.25,-1.95,0.84,0.97,2.26,1.68,2.23,4.20,0.00,80.00,3.00
213906,359.17,-1.25,-1.94,0.94,1.00,2.31,1.77,2.25,4.26,0.00,80.00,3.00
213938,359.16,-1.25,-1.93,0.91,0.97,2.38,1.75,2.22,4.31,0.00,80.00,3.00
213967,359.19,-1.25,-1.93,0.83,0.98,2.29,1.63,2.23,4.22,0.00,80.00,3.00
213996,359.23,-1.24,-1.93,0.76,0.96,2.31,1.54,2.21,4.23,0.00,80.00,3.00
214025,359.26,-1.24,-1.92,0.80,0.94,2.34,1.53,2.18,4.25,0.00,80.00,3.00
214070,359.28,-1.25,-1.92,0.66,0.94,2.40,1.38,2.19,4.32,0.00,80.00,3.00
214099,359.28,-1.25,-1.92,0.70,0.94,2.37,1.42,2.19,4.29,0.00,80.00,3.00
214128,359.35,-1.25,-1.93,0.72,0.94,2.40,1.37,2.19,4.32,0.00,80.00,3.00
214160,359.36,-1.25,-1.93,0.72,0.92,2.39,1.35,2.17,4.32,0.00,80.00,3.00
214190,359.37,-1.24,-1.93,0.74,0.93,2.42,1.37,2.17,4.35,0.00,80.00,3.00
214219,359.37,-1.23,-1.93,0.73,0.93,2.40,1.36,2.17,4.33,0.00,80.00,3.00
214248,359.36,-1.24,-1.93,0.72,0.91,2.31,1.36,2.14,4.24,0.00,80.00,3.00
214286,359.40,-1.24,-1.93,0.77,0.92,2.36,1.37,2.16,4.28,0.00,80.00,3.00
214315,359.37,-1.24,-1.92,0.79,0.94,2.34,1.42,2.18,4.27,0.00,80.00,3.00
214344,359.34,-1.24,-1.92,0.72,0.94,2.39,1.38,2.18,4.31,0.00,80.00,3.00
214376,359.40,-1.24,-1.91,0.71,0.95,2.36,1.32,2.20,4.27,0.00,80.00,3.00
214405,359.41,-1.24,-1.91,0.78,0.97,2.38,1.37,2.21,4.29,0.00,80.00,3.00
214434,359.35,-1.24,-1.91,0.72,1.00,2.32,1.37,2.25,4.23,0.00,80.00,3.00
214463,359.37,-1.23,-1.92,0.74,1.00,2.35,1.37,2.23,4.27,0.00,80.00,3.00
214492,359.36,-1.24,-1.92,0.78,0.99,2.30,1.42,2.23,4.22,0.00,80.00,3.00
214521,359.27,-1.24,-1.92,0.76,0.99,2.26,1.49,2.23,4.18,0.00,80.00,3.00
214550,359.27,-1.24,-1.91,0.79,0.95,2.22,1.52,2.19,4.13,0.00,80.00,3.00
214583,359.30,-1.24,-1.92,0.86,0.90,2.27,1.56,2.13,4.19,0.00,80.00,3.00
214612,359.32,-1.24,-1.91,0.83,0.90,2.28,1.52,2.14,4.19,0.00,80.00,3.00
214641,359.38,-1.24,-1.91,0.82,0.91,2.35,1.45,2.14,4.27,0.00,80.00,3.00
214686,359.36,-1.23,-1.91,0.84,0.93,2.32,1.48,2.17,4.23,0.00,80.00,3.00
214715,359.42,-1.23,-1.91,0.80,0.98,2.38,1.38,2.21,4.29,0.00,80.00,3.00
214744,359.40,-1.23,-1.91,0.78,0.96,2.40,1.37,2.18,4.32,0.00,80.00,3.00
214773,359.39,-1.23,-1.92,0.70,0.96,2.39,1.31,2.18,4.31,0.00,80.00,3.00
214805,359.32,-1.22,-1.93,0.71,0.91,2.42,1.39,2.13,4.34,0.00,80.00,3.00
214834,359.29,-1.23,-1.93,0.77,0.90,2.44,1.47,2.13,4.37,0.00,80.00,3.00
214863,359.28,-1.23,-1.90,0.81,0.86,2.47,1.54,2.09,4.37,0.00,80.00,3.00
214892,359.29,-1.23,-1.88,0.89,0.87,2.47,1.60,2.10,4.34,0.00,80.00,3.00
214921,359.32,-1.23,-1.85,0.91,0.91,2.49,1.59,2.14,4.33,0.00,80.00,3.00
214950,359.33,-1.24,-1.82,0.90,0.98,2.44,1.57,2.21,4.25,0.00,80.00,3.00
214980,359.31,-1.23,-1.81,0.84,0.94,2.45,1.54,2.18,4.26,0.00,80.00,3.00
215012,359.33,-1.24,-1.81,0.84,0.97,2.42,1.51,2.21,4.23,0.00,80.00,3.00
215041,359.25,-1.24,-1.82,0.72,0.98,2.40,1.46,2.23,4.22,0.00,80.00,3.00
215070,359.27,-1.23,-1.83,0.62,1.02,2.36,1.35,2.26,4.20,0.00,80.00,3.00
215099,359.19,-1.24,-1.84,0.57,0.98,2.38,1.38,2.22,4.22,0.00,80.00,3.00
215128,359.20,-1.23,-1.84,0.59,1.03,2.40,1.38,2.26,4.25,0.00,80.00,3.00
215157,359.19,-1.23,-1.86,0.69,1.10,2.31,1.50,2.33,4.17,0.00,80.00,3.00
215186,359.23,-1.23,-1.86,0.73,1.05,2.26,1.50,2.28,4.12,0.00,80.00,3.00
215218,359.24,-1.23,-1.86,0.83,1.03,2.27,1.59,2.25,4.13,0.00,80.00,3.00
215247,359.20,-1.23,-1.85,0.94,1.02,2.28,1.74,2.25,4.13,0.00,80.00,3.00
215292,359.24,-1.23,-1.83,1.00,1.04,2.18,1.77,2.27,4.01,0.00,80.00,3.00
215321,359.27,-1.23,-1.84,0.93,0.94,2.26,1.65,2.18,4.09,0.00,80.00,3.00
215350,359.27,-1.23,-1.85,0.79,0.93,2.31,1.52,2.16,4.16,0.00,80.00,3.00
215380,359.22,-1.23,-1.85,0.82,0.99,2.35,1.60,2.21,4.21,0.00,80.00,3.00
215409,359.20,-1.23,-1.85,0.82,0.97,2.40,1.62,2.21,4.26,0.00,80.00,3.00
215441,359.21,-1.24,-1.85,0.82,0.98,2.40,1.61,2.22,4.26,0.00,80.00,3.00
215470,359.22,-1.24,-1.85,0.73,1.01,2.43,1.50,2.25,4.29,0.00,80.00,3.00
215499,359.25,-1.24,-1.85,0.64,1.03,2.43,1.40,2.27,4.28,0.00,80.00,3.00
215528,359.24,-1.25,-1.85,0.68,1.01,2.46,1.44,2.26,4.30,0.00,80.00,3.00
215557,359.21,-1.25,-1.85,0.57,0.95,2.33,1.36,2.20,4.18,0.00,80.00,3.00
215586,359.22,-1.25,-1.85,0.55,0.93,2.33,1.33,2.17,4.17,0.00,80.00,3.00
215615,359.26,-1.25,-1.85,0.67,0.84,2.28,1.41,2.10,4.13,0.00,80.00,3.00
215647,359.26,-1.26,-1.84,0.85,0.86,2.28,1.58,2.12,4.12,0.00,80.00,3.00
215677,359.24,-1.26,-1.84,0.85,0.84,2.27,1.61,2.10,4.12,0.00,80.00,3.00
215706,359.20,-1.27,-1.85,0.95,0.79,2.25,1.75,2.05,4.10,0.00,80.00,3.00
215735,359.20,-1.27,-1.85,0.97,0.80,2.31,1.77,2.07,4.17,0.00,80.00,3.00
215764,359.16,-1.27,-1.86,0.96,0.80,2.29,1.80,2.07,4.15,0.00,80.00,3.00
215793,359.07,-1.27,-1.86,0.87,0.81,2.29,1.80,2.08,4.16,0.00,80.00,3.00
215822,359.11,-1.27,-1.86,0.83,0.84,2.33,1.72,2.11,4.19,0.00,80.00,3.00
215854,359.10,-1.27,-1.86,0.77,0.85,2.38,1.68,2.12,4.24,0.00,80.00,3.00
215899,359.00,-1.27,-1.86,0.77,0.90,2.37,1.78,2.18,4.23,0.00,80.00,3.00
215937,358.99,-1.28,-1.87,0.78,0.94,2.36,1.78,2.21,4.22,0.00,80.00,3.00
215966,358.96,-1.27,-1.87,0.79,0.95,2.28,1.83,2.23,4.15,0.00,80.00,3.00
215995,358.93,-1.28,-1.86,0.92,0.96,2.28,1.99,2.24,4.14,0.00,80.00,3.00
216024,358.95,-1.28,-1.86,0.97,0.95,2.27,2.02,2.23,4.13,0.00,80.00,3.00
216053,359.00,-1.27,-1.85,1.02,0.97,2.29,2.01,2.24,4.14,0.00,80.00,3.00
216085,359.02,-1.28,-1.85,1.02,0.96,2.28,2.00,2.24,4.14,0.00,80.00,3.00
216114,359.00,-1.28,-1.85,1.04,0.99,2.32,2.04,2.27,4.17,0.00,80.00,3.00
216143,358.87,-1.28,-1.86,0.97,0.94,2.42,2.09,2.22,4.28,0.00,80.00,3.00
216172,358.81,-1.29,-1.87,0.78,0.91,2.39,1.97,2.20,4.26,0.00,80.00,3.00
216201,358.76,-1.29,-1.88,0.80,0.99,2.29,2.04,2.28,4.17,0.00,80.00,3.00
216230,358.76,-1.29,-1.87,0.80,0.98,2.30,2.05,2.27,4.18,0.00,80.00,3.00
216259,358.81,-1.30,-1.87,0.80,0.96,2.31,1.99,2.26,4.18,0.00,80.00,3.00
216291,358.81,-1.30,-1.87,0.73,1.05,2.29,1.93,2.35,4.16,0.00,80.00,3.00
216320,358.81,-1.28,-1.91,0.79,1.10,2.31,1.98,2.39,4.22,0.00,80.00,3.00
216349,358.78,-1.25,-1.96,0.86,1.08,2.36,2.08,2.33,4.32,0.00,80.00,3.00
216378,358.75,-1.26,-2.02,0.78,1.02,2.44,2.02,2.28,4.46,0.00,80.00,3.00
216407,358.71,-1.26,-2.05,0.71,1.02,2.42,2.00,2.28,4.46,0.00,80.00,3.00
216436,358.66,-1.25,-2.07,0.77,1.01,2.41,2.11,2.26,4.48,0.00,80.00,3.00
216465,358.65,-1.25,-2.08,0.76,0.98,2.37,2.11,2.23,4.45,0.00,80.00,3.00
216513,358.66,-1.26,-2.08,0.71,0.96,2.34,2.06,2.22,4.41,0.00,80.00,3.00
216542,358.65,-1.25,-2.06,0.71,0.93,2.28,2.06,2.18,4.34,0.00,80.00,3.00
216571,358.67,-1.25,-2.05,0.80,0.86,2.08,2.13,2.12,4.13,0.00,80.00,3.00
216600,358.69,-1.25,-2.04,0.78,1.05,1.94,2.09,2.31,3.98,0.00,80.00,3.00
216629,358.72,-1.25,-2.03,0.71,1.06,1.95,1.99,2.31,3.98,0.00,80.00,3.00
216658,358.65,-1.26,-2.03,0.70,0.99,2.02,2.05,2.25,4.05,0.00,80.00,3.00
216686,358.61,-1.26,-2.02,0.66,1.06,2.05,2.05,2.32,4.07,0.00,80.00,3.00
216724,358.61,-1.25,-2.02,0.61,1.15,2.12,2.00,2.40,4.14,0.00,80.00,3.00
216753,358.59,-1.26,-2.02,0.61,1.37,2.30,2.02,2.63,4.32,0.00,80.00,3.00
216781,358.64,-1.25,-2.03,0.74,1.04,2.40,2.10,2.29,4.44,0.00,80.00,3.00
216810,358.63,-1.24,-2.05,0.79,1.11,2.27,2.16,2.35,4.32,0.00,80.00,3.00
216839,358.60,-1.23,-2.04,0.82,1.12,2.24,2.22,2.35,4.28,0.00,80.00,3.00
216868,358.59,-1.23,-2.02,0.83,1.06,2.31,2.23,2.29,4.33,0.00,80.00,3.00
216897,358.62,-1.23,-2.01,0.78,1.01,2.23,2.16,2.25,4.24,0.00,80.00,3.00
216929,358.64,-1.24,-2.00,0.71,0.99,2.26,2.06,2.23,4.26,0.00,80.00,3.00
216958,358.62,-1.23,-2.01,0.73,1.00,2.29,2.11,2.24,4.30,0.00,80.00,3.00
216987,358.60,-1.23,-2.02,0.74,0.96,2.35,2.14,2.20,4.37,0.00,80.00,3.00
217016,358.55,-1.24,-2.02,0.73,0.89,2.33,2.18,2.13,4.35,0.00,80.00,3.00
217046,358.54,-1.24,-2.03,0.71,0.86,2.41,2.17,2.10,4.43,0.00,80.00,3.00
217092,358.53,-1.24,-2.04,0.80,0.85,2.42,2.26,2.09,4.45,0.00,80.00,3.00
217227,358.50,-1.24,-2.03,0.79,0.85,2.38,2.29,2.09,4.42,0.00,80.00,3.00
217419,358.46,-1.24,-2.03,0.70,0.87,2.40,2.24,2.11,4.43,0.00,80.00,3.00
217505,358.42,-1.25,-2.03,0.71,0.89,2.43,2.29,2.13,4.46,0.00,80.00,3.00
217534,358.42,-1.25,-2.03,0.78,0.92,2.40,2.36,2.17,4.43,0.00,80.00,3.00
217563,358.43,-1.25,-2.03,0.67,0.93,2.35,2.24,2.18,4.38,0.00,80.00,3.00
217593,358.37,-1.25,-2.04,0.64,0.91,2.40,2.27,2.15,4.44,0.00,80.00,3.00
217622,358.39,-1.24,-2.03,0.71,0.91,2.40,2.31,2.15,4.44,0.00,80.00,3.00
217651,358.43,-1.24,-2.04,0.77,0.90,2.36,2.34,2.14,4.39,0.00,80.00,3.00
217683,358.40,-1.24,-2.04,0.76,0.85,2.33,2.36,2.09,4.37,0.00,80.00,3.00
217712,358.36,-1.23,-2.04,0.82,0.96,2.22,2.46,2.19,4.26,0.00,80.00,3.00
217742,358.44,-1.23,-2.04,0.65,0.84,2.32,2.21,2.07,4.37,0.00,80.00,3.00
217771,358.36,-1.24,-2.04,0.68,0.81,2.36,2.32,2.05,4.41,0.00,80.00,3.00
217800,358.42,-1.24,-2.04,0.73,0.80,2.36,2.31,2.04,4.41,0.00,80.00,3.00
217829,358.42,-1.24,-2.05,0.72,0.86,2.33,2.30,2.10,4.38,0.00,80.00,3.00
217858,358.33,-1.24,-2.06,0.69,0.89,2.35,2.36,2.12,4.40,0.00,80.00,3.00
217899,358.31,-1.24,-2.06,0.71,0.92,2.33,2.40,2.16,4.38,0.00,80.00,3.00
217929,358.28,-1.24,-2.06,0.72,0.93,2.34,2.44,2.17,4.40,0.00,80.00,3.00
217958,358.33,-1.24,-2.06,0.66,0.92,2.36,2.32,2.17,4.42,0.00,80.00,3.00
217987,358.36,-1.24,-2.06,0.68,0.88,2.30,2.32,2.12,4.35,0.00,80.00,3.00
218033,358.41,-1.24,-2.04,0.67,0.86,2.25,2.26,2.10,4.29,0.00,80.00,3.00
218062,358.43,-1.24,-2.04,0.68,0.93,2.33,2.25,2.18,4.37,0.00,80.00,3.00
218091,358.43,-1.24,-2.05,0.58,0.93,2.36,2.15,2.17,4.41,0.00,80.00,3.00
218123,358.38,-1.24,-2.04,0.60,0.94,2.28,2.21,2.17,4.31,0.00,80.00,3.00
218152,358.43,-1.24,-2.04,0.64,0.93,2.30,2.22,2.16,4.35,0.00,80.00,3.00
218182,358.47,-1.26,-1.99,0.71,0.97,2.38,2.23,2.23,4.37,0.00,80.00,3.00
218211,358.52,-1.27,-1.93,0.70,0.92,2.32,2.18,2.20,4.25,0.00,80.00,3.00
218240,358.59,-1.27,-1.90,0.64,0.98,2.29,2.05,2.25,4.19,0.00,80.00,3.00
218269,358.54,-1.28,-1.89,0.62,1.01,2.31,2.08,2.29,4.20,0.00,80.00,3.00
218299,358.51,-1.28,-1.89,0.56,1.01,2.31,2.05,2.29,4.20,0.00,80.00,3.00
218331,358.55,-1.27,-1.90,0.54,1.02,2.26,1.99,2.29,4.17,0.00,80.00,3.00
218360,358.55,-1.27,-1.92,0.59,1.00,2.34,2.04,2.27,4.26,0.00,80.00,3.00
218389,358.52,-1.27,-1.93,0.63,0.96,2.24,2.11,2.23,4.17,0.00,80.00,3.00
218419,358.61,-1.27,-1.93,0.72,0.97,2.29,2.11,2.24,4.23,0.00,80.00,3.00
218448,358.66,-1.28,-1.94,0.71,1.01,2.29,2.05,2.29,4.23,0.00,80.00,3.00
218477,358.64,-1.28,-1.93,0.66,0.99,2.21,2.02,2.26,4.15,0.00,80.00,3.00
218506,358.66,-1.27,-1.93,0.67,0.98,2.18,2.01,2.25,4.11,0.00,80.00,3.00
218538,358.69,-1.28,-1.93,0.80,0.99,2.26,2.11,2.27,4.19,0.00,80.00,3.00
218568,358.71,-1.28,-1.92,0.81,0.98,2.26,2.11,2.25,4.18,0.00,80.00,3.00
218613,358.69,-1.28,-1.93,0.82,0.95,2.27,2.13,2.23,4.20,0.00,80.00,3.00
218643,358.66,-1.28,-1.93,0.92,0.94,2.32,2.27,2.22,4.25,0.00,80.00,3.00
218672,358.59,-1.28,-1.92,0.92,0.93,2.38,2.34,2.21,4.30,0.00,80.00,3.00
218701,358.55,-1.28,-1.93,0.85,0.92,2.40,2.30,2.20,4.32,0.00,80.00,3.00
218730,358.54,-1.28,-1.94,0.79,0.91,2.39,2.26,2.20,4.33,0.00,80.00,3.00
218762,358.51,-1.28,-1.95,0.79,0.89,2.44,2.28,2.17,4.39,0.00,80.00,3.00
218792,358.46,-1.29,-1.96,0.82,0.85,2.43,2.36,2.14,4.38,0.00,80.00,3.00
218821,358.42,-1.28,-1.95,0.76,0.86,2.45,2.33,2.14,4.40,0.00,80.00,3.00
218850,358.42,-1.28,-1.95,0.76,0.84,2.47,2.34,2.12,4.41,0.00,80.00,3.00
218879,358.41,-1.27,-1.95,0.82,0.84,2.46,2.41,2.11,4.41,0.00,80.00,3.00
218908,358.40,-1.27,-1.95,0.81,0.84,2.44,2.41,2.12,4.39,0.00,80.00,3.00
218937,358.39,-1.27,-1.94,0.72,0.81,2.41,2.33,2.08,4.35,0.00,80.00,3.00
218970,358.41,-1.27,-1.94,0.72,0.82,2.38,2.31,2.09,4.32,0.00,80.00,3.00
218999,358.43,-1.26,-1.95,0.76,0.82,2.37,2.33,2.08,4.32,0.00,80.00,3.00
219028,358.45,-1.25,-1.94,0.77,0.82,2.33,2.33,2.07,4.27,0.00,80.00,3.00
219057,358.49,-1.25,-1.94,0.72,0.84,2.33,2.23,2.09,4.27,0.00,80.00,3.00
219086,358.53,-1.24,-1.94,0.61,0.88,2.22,2.08,2.12,4.16,0.00,80.00,3.00
219116,358.59,-1.24,-1.93,0.61,0.85,2.19,2.02,2.09,4.13,0.00,80.00,3.00
219145,358.62,-1.24,-1.93,0.57,0.82,2.17,1.95,2.06,4.10,0.00,80.00,3.00
219177,358.68,-1.23,-1.93,0.43,0.82,2.23,1.75,2.05,4.16,0.00,80.00,3.00
219223,358.71,-1.24,-1.93,0.42,0.81,2.26,1.71,2.05,4.18,0.00,80.00,3.00
219252,358.72,-1.24,-1.93,0.51,0.82,2.27,1.78,2.06,4.20,0.00,80.00,3.00
219281,358.77,-1.24,-1.92,0.64,0.82,2.33,1.88,2.06,4.26,0.00,80.00,3.00
219310,358.83,-1.23,-1.92,0.65,0.86,2.29,1.82,2.09,4.20,0.00,80.00,3.00
219339,358.87,-1.22,-1.91,0.71,0.89,2.25,1.84,2.12,4.16,0.00,80.00,3.00
219368,358.85,-1.23,-1.92,0.65,0.94,2.21,1.80,2.17,4.12,0.00,80.00,3.00
219401,358.97,-1.23,-1.91,0.48,0.89,2.17,1.51,2.11,4.07,0.00,80.00,3.00
219430,358.95,-1.22,-1.91,0.36,0.89,2.15,1.41,2.11,4.06,0.00,80.00,3.00
219459,358.90,-1.22,-1.91,0.44,0.92,2.20,1.54,2.14,4.11,0.00,80.00,3.00
219488,358.85,-1.22,-1.91,0.47,0.89,2.24,1.62,2.11,4.14,0.00,80.00,3.00
219517,358.89,-1.22,-1.91,0.58,0.83,2.21,1.69,2.05,4.12,0.00,80.00,3.00
219555,358.86,-1.22,-1.91,0.86,0.91,2.27,2.00,2.13,4.18,0.00,80.00,3.00
219584,358.89,-1.22,-1.90,0.94,0.95,2.30,2.05,2.16,4.20,0.00,80.00,3.00
219616,358.85,-1.22,-1.90,0.85,0.93,2.32,2.00,2.15,4.22,0.00,80.00,3.00
219645,358.84,-1.22,-1.91,0.78,0.97,2.37,1.94,2.19,4.28,0.00,80.00,3.00
219674,358.77,-1.22,-1.92,0.72,0.99,2.40,1.94,2.21,4.31,0.00,80.00,3.00
219703,358.80,-1.22,-1.92,0.64,1.02,2.44,1.84,2.24,4.36,0.00,80.00,3.00
219733,358.77,-1.22,-1.93,0.54,0.99,2.39,1.77,2.21,4.31,0.00,80.00,3.00
219762,358.75,-1.22,-1.92,0.47,0.93,2.36,1.72,2.16,4.28,0.00,80.00,3.00
219791,358.79,-1.22,-1.92,0.51,0.96,2.34,1.72,2.18,4.26,0.00,80.00,3.00
219840,358.79,-1.22,-1.93,0.62,0.93,2.31,1.83,2.15,4.23,0.00,80.00,3.00
219869,358.81,-1.22,-1.92,0.66,0.92,2.30,1.84,2.14,4.22,0.00,80.00,3.00
219898,358.83,-1.22,-1.92,0.75,0.91,2.37,1.92,2.13,4.29,0.00,80.00,3.00
219927,358.86,-1.23,-1.93,0.75,0.90,2.38,1.89,2.13,4.31,0.00,80.00,3.00
219956,358.79,-1.23,-1.92,0.73,0.91,2.42,1.93,2.14,4.34,0.00,80.00,3.00
219985,358.78,-1.23,-1.92,0.79,0.94,2.44,2.01,2.16,4.36,0.00,80.00,3.00
220015,358.77,-1.23,-1.92,0.80,0.97,2.47,2.02,2.20,4.40,0.00,80.00,3.00
220047,358.79,-1.23,-1.92,0.80,1.01,2.45,2.01,2.24,4.37,0.00,80.00,3.00
220076,358.77,-1.22,-1.92,0.72,1.00,2.48,1.95,2.22,4.40,0.00,80.00,3.00
220105,358.75,-1.22,-1.92,0.72,1.06,2.45,1.97,2.28,4.37,0.00,80.00,3.00
220134,358.78,-1.21,-1.92,0.71,1.08,2.38,1.93,2.29,4.29,0.00,80.00,3.00
220164,358.85,-1.21,-1.91,0.70,1.06,2.38,1.85,2.27,4.30,0.00,80.00,3.00
220193,358.90,-1.21,-1.91,0.75,1.03,2.35,1.86,2.25,4.26,0.00,80.00,3.00
220222,358.98,-1.22,-1.91,0.78,1.05,2.29,1.81,2.27,4.20,0.00,80.00,3.00
220254,358.96,-1.22,-1.90,0.80,1.06,2.27,1.84,2.28,4.18,0.00,80.00,3.00
220283,359.00,-1.22,-1.90,0.80,1.08,2.26,1.80,2.31,4.16,0.00,80.00,3.00
220312,359.03,-1.22,-1.89,0.80,1.08,2.24,1.77,2.30,4.14,0.00,80.00,3.00
220341,359.03,-1.22,-1.89,0.78,1.10,2.20,1.75,2.32,4.09,0.00,80.00,3.00
220370,359.04,-1.22,-1.88,0.68,1.08,2.16,1.64,2.31,4.05,0.00,80.00,3.00
220416,359.02,-1.23,-1.88,0.74,1.05,2.17,1.72,2.27,4.05,0.00,80.00,3.00
220445,359.08,-1.22,-1.88,0.75,1.04,2.18,1.67,2.26,4.06,0.00,80.00,3.00
220477,359.06,-1.22,-1.87,0.76,0.98,2.23,1.70,2.20,4.10,0.00,80.00,3.00
220506,359.00,-1.22,-1.87,0.74,0.94,2.25,1.74,2.16,4.12,0.00,80.00,3.00
220536,359.03,-1.22,-1.86,0.77,0.94,2.23,1.74,2.16,4.09,0.00,80.00,3.00
220565,358.99,-1.23,-1.87,0.79,0.94,2.29,1.81,2.17,4.16,0.00,80.00,3.00
220594,358.92,-1.22,-1.86,0.79,0.97,2.27,1.87,2.18,4.13,0.00,80.00,3.00
220623,358.95,-1.22,-1.86,0.72,1.04,2.27,1.77,2.26,4.13,0.00,80.00,3.00
220652,358.96,-1.22,-1.86,0.65,1.00,2.24,1.69,2.22,4.09,0.00,80.00,3.00
220684,358.90,-1.23,-1.85,0.78,1.00,2.32,1.87,2.23,4.17,0.00,80.00,3.00
220713,358.81,-1.23,-1.84,0.79,1.02,2.30,1.98,2.26,4.14,0.00,80.00,3.00
220743,358.80,-1.24,-1.84,0.76,0.96,2.34,1.97,2.20,4.18,0.00,80.00,3.00
220772,358.83,-1.24,-1.85,0.85,0.93,2.35,2.02,2.17,4.20,0.00,80.00,3.00
220801,358.73,-1.24,-1.85,0.94,0.91,2.35,2.21,2.15,4.21,0.00,80.00,3.00
220830,358.71,-1.24,-1.86,0.76,0.96,2.35,2.05,2.19,4.21,0.00,80.00,3.00
220859,358.70,-1.24,-1.86,0.63,0.99,2.33,1.93,2.23,4.19,0.00,80.00,3.00
220891,358.74,-1.24,-1.87,0.65,0.96,2.30,1.90,2.20,4.17,0.00,80.00,3.00
220920,358.71,-1.24,-1.87,0.74,0.96,2.26,2.03,2.20,4.12,0.00,80.00,3.00
220949,358.76,-1.25,-1.87,0.65,0.97,2.27,1.89,2.22,4.14,0.00,80.00,3.00
220978,358.74,-1.24,-1.87,0.58,1.02,2.29,1.83,2.27,4.15,0.00,80.00,3.00
221024,358.70,-1.24,-1.88,0.60,0.99,2.25,1.90,2.23,4.13,0.00,80.00,3.00
221053,358.72,-1.23,-1.88,0.61,0.99,2.30,1.88,2.22,4.17,0.00,80.00,3.00
221082,358.77,-1.24,-1.88,0.49,0.99,2.32,1.72,2.23,4.20,0.00,80.00,3.00
221114,358.74,-1.24,-1.88,0.44,1.00,2.31,1.70,2.24,4.19,0.00,80.00,3.00
221144,358.77,-1.24,-1.88,0.57,0.98,2.32,1.80,2.22,4.20,0.00,80.00,3.00
221173,358.79,-1.24,-1.88,0.67,0.95,2.31,1.88,2.19,4.19,0.00,80.00,3.00
221210,358.80,-1.24,-1.86,0.76,0.93,2.33,1.96,2.17,4.19,0.00,80.00,3.00
221240,358.78,-1.23,-1.87,0.70,0.88,2.31,1.92,2.11,4.18,0.00,80.00,3.00
221269,358.82,-1.23,-1.86,0.71,0.92,2.31,1.89,2.14,4.17,0.00,80.00,3.00
221298,358.84,-1.22,-1.87,0.62,0.97,2.31,1.78,2.19,4.18,0.00,80.00,3.00
221330,358.88,-1.23,-1.87,0.64,0.94,2.34,1.76,2.17,4.20,0.00,80.00,3.00
221359,358.92,-1.23,-1.87,0.60,0.93,2.26,1.68,2.16,4.12,0.00,80.00,3.00
221388,358.85,-1.23,-1.87,0.56,0.98,2.21,1.70,2.21,4.08,0.00,80.00,3.00
221417,358.88,-1.23,-1.88,0.64,1.00,2.27,1.76,2.23,4.15,0.00,80.00,3.00
221446,358.84,-1.23,-1.87,0.67,0.99,2.28,1.83,2.22,4.15,0.00,80.00,3.00
221475,358.86,-1.22,-1.88,0.67,0.99,2.16,1.81,2.21,4.05,0.00,80.00,3.00
221504,358.87,-1.22,-1.88,0.68,1.01,2.23,1.81,2.23,4.11,0.00,80.00,3.00
221536,358.90,-1.22,-1.87,0.72,1.02,2.29,1.82,2.24,4.16,0.00,80.00,3.00
221565,358.86,-1.22,-1.88,0.77,1.01,2.30,1.91,2.23,4.18,0.00,80.00,3.00
221611,358.86,-1.22,-1.89,0.69,0.98,2.22,1.83,2.20,4.11,0.00,80.00,3.00
221640,358.85,-1.22,-1.89,0.66,0.97,2.29,1.81,2.19,4.18,0.00,80.00,3.00
221670,358.85,-1.23,-1.90,0.64,0.97,2.33,1.79,2.20,4.22,0.00,80.00,3.00
221699,358.79,-1.24,-1.89,0.64,0.97,2.25,1.85,2.21,4.14,0.00,80.00,3.00
221728,358.78,-1.24,-1.90,0.57,0.94,2.23,1.79,2.18,4.13,0.00,80.00,3.00
221760,358.77,-1.23,-1.89,0.59,0.94,2.17,1.82,2.18,4.06,0.00,80.00,3.00
221789,358.78,-1.23,-1.91,0.59,0.96,2.20,1.81,2.20,4.10,0.00,80.00,3.00
221818,358.68,-1.24,-1.91,0.65,0.97,2.19,1.97,2.21,4.10,0.00,80.00,3.00
221847,358.67,-1.24,-1.92,0.68,0.95,2.15,2.01,2.19,4.07,0.00,80.00,3.00
221876,358.72,-1.24,-1.93,0.82,1.00,2.19,2.10,2.24,4.12,0.00,80.00,3.00
221905,358.66,-1.24,-1.93,0.88,1.02,2.25,2.22,2.26,4.18,0.00,80.00,3.00
221934,358.65,-1.24,-1.94,0.95,1.00,2.26,2.30,2.24,4.20,0.00,80.00,3.00
221962,358.54,-1.23,-1.93,0.95,1.00,2.28,2.41,2.23,4.21,0.00,80.00,3.00
221991,358.51,-1.24,-1.93,0.94,1.04,2.31,2.43,2.28,4.24,0.00,80.00,3.00
222020,358.55,-1.24,-1.93,0.81,1.02,2.38,2.25,2.26,4.31,0.00,80.00,3.00
222049,358.54,-1.24,-1.93,0.75,0.98,2.31,2.22,2.22,4.24,0.00,80.00,3.00
222078,358.55,-1.24,-1.93,0.71,0.95,2.23,2.16,2.19,4.16,0.00,80.00,3.00
222107,358.58,-1.24,-1.93,0.63,0.96,2.19,2.05,2.21,4.13,0.00,80.00,3.00
222137,358.52,-1.24,-1.93,0.59,0.95,2.17,2.07,2.19,4.10,0.00,80.00,3.00
222166,358.49,-1.24,-1.94,0.61,0.94,2.12,2.12,2.18,4.05,0.00,80.00,3.00
222214,358.51,-1.24,-1.94,0.71,0.94,2.06,2.20,2.18,3.99,0.00,80.00,3.00
222243,358.47,-1.23,-1.94,0.74,0.94,2.12,2.28,2.18,4.06,0.00,80.00,3.00
222273,358.46,-1.23,-1.94,0.74,0.97,2.21,2.29,2.19,4.14,0.00,80.00,3.00
222302,358.52,-1.24,-1.94,0.81,0.98,2.29,2.29,2.21,4.23,0.00,80.00,3.00
222331,358.56,-1.24,-1.93,0.76,0.95,2.32,2.20,2.19,4.26,0.00,80.00,3.00
222360,358.59,-1.24,-1.93,0.69,0.95,2.36,2.10,2.19,4.29,0.00,80.00,3.00
222389,358.53,-1.25,-1.93,0.61,1.02,2.43,2.08,2.26,4.35,0.00,80.00,3.00
222421,358.54,-1.25,-1.92,0.57,1.01,2.37,2.03,2.26,4.30,0.00,80.00,3.00
222450,358.53,-1.25,-1.93,0.51,1.02,2.35,1.98,2.27,4.28,0.00,80.00,3.00
222479,358.50,-1.25,-1.92,0.54,1.07,2.24,2.04,2.32,4.16,0.00,80.00,3.00
222508,358.52,-1.25,-1.92,0.65,1.03,2.17,2.13,2.28,4.09,0.00,80.00,3.00
222537,358.61,-1.26,-1.91,0.73,0.92,2.19,2.12,2.18,4.10,0.00,80.00,3.00
222567,358.60,-1.26,-1.91,0.81,0.90,2.28,2.21,2.16,4.19,0.00,80.00,3.00
222595,358.57,-1.26,-1.91,0.83,0.87,2.32,2.26,2.13,4.22,0.00,80.00,3.00
222628,358.53,-1.25,-1.91,0.83,0.85,2.39,2.29,2.10,4.30,0.00,80.00,3.00
222657,358.54,-1.25,-1.91,0.79,0.84,2.44,2.26,2.09,4.36,0.00,80.00,3.00
222686,358.62,-1.25,-1.92,0.78,0.84,2.39,2.17,2.10,4.32,0.00,80.00,3.00
222715,358.60,-1.26,-1.93,0.74,0.90,2.34,2.13,2.16,4.27,0.00,80.00,3.00
222744,358.56,-1.27,-1.92,0.77,0.93,2.30,2.21,2.20,4.23,0.00,80.00,3.00
222773,358.59,-1.28,-1.92,0.99,0.97,2.32,2.40,2.24,4.24,0.00,80.00,3.00
222819,358.59,-1.28,-1.92,0.99,0.95,2.26,2.41,2.23,4.18,0.00,80.00,3.00
222851,358.58,-1.27,-1.92,0.99,0.94,2.26,2.41,2.21,4.18,0.00,80.00,3.00
222889,358.54,-1.27,-1.92,1.01,0.94,2.27,2.47,2.21,4.18,0.00,80.00,3.00
222918,358.58,-1.27,-1.92,1.04,0.87,2.28,2.45,2.15,4.20,0.00,80.00,3.00
222947,358.50,-1.27,-1.91,0.91,0.84,2.30,2.41,2.10,4.21,0.00,80.00,3.00
222976,358.46,-1.26,-1.91,0.80,0.83,2.23,2.34,2.09,4.14,0.00,80.00,3.00
223005,358.45,-1.27,-1.91,0.80,0.83,2.26,2.35,2.10,4.17,0.00,80.00,3.00
223034,358.40,-1.27,-1.91,0.82,0.83,2.30,2.42,2.10,4.22,0.00,80.00,3.00
223066,358.35,-1.27,-1.92,0.78,0.82,2.28,2.43,2.09,4.20,0.00,80.00,3.00
223095,358.46,-1.27,-1.92,0.79,0.89,2.24,2.33,2.15,4.16,0.00,80.00,3.00
223124,358.51,-1.27,-1.91,0.80,0.91,2.35,2.29,2.18,4.26,0.00,80.00,3.00
223153,358.50,-1.27,-1.90,0.82,0.92,2.39,2.32,2.19,4.29,0.00,80.00,3.00
223182,358.47,-1.26,-1.90,0.76,0.94,2.43,2.29,2.20,4.33,0.00,80.00,3.00
223211,358.54,-1.26,-1.90,0.80,0.95,2.46,2.27,2.22,4.36,0.00,80.00,3.00
223240,358.52,-1.26,-1.91,0.72,0.89,2.50,2.20,2.15,4.41,0.00,80.00,3.00
223272,358.52,-1.26,-1.91,0.71,0.88,2.47,2.19,2.15,4.38,0.00,80.00,3.00
223301,358.52,-1.26,-1.90,0.67,0.90,2.47,2.15,2.15,4.37,0.00,80.00,3.00
223330,358.57,-1.25,-1.90,0.70,0.86,2.44,2.13,2.10,4.34,0.00,80.00,3.00
223359,358.62,-1.25,-1.89,0.65,0.89,2.43,2.02,2.13,4.32,0.00,80.00,3.00
223388,358.62,-1.25,-1.88,0.70,0.92,2.39,2.08,2.16,4.27,0.00,80.00,3.00
223434,358.64,-1.25,-1.88,0.79,0.98,2.33,2.15,2.23,4.22,0.00,80.00,3.00
223463,358.72,-1.26,-1.88,0.78,0.99,2.23,2.06,2.25,4.12,0.00,80.00,3.00
223495,358.80,-1.26,-1.89,0.81,0.99,2.25,2.01,2.25,4.14,0.00,80.00,3.00
223524,358.87,-1.26,-1.89,0.79,1.06,2.32,1.92,2.32,4.21,0.00,80.00,3.00
223553,358.87,-1.27,-1.90,0.77,1.06,2.33,1.90,2.33,4.23,0.00,80.00,3.00
223582,358.84,-1.27,-1.90,0.75,1.01,2.36,1.91,2.28,4.26,0.00,80.00,3.00
223611,358.85,-1.27,-1.90,0.73,0.99,2.37,1.88,2.26,4.28,0.00,80.00,3.00
223640,358.92,-1.27,-1.90,0.73,1.02,2.47,1.82,2.29,4.37,0.00,80.00,3.00
223670,358.92,-1.27,-1.90,0.71,1.00,2.41,1.79,2.28,4.31,0.00,80.00,3.00
223701,358.94,-1.27,-1.90,0.78,0.92,2.43,1.84,2.19,4.32,0.00,80.00,3.00
223730,358.91,-1.27,-1.90,0.70,0.91,2.37,1.79,2.18,4.26,0.00,80.00,3.00
223759,359.02,-1.28,-1.90,0.85,0.95,2.36,1.82,2.22,4.26,0.00,80.00,3.00
223788,359.09,-1.28,-1.89,0.83,0.91,2.34,1.74,2.20,4.23,0.00,80.00,3.00
223817,359.07,-1.27,-1.89,0.86,0.86,2.34,1.79,2.13,4.23,0.00,80.00,3.00
223846,359.07,-1.27,-1.89,0.87,0.95,2.38,1.80,2.22,4.27,0.00,80.00,3.00
223874,359.02,-1.27,-1.89,0.84,0.96,2.33,1.82,2.23,4.22,0.00,80.00,3.00
223906,359.07,-1.27,-1.88,0.78,1.00,2.39,1.71,2.27,4.28,0.00,80.00,3.00
223935,359.07,-1.27,-1.89,0.79,0.96,2.38,1.71,2.23,4.27,0.00,80.00,3.00
223964,359.05,-1.27,-1.89,0.82,0.98,2.33,1.77,2.25,4.22,0.00,80.00,3.00
224010,359.07,-1.28,-1.90,0.71,0.95,2.29,1.64,2.23,4.19,0.00,80.00,3.00
224039,359.15,-1.28,-1.91,0.77,0.90,2.30,1.62,2.18,4.21,0.00,80.00,3.00
224067,359.09,-1.27,-1.90,0.73,0.89,2.37,1.64,2.16,4.27,0.00,80.00,3.00
224096,359.06,-1.28,-1.90,0.64,0.86,2.33,1.58,2.14,4.23,0.00,80.00,3.00
224128,359.09,-1.27,-1.90,0.67,0.87,2.35,1.58,2.14,4.25,0.00,80.00,3.00
224157,359.13,-1.28,-1.90,0.73,0.82,2.40,1.60,2.10,4.30,0.00,80.00,3.00
224187,359.14,-1.28,-1.90,0.77,0.86,2.44,1.62,2.15,4.33,0.00,80.00,3.00
224216,359.11,-1.27,-1.89,0.70,0.91,2.44,1.59,2.18,4.33,0.00,80.00,3.00
224245,359.11,-1.27,-1.89,0.77,0.92,2.37,1.66,2.19,4.25,0.00,80.00,3.00
224274,359.12,-1.27,-1.89,0.73,0.90,2.42,1.61,2.17,4.32,0.00,80.00,3.00
224303,359.02,-1.27,-1.90,0.64,0.90,2.37,1.62,2.17,4.27,0.00,80.00,3.00
224336,359.00,-1.27,-1.90,0.70,0.97,2.34,1.69,2.24,4.24,0.00,80.00,3.00
224365,359.00,-1.27,-1.90,0.75,0.97,2.30,1.75,2.24,4.20,0.00,80.00,3.00
224394,359.01,-1.27,-1.90,0.77,0.99,2.32,1.76,2.25,4.22,0.00,80.00,3.00
224423,358.99,-1.26,-1.90,0.83,0.97,2.24,1.84,2.24,4.14,0.00,80.00,3.00
224453,359.02,-1.26,-1.90,0.89,0.97,2.19,1.87,2.23,4.09,0.00,80.00,3.00
224482,359.05,-1.27,-1.90,0.80,1.00,2.23,1.74,2.26,4.13,0.00,80.00,3.00
224511,359.09,-1.27,-1.90,0.74,0.95,2.21,1.65,2.22,4.11,0.00,80.00,3.00
224552,359.12,-1.27,-1.90,0.71,0.95,2.26,1.60,2.22,4.16,0.00,80.00,3.00
224598,359.08,-1.27,-1.90,0.67,0.91,2.28,1.59,2.18,4.18,0.00,80.00,3.00
224733,358.97,-1.28,-1.90,0.62,0.93,2.32,1.65,2.21,4.22,0.00,80.00,3.00
224869,359.00,-1.27,-1.90,0.77,1.03,2.25,1.77,2.30,4.15,0.00,80.00,3.00
225009,359.05,-1.28,-1.91,0.78,1.02,2.28,1.73,2.30,4.18,0.00,80.00,3.00
225038,359.12,-1.29,-1.91,0.76,1.06,2.31,1.64,2.34,4.22,0.00,80.00,3.00
225067,359.06,-1.27,-1.91,0.72,1.01,2.29,1.65,2.28,4.20,0.00,80.00,3.00
225100,359.09,-1.28,-1.90,0.68,1.00,2.31,1.59,2.27,4.21,0.00,80.00,3.00
225129,359.08,-1.28,-1.90,0.83,0.98,2.30,1.75,2.26,4.19,0.00,80.00,3.00
225158,359.06,-1.28,-1.89,0.72,0.94,2.39,1.66,2.22,4.28,0.00,80.00,3.00
225187,359.07,-1.29,-1.89,0.73,0.87,2.41,1.66,2.16,4.30,0.00,80.00,3.00
225217,359.04,-1.29,-1.89,0.74,0.88,2.28,1.70,2.17,4.16,0.00,80.00,3.00
225246,359.05,-1.29,-1.89,0.88,0.91,2.42,1.82,2.20,4.31,0.00,80.00,3.00
225275,359.07,-1.28,-1.89,0.74,0.85,2.54,1.66,2.13,4.43,0.00,80.00,3.00
225307,359.10,-1.28,-1.88,0.71,0.83,2.55,1.61,2.10,4.43,0.00,80.00,3.00
225336,359.10,-1.28,-1.88,0.69,0.81,2.53,1.59,2.09,4.41,0.00,80.00,3.00
225366,359.03,-1.27,-1.88,0.81,0.80,2.44,1.78,2.07,4.32,0.00,80.00,3.00
225395,359.08,-1.27,-1.88,0.81,0.87,2.43,1.73,2.14,4.31,0.00,80.00,3.00
225424,359.11,-1.27,-1.88,0.83,0.88,2.34,1.73,2.15,4.22,0.00,80.00,3.00
225453,359.10,-1.28,-1.88,0.75,0.95,2.29,1.64,2.22,4.17,0.00,80.00,3.00
225482,359.05,-1.27,-1.88,0.79,0.95,2.30,1.74,2.23,4.18,0.00,80.00,3.00
225532,359.01,-1.28,-1.89,0.85,0.97,2.34,1.84,2.25,4.23,0.00,80.00,3.00
225561,359.00,-1.27,-1.88,0.75,0.98,2.34,1.74,2.26,4.22,0.00,80.00,3.00
225590,359.10,-1.28,-1.89,0.74,0.94,2.32,1.65,2.21,4.21,0.00,80.00,3.00
225619,359.02,-1.27,-1.89,0.74,0.89,2.37,1.72,2.16,4.26,0.00,80.00,3.00
225649,358.98,-1.27,-1.89,0.72,0.91,2.34,1.75,2.18,4.24,0.00,80.00,3.00
225678,358.98,-1.27,-1.89,0.75,0.90,2.36,1.77,2.17,4.25,0.00,80.00,3.00
225707,358.96,-1.27,-1.89,0.71,0.90,2.33,1.75,2.18,4.22,0.00,80.00,3.00
225739,358.99,-1.27,-1.89,0.72,0.92,2.41,1.73,2.19,4.31,0.00,80.00,3.00
225768,358.97,-1.27,-1.90,0.69,0.96,2.35,1.72,2.23,4.25,0.00,80.00,3.00
225798,358.89,-1.26,-1.90,0.72,0.96,2.34,1.83,2.23,4.24,0.00,80.00,3.00
225827,358.91,-1.26,-1.90,0.67,0.94,2.36,1.76,2.21,4.26,0.00,80.00,3.00
225856,358.85,-1.26,-1.90,0.70,0.92,2.36,1.85,2.18,4.25,0.00,80.00,3.00
225885,358.83,-1.26,-1.90,0.73,0.91,2.31,1.89,2.17,4.21,0.00,80.00,3.00
225914,358.81,-1.25,-1.90,0.76,0.91,2.32,1.95,2.16,4.22,0.00,80.00,3.00
225946,358.80,-1.25,-1.91,0.72,0.92,2.36,1.92,2.16,4.27,0.00,80.00,3.00
225976,358.75,-1.26,-1.91,0.81,0.95,2.33,2.06,2.21,4.24,0.00,80.00,3.00
226005,358.71,-1.25,-1.92,0.84,0.97,2.32,2.13,2.22,4.23,0.00,80.00,3.00
226034,358.71,-1.25,-1.91,0.89,0.99,2.31,2.17,2.25,4.23,0.00,80.00,3.00
226063,358.71,-1.26,-1.92,0.83,1.04,2.33,2.11,2.29,4.25,0.00,80.00,3.00
226109,358.71,-1.26,-1.91,0.92,1.01,2.41,2.21,2.27,4.32,0.00,80.00,3.00
226139,358.76,-1.26,-1.91,0.91,1.01,2.38,2.15,2.27,4.29,0.00,80.00,3.00
226171,358.85,-1.25,-1.91,0.77,0.98,2.37,1.92,2.23,4.28,0.00,80.00,3.00
226200,358.78,-1.26,-1.91,0.72,0.98,2.33,1.93,2.24,4.24,0.00,80.00,3.00
226229,358.77,-1.24,-1.90,0.72,0.94,2.34,1.96,2.18,4.24,0.00,80.00,3.00
226258,358.77,-1.25,-1.90,0.73,0.90,2.33,1.96,2.15,4.24,0.00,80.00,3.00
226287,358.74,-1.25,-1.91,0.67,0.91,2.27,1.94,2.16,4.18,0.00,80.00,3.00
226317,358.76,-1.26,-1.91,0.63,0.88,2.25,1.87,2.14,4.16,0.00,80.00,3.00
226346,358.72,-1.26,-1.91,0.77,0.89,2.35,2.04,2.15,4.27,0.00,80.00,3.00
226378,358.71,-1.27,-1.91,0.79,0.88,2.30,2.08,2.14,4.21,0.00,80.00,3.00
226407,358.69,-1.27,-1.91,0.81,0.85,2.24,2.11,2.12,4.15,0.00,80.00,3.00
226436,358.74,-1.26,-1.91,0.86,0.82,2.29,2.11,2.08,4.21,0.00,80.00,3.00
226465,358.75,-1.26,-1.92,0.87,0.84,2.34,2.12,2.10,4.25,0.00,80.00,3.00
226494,358.70,-1.27,-1.92,0.83,0.87,2.25,2.13,2.14,4.17,0.00,80.00,3.00
226532,358.65,-1.26,-1.91,0.86,0.89,2.29,2.20,2.16,4.19,0.00,80.00,3.00
226561,358.58,-1.26,-1.91,0.91,0.93,2.34,2.34,2.19,4.24,0.00,80.00,3.00
226593,358.56,-1.27,-1.91,1.00,0.97,2.42,2.44,2.24,4.32,0.00,80.00,3.00
226623,358.53,-1.27,-1.91,1.00,1.00,2.41,2.47,2.26,4.32,0.00,80.00,3.00
226652,358.57,-1.26,-1.91,1.00,0.98,2.50,2.43,2.25,4.41,0.00,80.00,3.00
226698,358.59,-1.26,-1.92,0.99,0.97,2.59,2.40,2.23,4.51,0.00,80.00,3.00
226727,358.61,-1.26,-1.92,0.89,0.95,2.67,2.28,2.21,4.59,0.00,80.00,3.00
226756,358.60,-1.26,-1.92,0.80,0.92,2.64,2.20,2.18,4.56,0.00,80.00,3.00
226785,358.59,-1.25,-1.93,0.70,0.92,2.58,2.11,2.17,4.51,0.00,80.00,3.00
226817,358.62,-1.26,-1.93,0.67,0.88,2.54,2.06,2.13,4.47,0.00,80.00,3.00
226847,358.52,-1.26,-1.94,0.66,0.91,2.55,2.14,2.16,4.49,0.00,80.00,3.00
226876,358.49,-1.26,-1.94,0.71,0.90,2.44,2.22,2.16,4.38,0.00,80.00,3.00
226905,358.51,-1.26,-1.93,0.70,0.88,2.38,2.19,2.14,4.31,0.00,80.00,3.00
226934,358.49,-1.25,-1.93,0.77,0.89,2.40,2.28,2.14,4.33,0.00,80.00,3.00
226963,358.50,-1.26,-1.93,0.93,0.89,2.47,2.43,2.15,4.40,0.00,80.00,3.00
226992,358.49,-1.26,-1.92,0.88,0.91,2.41,2.39,2.17,4.33,0.00,80.00,3.00
227025,358.49,-1.27,-1.92,0.89,0.92,2.40,2.41,2.19,4.31,0.00,80.00,3.00
227054,358.53,-1.26,-1.92,0.87,0.96,2.46,2.34,2.23,4.38,0.00,80.00,3.00
227083,358.56,-1.27,-1.92,0.71,0.99,2.46,2.15,2.26,4.39,0.00,80.00,3.00
227112,358.50,-1.27,-1.93,0.61,1.02,2.35,2.11,2.29,4.27,0.00,80.00,3.00
227141,358.57,-1.29,-1.92,0.53,0.92,2.30,1.97,2.21,4.23,0.00,80.00,3.00
227170,358.55,-1.28,-1.93,0.48,0.89,2.32,1.93,2.17,4.25,0.00,80.00,3.00
227199,358.49,-1.28,-1.94,0.49,0.90,2.32,2.00,2.17,4.26,0.00,80.00,3.00
227231,358.47,-1.27,-1.94,0.62,0.88,2.33,2.15,2.16,4.27,0.00,80.00,3.00
227278,358.50,-1.28,-1.94,0.73,0.84,2.35,2.23,2.12,4.29,0.00,80.00,3.00
227307,358.44,-1.28,-1.94,0.75,0.85,2.36,2.31,2.13,4.29,0.00,80.00,3.00
227336,358.52,-1.27,-1.94,0.79,0.82,2.34,2.27,2.10,4.27,0.00,80.00,3.00
227365,358.47,-1.28,-1.93,0.88,0.81,2.29,2.41,2.09,4.22,0.00,80.00,3.00
227394,358.58,-1.28,-1.92,0.90,0.79,2.21,2.32,2.08,4.13,0.00,80.00,3.00
227423,358.57,-1.28,-1.92,0.81,0.80,2.19,2.24,2.08,4.11,0.00,80.00,3.00
227456,358.65,-1.28,-1.92,0.78,0.82,2.22,2.13,2.10,4.14,0.00,80.00,3.00
227485,358.69,-1.29,-1.93,0.81,0.85,2.31,2.13,2.13,4.24,0.00,80.00,3.00
227514,358.72,-1.28,-1.93,0.91,0.91,2.34,2.19,2.19,4.27,0.00,80.00,3.00
227543,358.80,-1.27,-1.92,0.94,0.90,2.50,2.13,2.17,4.43,0.00,80.00,3.00
227572,358.77,-1.27,-1.92,0.97,0.91,2.55,2.20,2.18,4.47,0.00,80.00,3.00
227601,358.76,-1.27,-1.91,0.98,0.91,2.62,2.22,2.18,4.53,0.00,80.00,3.00
227630,358.73,-1.28,-1.91,0.99,0.93,2.55,2.26,2.21,4.46,0.00,80.00,3.00
227662,358.66,-1.28,-1.91,0.84,0.90,2.49,2.19,2.18,4.40,0.00,80.00,3.00
227692,358.66,-1.27,-1.92,0.81,0.92,2.42,2.15,2.20,4.34,0.00,80.00,3.00
227721,358.62,-1.27,-1.92,0.76,0.90,2.33,2.14,2.17,4.25,0.00,80.00,3.00
227750,358.62,-1.28,-1.92,0.79,0.89,2.26,2.17,2.17,4.18,0.00,80.00,3.00
227779,358.63,-1.28,-1.92,0.81,0.87,2.24,2.18,2.15,4.16,0.00,80.00,3.00
227808,358.62,-1.27,-1.92,0.87,0.86,2.31,2.25,2.13,4.23,0.00,80.00,3.00
227855,358.65,-1.27,-1.93,1.02,0.92,2.40,2.38,2.18,4.32,0.00,80.00,3.00
227887,358.71,-1.26,-1.92,1.05,0.93,2.40,2.34,2.19,4.32,0.00,80.00,3.00
227916,358.71,-1.26,-1.92,1.11,0.97,2.40,2.39,2.23,4.32,0.00,80.00,3.00
227945,358.74,-1.26,-1.92,1.02,1.01,2.40,2.28,2.27,4.31,0.00,80.00,3.00
227974,358.78,-1.27,-1.92,1.09,0.99,2.34,2.31,2.25,4.26,0.00,80.00,3.00
228003,358.77,-1.27,-1.91,0.99,0.95,2.28,2.22,2.22,4.20,0.00,80.00,3.00
228032,358.77,-1.26,-1.92,0.89,0.94,2.25,2.12,2.20,4.17,0.00,80.00,3.00
228062,358.79,-1.27,-1.92,0.88,0.94,2.28,2.09,2.21,4.20,0.00,80.00,3.00
228094,358.78,-1.28,-1.92,0.78,0.91,2.30,1.99,2.19,4.22,0.00,80.00,3.00
228123,358.83,-1.28,-1.92,0.73,0.96,2.35,1.89,2.24,4.27,0.00,80.00,3.00
228152,358.92,-1.28,-1.92,0.71,0.97,2.36,1.79,2.25,4.28,0.00,80.00,3.00
228190,358.87,-1.28,-1.92,0.76,0.95,2.36,1.88,2.23,4.28,0.00,80.00,3.00
228219,358.88,-1.28,-1.91,0.74,0.93,2.34,1.86,2.20,4.25,0.00,80.00,3.00
228248,358.93,-1.28,-1.91,0.74,0.92,2.31,1.81,2.20,4.22,0.00,80.00,3.00
228277,358.91,-1.29,-1.91,0.75,0.86,2.34,1.83,2.15,4.25,0.00,80.00,3.00
228309,358.89,-1.29,-1.91,0.69,0.84,2.33,1.80,2.13,4.24,0.00,80.00,3.00
228338,358.89,-1.29,-1.91,0.78,0.90,2.31,1.88,2.19,4.22,0.00,80.00,3.00
228367,358.95,-1.29,-1.90,0.76,0.94,2.33,1.80,2.22,4.23,0.00,80.00,3.00
228396,358.99,-1.28,-1.90,0.75,0.93,2.28,1.76,2.21,4.18,0.00,80.00,3.00
228442,358.96,-1.29,-1.91,0.81,0.90,2.32,1.85,2.19,4.22,0.00,80.00,3.00
228471,358.90,-1.29,-1.91,0.91,0.92,2.34,2.01,2.21,4.25,0.00,80.00,3.00
228501,358.88,-1.29,-1.91,0.86,0.92,2.38,1.98,2.21,4.29,0.00,80.00,3.00
228533,358.92,-1.28,-1.92,0.75,0.86,2.31,1.83,2.14,4.24,0.00,80.00,3.00
228562,358.90,-1.27,-1.93,0.72,0.88,2.33,1.82,2.15,4.25,0.00,80.00,3.00
228591,358.84,-1.28,-1.93,0.69,0.91,2.38,1.85,2.19,4.31,0.00,80.00,3.00
228620,358.87,-1.27,-1.93,0.67,0.98,2.29,1.80,2.25,4.22,0.00,80.00,3.00
228649,358.85,-1.27,-1.92,0.68,1.02,2.26,1.83,2.29,4.18,0.00,80.00,3.00
228678,358.88,-1.26,-1.93,0.75,1.01,2.24,1.88,2.27,4.16,0.00,80.00,3.00
228707,358.92,-1.27,-1.93,0.77,1.02,2.33,1.85,2.29,4.27,0.00,80.00,3.00
228739,358.93,-1.27,-1.92,0.77,1.02,2.28,1.84,2.28,4.21,0.00,80.00,3.00
228769,359.00,-1.26,-1.92,0.78,0.97,2.28,1.78,2.24,4.20,0.00,80.00,3.00
228798,359.01,-1.26,-1.92,0.87,0.89,2.27,1.86,2.15,4.20,0.00,80.00,3.00
228827,359.13,-1.26,-1.92,0.77,0.93,2.28,1.64,2.19,4.20,0.00,80.00,3.00
228856,359.11,-1.26,-1.92,0.86,0.93,2.20,1.75,2.19,4.12,0.00,80.00,3.00
228885,359.18,-1.25,-1.93,0.94,0.94,2.22,1.76,2.19,4.15,0.00,80.00,3.00
228914,359.13,-1.25,-1.93,0.91,0.92,2.28,1.79,2.18,4.22,0.00,80.00,3.00
228946,359.14,-1.26,-1.94,0.85,0.95,2.24,1.71,2.21,4.18,0.00,80.00,3.00
228975,359.09,-1.26,-1.93,0.82,0.98,2.25,1.74,2.24,4.18,0.00,80.00,3.00
229022,359.17,-1.26,-1.93,0.91,0.96,2.25,1.74,2.22,4.18,0.00,80.00,3.00
229051,359.17,-1.26,-1.92,0.86,0.91,2.32,1.68,2.17,4.24,0.00,80.00,3.00
229080,359.09,-1.27,-1.92,0.86,0.95,2.27,1.77,2.22,4.18,0.00,80.00,3.00
229109,359.18,-1.27,-1.92,0.92,1.02,2.25,1.74,2.29,4.17,0.00,80.00,3.00
229138,359.21,-1.27,-1.93,0.78,0.97,2.22,1.58,2.23,4.15,0.00,80.00,3.00
229170,359.27,-1.26,-1.93,0.84,0.96,2.24,1.56,2.22,4.17,0.00,80.00,3.00
229199,359.35,-1.26,-1.93,0.81,0.97,2.29,1.46,2.23,4.21,0.00,80.00,3.00
229228,359.31,-1.27,-1.92,0.79,0.99,2.24,1.49,2.26,4.16,0.00,80.00,3.00
229257,359.38,-1.28,-1.92,0.81,0.96,2.23,1.43,2.24,4.15,0.00,80.00,3.00
229286,359.42,-1.29,-1.92,0.87,0.99,2.33,1.45,2.27,4.25,0.00,80.00,3.00
229315,359.44,-1.29,-1.92,0.83,1.00,2.32,1.39,2.30,4.24,0.00,80.00,3.00
229344,359.50,-1.30,-1.92,0.79,0.98,2.25,1.30,2.28,4.16,0.00,80.00,3.00
229376,359.46,-1.29,-1.91,0.77,0.95,2.28,1.31,2.25,4.20,0.00,80.00,3.00
229406,359.42,-1.29,-1.92,0.72,0.95,2.38,1.30,2.24,4.30,0.00,80.00,3.00
229435,359.42,-1.29,-1.92,0.70,0.98,2.29,1.27,2.27,4.21,0.00,80.00,3.00
229464,359.47,-1.29,-1.92,0.76,0.94,2.37,1.29,2.24,4.29,0.00,80.00,3.00
229493,359.41,-1.29,-1.92,0.72,0.89,2.37,1.31,2.19,4.29,0.00,80.00,3.00
229522,359.46,-1.30,-1.91,0.67,0.93,2.36,1.22,2.23,4.27,0.00,80.00,3.00
229551,359.41,-1.31,-1.91,0.70,0.91,2.29,1.28,2.22,4.20,0.00,80.00,3.00
229600,359.46,-1.30,-1.91,0.76,0.91,2.24,1.29,2.21,4.15,0.00,80.00,3.00
229629,359.52,-1.30,-1.91,0.73,0.89,2.34,1.21,2.18,4.25,0.00,80.00,3.00
229658,359.48,-1.29,-1.91,0.77,0.92,2.26,1.29,2.22,4.17,0.00,80.00,3.00
229687,359.40,-1.29,-1.91,0.86,0.99,2.23,1.46,2.28,4.14,0.00,80.00,3.00
229717,359.42,-1.29,-1.91,0.91,0.96,2.25,1.49,2.25,4.16,0.00,80.00,3.00
229746,359.41,-1.28,-1.91,0.84,0.97,2.29,1.44,2.25,4.20,0.00,80.00,3.00
229775,359.42,-1.28,-1.92,0.83,0.94,2.35,1.42,2.22,4.27,0.00,80.00,3.00
229807,359.43,-1.28,-1.92,0.82,0.86,2.36,1.39,2.14,4.28,0.00,80.00,3.00
229844,359.48,-1.28,-1.92,0.71,0.83,2.38,1.23,2.10,4.29,0.00,80.00,3.00
229873,359.44,-1.28,-1.92,0.66,0.84,2.42,1.22,2.12,4.34,0.00,80.00,3.00
229903,359.43,-1.28,-1.92,0.74,0.92,2.43,1.31,2.20,4.35,0.00,80.00,3.00
229932,359.38,-1.28,-1.92,0.73,0.92,2.36,1.35,2.20,4.29,0.00,80.00,3.00
229961,359.44,-1.28,-1.92,0.75,1.00,2.40,1.31,2.28,4.32,0.00,80.00,3.00
229990,359.47,-1.28,-1.92,0.79,1.03,2.39,1.32,2.31,4.31,0.00,80.00,3.00
230022,359.49,-1.28,-1.91,0.84,0.99,2.40,1.35,2.27,4.31,0.00,80.00,3.00
230051,359.49,-1.28,-1.91,0.88,0.97,2.39,1.39,2.25,4.30,0.00,80.00,3.00
230080,359.51,-1.28,-1.92,0.87,0.94,2.40,1.36,2.22,4.31,0.00,80.00,3.00
230109,359.58,-1.27,-1.91,0.87,0.99,2.34,1.29,2.26,4.26,0.00,80.00,3.00
230138,359.53,-1.27,-1.92,0.84,0.99,2.36,1.31,2.26,4.28,0.00,80.00,3.00
230167,359.50,-1.28,-1.92,0.83,1.05,2.41,1.32,2.33,4.32,0.00,80.00,3.00
230214,359.43,-1.27,-1.92,0.84,1.08,2.46,1.41,2.35,4.37,0.00,80.00,3.00
230246,359.36,-1.27,-1.91,0.86,1.11,2.49,1.50,2.38,4.40,0.00,80.00,3.00
230275,359.44,-1.28,-1.91,0.90,1.08,2.44,1.46,2.36,4.35,0.00,80.00,3.00
230304,359.43,-1.29,-1.91,0.91,1.02,2.47,1.48,2.31,4.38,0.00,80.00,3.00
230333,359.38,-1.29,-1.90,0.93,1.02,2.40,1.55,2.31,4.31,0.00,80.00,3.00
230362,359.37,-1.29,-1.90,0.93,0.98,2.30,1.56,2.27,4.20,0.00,80.00,3.00
230391,359.38,-1.29,-1.91,0.86,0.97,2.28,1.48,2.26,4.19,0.00,80.00,3.00
230420,359.36,-1.30,-1.91,0.70,0.93,2.30,1.34,2.23,4.21,0.00,80.00,3.00
230452,359.36,-1.29,-1.91,0.78,0.93,2.28,1.42,2.22,4.19,0.00,80.00,3.00
230481,359.35,-1.29,-1.91,0.84,0.90,2.33,1.50,2.19,4.23,0.00,80.00,3.00
230510,359.37,-1.30,-1.91,0.85,0.89,2.38,1.48,2.19,4.28,0.00,80.00,3.00
230539,359.32,-1.30,-1.90,0.84,0.88,2.38,1.53,2.18,4.28,0.00,80.00,3.00
230568,359.37,-1.30,-1.89,0.89,0.91,2.37,1.52,2.21,4.26,0.00,80.00,3.00
230597,359.43,-1.30,-1.90,0.87,0.89,2.40,1.44,2.20,4.29,0.00,80.00,3.00
230626,359.35,-1.30,-1.90,0.79,0.93,2.38,1.44,2.23,4.28,0.00,80.00,3.00
230659,359.34,-1.30,-1.89,0.90,0.91,2.36,1.56,2.21,4.25,0.00,80.00,3.00
230688,359.38,-1.31,-1.89,0.91,0.89,2.39,1.53,2.20,4.28,0.00,80.00,3.00
230717,359.35,-1.30,-1.89,0.97,0.93,2.35,1.63,2.23,4.25,0.00,80.00,3.00
230746,359.35,-1.30,-1.89,0.99,0.88,2.41,1.64,2.18,4.30,0.00,80.00,3.00
230792,359.34,-1.29,-1.89,1.03,0.91,2.43,1.68,2.20,4.32,0.00,80.00,3.00
230821,359.36,-1.29,-1.89,0.90,0.91,2.42,1.54,2.20,4.31,0.00,80.00,3.00
230850,359.38,-1.29,-1.90,0.77,0.97,2.39,1.38,2.26,4.28,0.00,80.00,3.00
230882,359.35,-1.29,-1.89,0.85,0.98,2.41,1.51,2.27,4.30,0.00,80.00,3.00
230911,359.33,-1.29,-1.88,0.86,0.96,2.43,1.53,2.25,4.31,0.00,80.00,3.00
230940,359.35,-1.29,-1.88,0.83,0.99,2.41,1.49,2.28,4.29,0.00,80.00,3.00
230969,359.37,-1.29,-1.88,0.85,0.97,2.45,1.47,2.25,4.34,0.00,80.00,3.00
230998,359.29,-1.28,-1.88,0.86,0.92,2.49,1.57,2.20,4.37,0.00,80.00,3.00
231026,359.37,-1.28,-1.88,0.85,0.89,2.50,1.48,2.17,4.38,0.00,80.00,3.00
231055,359.44,-1.27,-1.89,0.69,0.90,2.38,1.26,2.16,4.27,0.00,80.00,3.00
231093,359.52,-1.27,-1.88,0.70,0.89,2.32,1.17,2.17,4.20,0.00,80.00,3.00
231122,359.53,-1.27,-1.87,0.72,0.89,2.22,1.20,2.16,4.10,0.00,80.00,3.00
231150,359.53,-1.27,-1.87,0.73,0.95,2.11,1.20,2.22,3.98,0.00,80.00,3.00
231179,359.53,-1.27,-1.87,0.79,0.99,2.07,1.26,2.26,3.94,0.00,80.00,3.00
231208,359.56,-1.27,-1.87,0.76,1.01,2.12,1.20,2.28,3.99,0.00,80.00,3.00
231237,359.52,-1.28,-1.88,0.77,0.99,2.18,1.25,2.26,4.06,0.00,80.00,3.00
231266,359.52,-1.28,-1.88,0.77,0.97,2.24,1.25,2.25,4.12,0.00,80.00,3.00
231298,359.48,-1.27,-1.87,0.84,0.94,2.35,1.37,2.22,4.22,0.00,80.00,3.00
231345,359.53,-1.27,-1.87,0.88,0.93,2.40,1.34,2.20,4.26,0.00,80.00,3.00
231374,359.55,-1.28,-1.87,0.85,0.90,2.39,1.30,2.18,4.25,0.00,80.00,3.00
231403,359.55,-1.27,-1.86,0.89,0.92,2.30,1.34,2.19,4.16,0.00,80.00,3.00
231432,359.58,-1.27,-1.86,0.78,1.00,2.27,1.20,2.27,4.12,0.00,80.00,3.00
231470,359.62,-1.27,-1.86,0.73,1.00,2.27,1.11,2.26,4.13,0.00,80.00,3.00
231499,359.64,-1.27,-1.86,0.61,1.02,2.26,0.97,2.28,4.11,0.00,80.00,3.00
231531,359.65,-1.27,-1.86,0.65,0.99,2.29,1.00,2.26,4.14,0.00,80.00,3.00
231561,359.66,-1.28,-1.86,0.75,1.02,2.28,1.09,2.30,4.14,0.00,80.00,3.00
231590,359.61,-1.28,-1.87,0.71,0.98,2.31,1.10,2.26,4.18,0.00,80.00,3.00
231619,359.62,-1.28,-1.86,0.82,0.97,2.29,1.20,2.26,4.15,0.00,80.00,3.00
231648,359.58,-1.29,-1.86,0.79,0.98,2.29,1.22,2.26,4.14,0.00,80.00,3.00
231677,359.58,-1.29,-1.85,0.77,0.98,2.33,1.19,2.27,4.17,0.00,80.00,3.00
231707,359.63,-1.29,-1.85,0.68,0.98,2.35,1.05,2.27,4.20,0.00,80.00,3.00
231739,359.64,-1.29,-1.85,0.74,0.96,2.39,1.10,2.25,4.24,0.00,80.00,3.00
231768,359.71,-1.29,-1.85,0.72,0.96,2.39,1.01,2.25,4.23,0.00,80.00,3.00
231797,359.66,-1.29,-1.85,0.74,0.92,2.39,1.08,2.20,4.24,0.00,80.00,3.00
231827,359.60,-1.28,-1.85,0.71,0.90,2.36,1.11,2.18,4.20,0.00,80.00,3.00
231856,359.58,-1.28,-1.85,0.62,0.90,2.27,1.04,2.19,4.12,0.00,80.00,3.00
231885,359.52,-1.29,-1.85,0.76,0.84,2.31,1.24,2.13,4.16,0.00,80.00,3.00
231932,359.52,-1.29,-1.84,0.86,0.86,2.27,1.34,2.15,4.10,0.00,80.00,3.00
231964,359.50,-1.28,-1.84,0.82,0.90,2.27,1.32,2.18,4.11,0.00,80.00,3.00
231993,359.54,-1.28,-1.84,0.80,0.87,2.32,1.26,2.14,4.16,0.00,80.00,3.00
232023,359.55,-1.27,-1.84,0.87,0.89,2.33,1.32,2.17,4.17,0.00,80.00,3.00
232052,359.53,-1.27,-1.84,0.85,0.89,2.36,1.32,2.16,4.20,0.00,80.00,3.00
232081,359.50,-1.26,-1.85,0.79,0.93,2.31,1.29,2.19,4.16,0.00,80.00,3.00
232110,359.53,-1.26,-1.86,0.64,0.87,2.32,1.11,2.13,4.18,0.00,80.00,3.00
232139,359.53,-1.26,-1.86,0.72,0.88,2.38,1.19,2.14,4.24,0.00,80.00,3.00
232171,359.58,-1.26,-1.85,0.80,0.91,2.35,1.22,2.17,4.20,0.00,80.00,3.00
232201,359.55,-1.27,-1.85,0.85,0.93,2.34,1.30,2.20,4.19,0.00,80.00,3.00
232230,359.53,-1.26,-1.85,0.84,0.92,2.40,1.32,2.18,4.25,0.00,80.00,3.00
232259,359.47,-1.26,-1.86,0.93,0.98,2.36,1.45,2.23,4.22,0.00,80.00,3.00
232288,359.47,-1.26,-1.86,0.87,1.00,2.33,1.40,2.25,4.18,0.00,80.00,3.00
232317,359.49,-1.25,-1.86,0.76,0.97,2.29,1.28,2.22,4.15,0.00,80.00,3.00
232347,359.42,-1.26,-1.86,0.74,0.95,2.29,1.32,2.21,4.15,0.00,80.00,3.00
232379,359.41,-1.25,-1.86,0.69,0.96,2.33,1.28,2.21,4.19,0.00,80.00,3.00
232408,359.43,-1.25,-1.85,0.67,0.97,2.31,1.24,2.22,4.16,0.00,80.00,3.00
232437,359.45,-1.26,-1.86,0.63,0.87,2.32,1.17,2.13,4.18,0.00,80.00,3.00
232484,359.49,-1.26,-1.86,0.62,0.91,2.35,1.13,2.17,4.21,0.00,80.00,3.00
232619,359.43,-1.26,-1.87,0.58,0.89,2.34,1.15,2.15,4.21,0.00,80.00,3.00
232755,359.41,-1.26,-1.86,0.60,0.85,2.33,1.19,2.11,4.20,0.00,80.00,3.00
232894,359.35,-1.26,-1.87,0.64,0.82,2.36,1.30,2.08,4.23,0.00,80.00,3.00
232927,359.25,-1.26,-1.87,0.67,0.83,2.35,1.42,2.09,4.22,0.00,80.00,3.00
232956,359.19,-1.26,-1.87,0.67,0.81,2.34,1.48,2.06,4.21,0.00,80.00,3.00
232985,359.15,-1.26,-1.87,0.81,0.81,2.29,1.67,2.06,4.16,0.00,80.00,3.00
233014,359.13,-1.25,-1.87,0.88,0.86,2.30,1.75,2.11,4.17,0.00,80.00,3.00
233044,359.15,-1.25,-1.87,0.95,0.92,2.33,1.80,2.17,4.20,0.00,80.00,3.00
233073,359.15,-1.25,-1.86,0.92,0.96,2.30,1.77,2.20,4.16,0.00,80.00,3.00
233102,359.23,-1.25,-1.86,0.59,0.90,2.29,1.36,2.15,4.15,0.00,80.00,3.00
233134,359.23,-1.25,-1.86,0.62,0.86,2.34,1.39,2.11,4.20,0.00,80.00,3.00
233163,359.26,-1.26,-1.87,0.89,0.83,2.33,1.63,2.08,4.20,0.00,80.00,3.00
233192,359.20,-1.26,-1.87,0.93,0.86,2.27,1.72,2.11,4.15,0.00,80.00,3.00
233221,359.17,-1.25,-1.87,1.02,0.89,2.28,1.85,2.14,4.15,0.00,80.00,3.00
233251,359.18,-1.26,-1.87,0.99,0.89,2.23,1.81,2.15,4.10,0.00,80.00,3.00
233280,359.21,-1.26,-1.88,0.98,0.92,2.20,1.77,2.18,4.07,0.00,80.00,3.00
233309,359.16,-1.26,-1.87,0.95,0.91,2.22,1.78,2.17,4.08,0.00,80.00,3.00
233341,359.17,-1.26,-1.87,0.94,0.92,2.26,1.76,2.18,4.12,0.00,80.00,3.00
233388,359.14,-1.26,-1.86,0.97,0.91,2.24,1.83,2.17,4.09,0.00,80.00,3.00
233417,359.11,-1.26,-1.86,0.94,0.93,2.32,1.83,2.19,4.18,0.00,80.00,3.00
233455,359.15,-1.26,-1.86,0.94,0.90,2.36,1.79,2.16,4.22,0.00,80.00,3.00
233484,359.09,-1.26,-1.85,0.93,0.96,2.36,1.83,2.21,4.21,0.00,80.00,3.00
233513,359.13,-1.26,-1.85,0.96,0.98,2.38,1.83,2.24,4.23,0.00,80.00,3.00
233542,359.17,-1.25,-1.84,1.04,0.95,2.38,1.87,2.21,4.23,0.00,80.00,3.00
233574,359.13,-1.25,-1.85,0.98,0.95,2.33,1.85,2.20,4.17,0.00,80.00,3.00
233603,359.20,-1.26,-1.85,1.02,0.91,2.27,1.82,2.17,4.12,0.00,80.00,3.00
233633,359.19,-1.26,-1.85,0.92,0.93,2.21,1.72,2.18,4.06,0.00,80.00,3.00
233662,359.18,-1.26,-1.85,0.81,0.92,2.28,1.63,2.17,4.12,0.00,80.00,3.00
233691,359.16,-1.25,-1.85,0.74,0.94,2.24,1.57,2.20,4.09,0.00,80.00,3.00
233720,359.19,-1.25,-1.84,0.76,0.92,2.41,1.57,2.17,4.25,0.00,80.00,3.00
233749,359.20,-1.25,-1.85,0.74,0.92,2.41,1.54,2.17,4.26,0.00,80.00,3.00
233781,359.18,-1.25,-1.85,0.89,0.91,2.45,1.71,2.15,4.30,0.00,80.00,3.00
233811,359.24,-1.25,-1.84,0.98,0.89,2.35,1.74,2.14,4.20,0.00,80.00,3.00
233840,359.19,-1.26,-1.84,0.93,0.90,2.35,1.74,2.16,4.19,0.00,80.00,3.00
233869,359.19,-1.26,-1.84,0.95,0.94,2.33,1.76,2.20,4.17,0.00,80.00,3.00
233898,359.17,-1.27,-1.84,0.98,0.98,2.30,1.81,2.25,4.14,0.00,80.00,3.00
233927,359.13,-1.27,-1.83,0.93,1.00,2.29,1.80,2.27,4.12,0.00,80.00,3.00
233974,359.06,-1.27,-1.83,0.87,1.03,2.37,1.81,2.30,4.20,0.00,80.00,3.00
234006,359.07,-1.26,-1.83,0.81,1.06,2.32,1.74,2.32,4.15,0.00,80.00,3.00
234035,359.03,-1.26,-1.84,0.86,1.07,2.32,1.83,2.33,4.16,0.00,80.00,3.00
234065,358.99,-1.27,-1.84,0.85,1.04,2.39,1.86,2.31,4.23,0.00,80.00,3.00
234094,359.00,-1.26,-1.84,0.85,1.01,2.38,1.85,2.27,4.22,0.00,80.00,3.00
234123,359.06,-1.27,-1.84,0.88,1.00,2.42,1.82,2.26,4.26,0.00,80.00,3.00
234152,359.11,-1.26,-1.84,0.89,1.00,2.37,1.79,2.26,4.21,0.00,80.00,3.00
234181,359.05,-1.27,-1.84,0.95,0.99,2.41,1.89,2.25,4.24,0.00,80.00,3.00
234213,359.08,-1.26,-1.83,0.99,0.91,2.37,1.92,2.17,4.21,0.00,80.00,3.00
234242,359.11,-1.26,-1.84,1.00,0.87,2.36,1.89,2.13,4.19,0.00,80.00,3.00
234272,359.15,-1.26,-1.85,0.94,0.86,2.27,1.80,2.12,4.11,0.00,80.00,3.00
234301,359.16,-1.26,-1.84,0.95,0.86,2.23,1.79,2.11,4.07,0.00,80.00,3.00
234330,359.13,-1.26,-1.84,0.91,0.86,2.24,1.77,2.12,4.08,0.00,80.00,3.00
234359,359.19,-1.26,-1.84,0.79,0.90,2.26,1.60,2.15,4.10,0.00,80.00,3.00
234388,359.24,-1.26,-1.84,0.77,0.91,2.26,1.53,2.17,4.10,0.00,80.00,3.00
234420,359.23,-1.26,-1.84,0.78,0.91,2.26,1.54,2.17,4.10,0.00,80.00,3.00
234450,359.21,-1.26,-1.85,0.80,0.94,2.25,1.59,2.20,4.09,0.00,80.00,3.00
234479,359.22,-1.27,-1.84,0.88,0.92,2.26,1.66,2.18,4.10,0.00,80.00,3.00
234526,359.25,-1.26,-1.85,0.95,0.90,2.26,1.70,2.16,4.11,0.00,80.00,3.00
234555,359.25,-1.27,-1.85,0.95,0.88,2.34,1.70,2.15,4.18,0.00,80.00,3.00
234584,359.25,-1.27,-1.85,0.98,0.88,2.37,1.73,2.16,4.22,0.00,80.00,3.00
234613,359.20,-1.28,-1.85,0.98,0.91,2.36,1.78,2.19,4.21,0.00,80.00,3.00
234645,359.16,-1.28,-1.85,1.00,0.88,2.44,1.84,2.16,4.29,0.00,80.00,3.00
234674,359.17,-1.27,-1.85,0.97,0.90,2.44,1.80,2.18,4.29,0.00,80.00,3.00
234704,359.11,-1.28,-1.85,0.88,0.84,2.38,1.77,2.11,4.23,0.00,80.00,3.00
234733,359.12,-1.28,-1.85,0.93,0.90,2.23,1.81,2.18,4.08,0.00,80.00,3.00
234762,359.12,-1.29,-1.85,0.91,0.92,2.22,1.79,2.21,4.08,0.00,80.00,3.00
234791,359.07,-1.27,-1.85,0.82,0.95,2.17,1.74,2.23,4.02,0.00,80.00,3.00
234820,359.03,-1.27,-1.86,0.70,0.97,2.20,1.66,2.24,4.06,0.00,80.00,3.00
234852,359.07,-1.27,-1.87,0.73,1.05,2.19,1.66,2.32,4.05,0.00,80.00,3.00
234882,359.01,-1.27,-1.87,0.84,1.08,2.26,1.83,2.35,4.13,0.00,80.00,3.00
234911,359.01,-1.26,-1.88,0.84,1.07,2.27,1.83,2.34,4.16,0.00,80.00,3.00
234940,359.03,-1.26,-1.89,0.79,1.00,2.26,1.76,2.26,4.15,0.00,80.00,3.00
234969,358.95,-1.26,-1.89,0.95,0.99,2.38,1.99,2.25,4.27,0.00,80.00,3.00
234998,358.99,-1.26,-1.89,1.00,0.94,2.36,2.01,2.20,4.25,0.00,80.00,3.00
235027,358.93,-1.26,-1.89,0.96,0.99,2.42,2.03,2.25,4.31,0.00,80.00,3.00
235059,358.92,-1.26,-1.89,0.87,0.99,2.40,1.95,2.25,4.29,0.00,80.00,3.00
235115,358.93,-1.25,-1.89,0.84,0.96,2.43,1.91,2.22,4.33,0.00,80.00,3.00
235144,358.93,-1.26,-1.89,0.83,1.00,2.43,1.90,2.26,4.32,0.00,80.00,3.00
235173,358.92,-1.26,-1.90,0.64,1.05,2.37,1.72,2.31,4.26,0.00,80.00,3.00
235202,359.03,-1.26,-1.90,0.60,1.03,2.42,1.57,2.29,4.32,0.00,80.00,3.00
235231,359.09,-1.26,-1.90,0.64,0.93,2.39,1.55,2.19,4.29,0.00,80.00,3.00
235260,359.10,-1.26,-1.91,0.63,0.87,2.40,1.53,2.13,4.31,0.00,80.00,3.00
235292,359.15,-1.26,-1.91,0.68,0.89,2.37,1.53,2.15,4.28,0.00,80.00,3.00
235321,359.12,-1.26,-1.91,0.78,0.87,2.43,1.66,2.14,4.34,0.00,80.00,3.00
235350,359.08,-1.26,-1.92,0.82,0.91,2.41,1.74,2.17,4.33,0.00,80.00,3.00
235379,359.14,-1.25,-1.92,0.81,0.96,2.46,1.67,2.21,4.38,0.00,80.00,3.00
235408,359.15,-1.25,-1.92,0.82,0.97,2.48,1.67,2.22,4.40,0.00,80.00,3.00
235437,359.20,-1.24,-1.93,0.83,0.98,2.51,1.63,2.23,4.43,0.00,80.00,3.00
235467,359.25,-1.24,-1.93,0.80,1.00,2.46,1.55,2.25,4.39,0.00,80.00,3.00
235499,359.22,-1.25,-1.93,0.86,1.01,2.48,1.64,2.25,4.41,0.00,80.00,3.00
235528,359.19,-1.25,-1.93,0.84,0.98,2.44,1.65,2.23,4.36,0.00,80.00,3.00
235557,359.23,-1.25,-1.92,0.94,0.98,2.41,1.71,2.23,4.33,0.00,80.00,3.00
235586,359.30,-1.25,-1.92,0.91,0.98,2.41,1.61,2.23,4.34,0.00,80.00,3.00
235615,359.27,-1.25,-1.93,0.87,0.96,2.43,1.59,2.22,4.36,0.00,80.00,3.00
235644,359.25,-1.25,-1.93,0.85,0.91,2.42,1.60,2.16,4.35,0.00,80.00,3.00
235691,359.31,-1.26,-1.93,0.83,0.92,2.41,1.52,2.18,4.34,0.00,80.00,3.00
235723,359.37,-1.25,-1.93,0.82,0.96,2.46,1.45,2.21,4.39,0.00,80.00,3.00
235753,359.41,-1.24,-1.94,0.79,0.98,2.49,1.39,2.22,4.43,0.00,80.00,3.00
235782,359.36,-1.24,-1.93,0.82,1.00,2.50,1.46,2.24,4.44,0.00,80.00,3.00
235811,359.35,-1.25,-1.92,0.88,0.98,2.47,1.52,2.23,4.39,0.00,80.00,3.00
235840,359.36,-1.25,-1.92,0.81,0.97,2.52,1.45,2.22,4.45,0.00,80.00,3.00
235869,359.37,-1.25,-1.92,0.81,0.95,2.54,1.44,2.21,4.46,0.00,80.00,3.00
235898,359.33,-1.25,-1.93,0.82,0.92,2.44,1.49,2.17,4.36,0.00,80.00,3.00
235930,359.31,-1.25,-1.92,0.89,0.92,2.43,1.58,2.17,4.35,0.00,80.00,3.00
235959,359.34,-1.25,-1.92,0.73,0.91,2.38,1.39,2.16,4.30,0.00,80.00,3.00
235988,359.40,-1.26,-1.92,0.79,0.92,2.34,1.39,2.18,4.26,0.00,80.00,3.00
236018,359.41,-1.25,-1.92,0.80,0.92,2.35,1.39,2.17,4.27,0.00,80.00,3.00
236047,359.43,-1.25,-1.92,0.81,0.93,2.35,1.38,2.19,4.26,0.00,80.00,3.00
236076,359.39,-1.25,-1.91,0.77,0.87,2.33,1.38,2.13,4.25,0.00,80.00,3.00
236105,359.43,-1.26,-1.91,0.90,0.88,2.32,1.47,2.14,4.23,0.00,80.00,3.00
236137,359.52,-1.24,-1.92,0.98,0.91,2.26,1.46,2.15,4.18,0.00,80.00,3.00
236166,359.54,-1.25,-1.91,0.94,0.90,2.32,1.40,2.15,4.23,0.00,80.00,3.00
236195,359.52,-1.25,-1.92,0.91,0.88,2.37,1.39,2.13,4.28,0.00,80.00,3.00
236242,359.51,-1.25,-1.91,0.90,0.92,2.36,1.40,2.17,4.27,0.00,80.00,3.00
236271,359.53,-1.24,-1.90,0.93,0.93,2.43,1.40,2.17,4.33,0.00,80.00,3.00
236300,359.51,-1.24,-1.90,0.93,0.92,2.45,1.42,2.16,4.35,0.00,80.00,3.00
236329,359.58,-1.24,-1.90,0.83,0.91,2.41,1.25,2.16,4.31,0.00,80.00,3.00
236361,359.54,-1.24,-1.90,0.85,0.94,2.32,1.31,2.18,4.21,0.00,80.00,3.00
236390,359.55,-1.25,-1.90,0.88,0.93,2.29,1.33,2.17,4.18,0.00,80.00,3.00
236420,359.59,-1.25,-1.90,0.77,0.91,2.21,1.18,2.16,4.11,0.00,80.00,3.00
236449,359.61,-1.25,-1.90,0.70,0.95,2.13,1.09,2.20,4.03,0.00,80.00,3.00
236478,359.66,-1.25,-1.89,0.80,0.96,2.13,1.14,2.21,4.02,0.00,80.00,3.00
236507,359.76,-1.25,-1.89,0.81,0.96,2.19,1.05,2.21,4.08,0.00,80.00,3.00
236536,359.80,-1.25,-1.90,0.86,0.97,2.23,1.06,2.23,4.13,0.00,80.00,3.00
236568,359.86,-1.26,-1.90,0.97,1.04,2.24,1.11,2.30,4.14,0.00,80.00,3.00
236597,359.81,-1.26,-1.91,1.05,1.03,2.29,1.24,2.29,4.20,0.00,80.00,3.00
236626,359.83,-1.26,-1.91,0.98,1.00,2.36,1.15,2.26,4.26,0.00,80.00,3.00
236655,359.81,-1.26,-1.91,0.95,1.00,2.31,1.15,2.26,4.22,0.00,80.00,3.00
236684,359.79,-1.26,-1.91,0.85,1.00,2.31,1.07,2.25,4.22,0.00,80.00,3.00
236713,359.68,-1.26,-1.91,0.84,0.96,2.38,1.16,2.22,4.29,0.00,80.00,3.00
236743,359.71,-1.25,-1.91,0.77,0.93,2.41,1.06,2.18,4.32,0.00,80.00,3.00
236793,359.75,-1.26,-1.91,0.78,0.94,2.37,1.03,2.20,4.28,0.00,80.00,3.00
236840,359.78,-1.26,-1.91,0.89,0.96,2.33,1.11,2.22,4.24,0.00,80.00,3.00
236869,359.83,-1.26,-1.91,0.92,0.96,2.37,1.10,2.22,4.27,0.00,80.00,3.00
236898,359.85,-1.26,-1.90,0.98,0.93,2.31,1.14,2.19,4.21,0.00,80.00,3.00
236927,359.79,-1.28,-1.90,0.99,0.92,2.32,1.21,2.20,4.23,0.00,80.00,3.00
236956,359.77,-1.28,-1.90,1.00,0.93,2.37,1.23,2.21,4.27,0.00,80.00,3.00
236985,359.79,-1.28,-1.90,0.99,0.86,2.42,1.20,2.15,4.33,0.00,80.00,3.00
237017,359.76,-1.28,-1.90,0.98,0.87,2.41,1.22,2.15,4.31,0.00,80.00,3.00
237046,359.76,-1.28,-1.91,1.03,0.86,2.47,1.27,2.14,4.38,0.00,80.00,3.00
237075,359.77,-1.29,-1.92,0.99,0.89,2.43,1.21,2.18,4.35,0.00,80.00,3.00
237104,359.75,-1.28,-1.91,0.98,0.91,2.40,1.23,2.19,4.31,0.00,80.00,3.00
237133,359.75,-1.28,-1.91,0.90,0.94,2.40,1.15,2.22,4.31,0.00,80.00,3.00
237162,359.75,-1.28,-1.91,0.87,0.95,2.38,1.12,2.23,4.29,0.00,80.00,3.00
237191,359.84,-1.29,-1.91,0.86,0.99,2.44,1.02,2.27,4.35,0.00,80.00,3.00
237224,359.83,-1.29,-1.91,0.81,0.99,2.41,0.98,2.28,4.32,0.00,80.00,3.00
237253,359.84,-1.29,-1.91,0.75,0.96,2.36,0.91,2.25,4.27,0.00,80.00,3.00
237282,359.82,-1.29,-1.92,0.80,0.98,2.36,0.98,2.27,4.28,0.00,80.00,3.00
237311,359.88,-1.29,-1.92,0.84,0.95,2.35,0.96,2.24,4.28,0.00,80.00,3.00
237340,359.84,-1.28,-1.92,0.90,0.98,2.32,1.06,2.26,4.24,0.00,80.00,3.00
237369,359.87,-1.28,-1.93,0.93,0.91,2.19,1.06,2.19,4.12,0.00,80.00,3.00
237416,359.92,-1.28,-1.92,1.00,0.93,2.27,1.08,2.21,4.19,0.00,80.00,3.00
237448,359.93,-1.29,-1.92,1.03,0.98,2.24,1.09,2.27,4.16,0.00,80.00,3.00
237477,359.95,-1.29,-1.92,1.05,0.97,2.24,1.10,2.25,4.16,0.00,80.00,3.00
237506,359.96,-1.28,-1.93,1.05,0.99,2.28,1.09,2.27,4.21,0.00,80.00,3.00
237535,359.98,-1.28,-1.93,0.99,1.00,2.28,1.00,2.27,4.21,0.00,80.00,3.00
237564,359.99,-1.28,-1.94,0.89,1.09,2.34,0.90,2.37,4.28,0.00,80.00,3.00
237593,359.93,-1.29,-1.93,0.88,1.05,2.23,0.95,2.34,4.17,0.00,80.00,3.00
237622,359.93,-1.29,-1.93,0.84,1.03,2.31,0.91,2.31,4.24,0.00,80.00,3.00
237654,359.89,-1.28,-1.94,0.86,1.04,2.33,0.97,2.32,4.27,0.00,80.00,3.00
237683,359.84,-1.28,-1.94,0.82,1.00,2.30,0.98,2.28,4.24,0.00,80.00,3.00
237712,359.83,-1.29,-1.94,0.87,0.91,2.33,1.04,2.20,4.27,0.00,80.00,3.00
237741,359.82,-1.29,-1.94,0.92,0.97,2.35,1.10,2.27,4.29,0.00,80.00,3.00
237770,359.84,-1.29,-1.95,0.88,0.98,2.33,1.05,2.27,4.27,0.00,80.00,3.00
237799,359.83,-1.29,-1.95,0.87,0.94,2.34,1.04,2.23,4.28,0.00,80.00,3.00
237828,359.86,-1.29,-1.95,0.77,0.95,2.37,0.92,2.24,4.32,0.00,80.00,3.00
237860,359.83,-1.29,-1.95,0.75,0.97,2.38,0.92,2.26,4.33,0.00,80.00,3.00
237890,359.85,-1.29,-1.94,0.76,0.99,2.38,0.91,2.28,4.33,0.00,80.00,3.00
237919,359.84,-1.29,-1.94,0.68,0.85,2.40,0.84,2.14,4.35,0.00,80.00,3.00
237965,359.88,-1.29,-1.94,0.65,0.86,2.36,0.77,2.15,4.30,0.00,80.00,3.00
237994,359.87,-1.29,-1.94,0.66,0.90,2.32,0.78,2.20,4.27,0.00,80.00,3.00
238023,359.86,-1.29,-1.95,0.73,0.89,2.34,0.88,2.18,4.28,0.00,80.00,3.00
238052,359.82,-1.29,-1.94,0.71,0.86,2.34,0.89,2.15,4.28,0.00,80.00,3.00
238084,359.82,-1.29,-1.93,0.75,0.87,2.33,0.93,2.16,4.26,0.00,80.00,3.00
238113,359.85,-1.29,-1.93,0.76,0.86,2.36,0.91,2.15,4.29,0.00,80.00,3.00
238142,359.87,-1.28,-1.93,0.81,0.83,2.39,0.94,2.12,4.31,0.00,80.00,3.00
238171,359.82,-1.29,-1.93,0.77,0.79,2.36,0.95,2.07,4.29,0.00,80.00,3.00
238200,359.81,-1.29,-1.93,0.79,0.82,2.36,0.98,2.11,4.29,0.00,80.00,3.00
238228,359.75,-1.30,-1.93,0.87,0.82,2.31,1.12,2.12,4.24,0.00,80.00,3.00
238257,359.75,-1.30,-1.93,0.91,0.84,2.33,1.16,2.14,4.25,0.00,80.00,3.00
238285,359.71,-1.30,-1.93,0.87,0.89,2.31,1.15,2.19,4.24,0.00,80.00,3.00
238313,359.68,-1.30,-1.92,0.92,0.91,2.32,1.25,2.21,4.24,0.00,80.00,3.00
238342,359.60,-1.31,-1.92,0.96,0.86,2.25,1.37,2.17,4.17,0.00,80.00,3.00
238371,359.56,-1.30,-1.92,0.94,0.84,2.26,1.38,2.14,4.18,0.00,80.00,3.00
238400,359.53,-1.29,-1.92,0.88,0.84,2.24,1.35,2.13,4.15,0.00,80.00,3.00
238429,359.53,-1.29,-1.92,0.96,0.84,2.25,1.43,2.12,4.17,0.00,80.00,3.00
238466,359.48,-1.29,-1.92,0.98,0.80,2.25,1.50,2.08,4.17,0.00,80.00,3.00
238495,359.41,-1.28,-1.92,0.93,0.75,2.25,1.52,2.03,4.17,0.00,80.00,3.00
238575,359.34,-1.29,-1.91,0.86,0.76,2.36,1.52,2.05,4.27,0.00,80.00,3.00
238604,359.30,-1.30,-1.90,0.92,0.81,2.35,1.61,2.10,4.25,0.00,80.00,3.00
238633,359.26,-1.30,-1.90,0.83,0.83,2.49,1.57,2.12,4.38,0.00,80.00,3.00
238663,359.27,-1.31,-1.90,0.78,0.85,2.45,1.51,2.16,4.35,0.00,80.00,3.00
238692,359.25,-1.30,-1.90,0.73,0.90,2.47,1.48,2.20,4.37,0.00,80.00,3.00
238721,359.26,-1.30,-1.90,0.75,0.92,2.50,1.49,2.22,4.40,0.00,80.00,3.00
238750,359.25,-1.29,-1.90,0.74,0.93,2.43,1.50,2.22,4.32,0.00,80.00,3.00
238782,359.16,-1.29,-1.90,0.71,0.98,2.37,1.55,2.27,4.27,0.00,80.00,3.00
238812,359.14,-1.29,-1.89,0.78,1.00,2.31,1.63,2.29,4.20,0.00,80.00,3.00
238841,359.09,-1.29,-1.88,0.81,1.06,2.25,1.72,2.35,4.13,0.00,80.00,3.00
238870,359.03,-1.29,-1.88,0.81,1.05,2.26,1.78,2.35,4.14,0.00,80.00,3.00
238899,358.99,-1.29,-1.88,0.80,1.04,2.28,1.81,2.33,4.16,0.00,80.00,3.00
238929,358.97,-1.29,-1.88,0.80,1.03,2.27,1.83,2.32,4.14,0.00,80.00,3.00
238958,358.90,-1.29,-1.88,0.88,1.04,2.26,1.98,2.33,4.14,0.00,80.00,3.00
238990,358.94,-1.28,-1.88,0.88,1.09,2.23,1.94,2.38,4.11,0.00,80.00,3.00
239019,358.95,-1.29,-1.88,0.80,1.07,2.30,1.85,2.36,4.18,0.00,80.00,3.00
239048,358.96,-1.28,-1.87,0.96,1.06,2.34,2.01,2.34,4.21,0.00,80.00,3.00
239077,358.91,-1.28,-1.87,0.93,1.06,2.37,2.02,2.34,4.24,0.00,80.00,3.00
239107,358.88,-1.28,-1.87,0.90,1.03,2.40,2.02,2.31,4.27,0.00,80.00,3.00
239136,358.90,-1.28,-1.87,0.79,1.02,2.44,1.89,2.30,4.31,0.00,80.00,3.00
239165,358.90,-1.28,-1.87,0.90,0.98,2.41,2.00,2.26,4.28,0.00,80.00,3.00
239197,358.91,-1.29,-1.85,0.88,1.02,2.34,1.97,2.31,4.19,0.00,80.00,3.00
239226,358.95,-1.29,-1.85,0.83,0.98,2.32,1.88,2.26,4.18,0.00,80.00,3.00
239256,358.89,-1.28,-1.85,0.85,0.92,2.36,1.95,2.20,4.21,0.00,80.00,3.00
239285,358.90,-1.28,-1.85,0.81,0.97,2.36,1.91,2.24,4.21,0.00,80.00,3.00
239314,358.96,-1.28,-1.86,0.79,0.95,2.35,1.83,2.23,4.21,0.00,80.00,3.00
239343,359.00,-1.28,-1.86,0.79,0.91,2.38,1.79,2.19,4.24,0.00,80.00,3.00
239373,358.94,-1.29,-1.87,0.79,0.93,2.36,1.85,2.22,4.22,0.00,80.00,3.00
239466,359.01,-1.29,-1.86,0.75,0.92,2.37,1.74,2.20,4.23,0.00,80.00,3.00
239600,358.99,-1.28,-1.87,0.71,0.92,2.37,1.72,2.20,4.24,0.00,80.00,3.00
239738,358.97,-1.28,-1.87,0.72,0.84,2.38,1.75,2.13,4.25,0.00,80.00,3.00
239823,358.95,-1.29,-1.87,0.71,0.83,2.44,1.76,2.11,4.30,0.00,80.00,3.00
239852,358.92,-1.28,-1.86,0.70,0.81,2.45,1.78,2.09,4.31,0.00,80.00,3.00
239882,358.91,-1.29,-1.85,0.80,0.77,2.46,1.88,2.06,4.32,0.00,80.00,3.00
239911,358.93,-1.29,-1.86,0.84,0.73,2.41,1.91,2.02,4.27,0.00,80.00,3.00
239943,358.84,-1.28,-1.87,0.93,0.73,2.47,2.09,2.02,4.34,0.00,80.00,3.00
239972,358.79,-1.29,-1.87,0.90,0.76,2.51,2.11,2.04,4.38,0.00,80.00,3.00
240001,358.78,-1.29,-1.87,0.83,0.82,2.46,2.05,2.11,4.32,0.00,80.00,3.00
240030,358.83,-1.29,-1.87,0.59,0.96,2.20,1.77,2.24,4.07,0.00,80.00,3.00
240060,358.82,-1.29,-1.87,0.73,0.88,2.43,1.91,2.17,4.30,0.00,80.00,3.00
240089,358.89,-1.27,-1.87,0.70,0.87,2.31,1.81,2.14,4.18,0.00,80.00,3.00
240118,358.86,-1.28,-1.86,0.66,0.93,2.36,1.81,2.21,4.22,0.00,80.00,3.00
240150,358.87,-1.27,-1.86,0.60,0.93,2.44,1.73,2.21,4.30,0.00,80.00,3.00
240179,358.86,-1.27,-1.86,0.56,0.96,2.33,1.69,2.23,4.19,0.00,80.00,3.00
240209,358.86,-1.26,-1.87,0.53,0.99,2.28,1.66,2.26,4.15,0.00,80.00,3.00
240238,358.84,-1.27,-1.87,0.59,0.99,2.33,1.75,2.25,4.20,0.00,80.00,3.00
240267,358.90,-1.27,-1.87,0.68,0.95,2.30,1.79,2.22,4.17,0.00,80.00,3.00
240296,358.95,-1.27,-1.87,0.75,0.93,2.28,1.80,2.21,4.15,0.00,80.00,3.00
240326,358.99,-1.27,-1.86,0.78,0.97,2.26,1.79,2.24,4.13,0.00,80.00,3.00
240358,358.99,-1.28,-1.87,0.76,0.95,2.33,1.77,2.23,4.20,0.00,80.00,3.00
240387,359.04,-1.27,-1.87,0.82,0.89,2.38,1.78,2.16,4.25,0.00,80.00,3.00
240416,359.05,-1.26,-1.88,0.89,0.90,2.39,1.84,2.16,4.27,0.00,80.00,3.00
240454,359.09,-1.27,-1.89,0.94,1.02,2.36,1.84,2.29,4.25,0.00,80.00,3.00
240483,359.08,-1.27,-1.88,0.85,1.03,2.36,1.77,2.30,4.25,0.00,80.00,3.00
240512,359.13,-1.27,-1.89,0.85,1.02,2.39,1.72,2.29,4.28,0.00,80.00,3.00
240549,359.12,-1.27,-1.89,0.86,1.04,2.36,1.73,2.31,4.25,0.00,80.00,3.00
240581,359.06,-1.27,-1.89,0.82,1.03,2.31,1.76,2.30,4.20,0.00,80.00,3.00
240611,359.07,-1.27,-1.88,0.73,1.04,2.34,1.66,2.31,4.22,0.00,80.00,3.00
240640,359.00,-1.27,-1.88,0.81,0.93,2.38,1.81,2.20,4.26,0.00,80.00,3.00
240669,359.09,-1.27,-1.89,0.84,0.89,2.41,1.75,2.16,4.30,0.00,80.00,3.00
240698,359.06,-1.27,-1.87,0.90,0.87,2.39,1.84,2.15,4.26,0.00,80.00,3.00
240727,359.10,-1.27,-1.88,0.84,0.83,2.38,1.73,2.10,4.26,0.00,80.00,3.00
240756,359.05,-1.27,-1.89,0.84,0.79,2.38,1.79,2.07,4.27,0.00,80.00,3.00
240788,358.99,-1.28,-1.89,0.88,0.83,2.36,1.89,2.11,4.26,0.00,80.00,3.00
240818,358.92,-1.28,-1.90,0.83,0.84,2.28,1.91,2.12,4.17,0.00,80.00,3.00
240847,358.90,-1.28,-1.90,0.77,0.88,2.27,1.88,2.16,4.17,0.00,80.00,3.00
240876,358.90,-1.28,-1.91,0.79,0.92,2.25,1.89,2.20,4.16,0.00,80.00,3.00
240905,358.91,-1.28,-1.90,0.76,0.96,2.27,1.85,2.24,4.17,0.00,80.00,3.00
240934,358.91,-1.29,-1.90,0.73,0.93,2.29,1.82,2.22,4.18,0.00,80.00,3.00
240964,358.87,-1.29,-1.90,0.65,0.92,2.29,1.78,2.21,4.19,0.00,80.00,3.00
240996,358.87,-1.28,-1.91,0.61,0.94,2.32,1.75,2.22,4.23,0.00,80.00,3.00
241025,358.85,-1.28,-1.92,0.66,0.92,2.32,1.81,2.19,4.24,0.00,80.00,3.00
241054,358.84,-1.27,-1.92,0.74,0.93,2.34,1.90,2.20,4.26,0.00,80.00,3.00
241083,358.85,-1.28,-1.93,0.78,0.94,2.34,1.94,2.23,4.27,0.00,80.00,3.00
241112,358.84,-1.28,-1.95,0.73,0.96,2.35,1.89,2.24,4.30,0.00,80.00,3.00
241142,358.84,-1.27,-1.94,0.82,0.89,2.38,1.98,2.16,4.33,0.00,80.00,3.00
241171,358.77,-1.27,-1.94,0.87,0.94,2.42,2.10,2.21,4.36,0.00,80.00,3.00
241203,358.74,-1.27,-1.94,0.86,0.95,2.45,2.12,2.22,4.39,0.00,80.00,3.00
241232,358.66,-1.26,-1.95,0.83,0.95,2.42,2.16,2.21,4.36,0.00,80.00,3.00
241261,358.72,-1.26,-1.95,0.91,0.98,2.36,2.19,2.24,4.31,0.00,80.00,3.00
241290,358.77,-1.25,-1.95,0.96,1.03,2.34,2.19,2.28,4.29,0.00,80.00,3.00
241328,358.70,-1.25,-1.96,0.87,1.04,2.27,2.17,2.29,4.22,0.00,80.00,3.00
241357,358.69,-1.26,-1.96,0.79,1.00,2.25,2.10,2.26,4.20,0.00,80.00,3.00
241386,358.69,-1.26,-1.96,0.77,0.98,2.29,2.07,2.24,4.25,0.00,80.00,3.00
241418,358.67,-1.26,-1.97,0.76,0.98,2.42,2.10,2.24,4.39,0.00,80.00,3.00
241447,358.68,-1.27,-1.97,0.71,0.96,2.44,2.02,2.22,4.41,0.00,80.00,3.00
241476,358.72,-1.27,-1.97,0.80,0.98,2.42,2.08,2.25,4.39,0.00,80.00,3.00
241506,358.69,-1.27,-1.97,0.94,0.94,2.42,2.25,2.21,4.39,0.00,80.00,3.00
241535,358.68,-1.26,-1.97,0.96,0.93,2.47,2.28,2.19,4.45,0.00,80.00,3.00
241564,358.74,-1.26,-1.97,0.93,0.90,2.42,2.18,2.17,4.39,0.00,80.00,3.00
241593,358.69,-1.27,-1.97,0.84,0.85,2.40,2.15,2.12,4.37,0.00,80.00,3.00
241625,358.77,-1.26,-1.98,0.76,0.84,2.43,1.99,2.10,4.40,0.00,80.00,3.00
241654,358.77,-1.27,-1.98,0.74,0.81,2.46,1.97,2.08,4.44,0.00,80.00,3.00
241683,358.76,-1.27,-1.98,0.71,0.85,2.47,1.95,2.12,4.45,0.00,80.00,3.00
241712,358.77,-1.27,-1.99,0.75,0.88,2.39,1.97,2.15,4.37,0.00,80.00,3.00
241742,358.84,-1.26,-1.99,0.79,0.92,2.38,1.94,2.18,4.37,0.00,80.00,3.00
241771,358.81,-1.26,-1.99,0.91,0.93,2.35,2.09,2.19,4.33,0.00,80.00,3.00
241800,358.80,-1.25,-1.99,0.82,0.92,2.32,2.02,2.17,4.30,0.00,80.00,3.00
241832,358.74,-1.24,-1.99,0.78,0.94,2.25,2.04,2.18,4.24,0.00,80.00,3.00
241861,358.76,-1.24,-1.99,0.77,0.93,2.20,2.01,2.17,4.19,0.00,80.00,3.00
241890,358.77,-1.24,-1.98,0.75,0.93,2.21,1.98,2.17,4.20,0.00,80.00,3.00
241920,358.81,-1.24,-1.98,0.81,0.88,2.21,2.00,2.12,4.20,0.00,80.00,3.00
241949,358.79,-1.23,-1.98,0.81,0.92,2.28,2.02,2.15,4.26,0.00,80.00,3.00
241978,358.75,-1.22,-1.98,0.92,0.89,2.29,2.17,2.11,4.27,0.00,80.00,3.00
242007,358.69,-1.22,-1.96,0.85,0.90,2.34,2.16,2.12,4.31,0.00,80.00,3.00
242039,358.69,-1.23,-1.97,0.82,0.90,2.38,2.14,2.13,4.35,0.00,80.00,3.00
242068,358.70,-1.23,-1.97,0.84,0.88,2.39,2.14,2.12,4.36,0.00,80.00,3.00
242106,358.68,-1.24,-1.97,0.76,0.89,2.34,2.07,2.13,4.30,0.00,80.00,3.00
242143,358.77,-1.23,-1.97,0.71,0.86,2.28,1.94,2.09,4.25,0.00,80.00,3.00
242172,358.68,-1.23,-1.96,0.69,0.90,2.26,2.01,2.13,4.23,0.00,80.00,3.00
242201,358.70,-1.23,-1.97,0.79,0.89,2.24,2.10,2.12,4.21,0.00,80.00,3.00
242230,358.74,-1.23,-1.96,0.78,0.83,2.20,2.04,2.07,4.16,0.00,80.00,3.00
242262,358.78,-1.23,-1.95,0.86,0.88,2.20,2.08,2.11,4.16,0.00,80.00,3.00
242291,358.78,-1.23,-1.95,0.84,0.93,2.25,2.06,2.16,4.20,0.00,80.00,3.00
242320,358.75,-1.23,-1.95,0.84,0.91,2.31,2.09,2.14,4.26,0.00,80.00,3.00
242349,358.80,-1.24,-1.94,0.83,0.90,2.34,2.04,2.14,4.28,0.00,80.00,3.00
242379,358.70,-1.24,-1.94,0.80,0.92,2.38,2.10,2.16,4.32,0.00,80.00,3.00
242408,358.69,-1.24,-1.95,0.80,0.92,2.43,2.11,2.16,4.38,0.00,80.00,3.00
242437,358.74,-1.23,-1.95,0.86,0.87,2.45,2.12,2.10,4.40,0.00,80.00,3.00
242469,358.81,-1.23,-1.95,0.91,0.87,2.40,2.10,2.10,4.35,0.00,80.00,3.00
242498,358.83,-1.23,-1.95,0.86,0.85,2.43,2.03,2.08,4.38,0.00,80.00,3.00
242527,358.90,-1.23,-1.94,0.79,0.85,2.38,1.89,2.08,4.33,0.00,80.00,3.00
242556,358.89,-1.24,-1.94,0.78,0.85,2.44,1.88,2.10,4.38,0.00,80.00,3.00
242585,358.89,-1.24,-1.92,0.76,0.92,2.43,1.87,2.16,4.36,0.00,80.00,3.00
242615,358.92,-1.24,-1.92,0.72,0.99,2.42,1.80,2.23,4.34,0.00,80.00,3.00
242644,358.88,-1.24,-1.91,0.84,1.02,2.34,1.95,2.26,4.25,0.00,80.00,3.00
242676,358.92,-1.24,-1.91,0.92,1.03,2.37,2.00,2.28,4.27,0.00,80.00,3.00
242705,359.02,-1.25,-1.90,0.91,1.01,2.45,1.89,2.25,4.35,0.00,80.00,3.00
242734,359.12,-1.24,-1.91,0.84,1.01,2.36,1.73,2.25,4.27,0.00,80.00,3.00
242763,359.02,-1.25,-1.90,0.82,1.01,2.36,1.79,2.26,4.26,0.00,80.00,3.00
242792,359.02,-1.26,-1.90,0.69,0.95,2.45,1.67,2.20,4.35,0.00,80.00,3.00
242821,359.04,-1.25,-1.89,0.67,0.95,2.52,1.63,2.20,4.42,0.00,80.00,3.00
242850,359.05,-1.25,-1.89,0.70,0.97,2.44,1.64,2.23,4.34,0.00,80.00,3.00
242882,359.01,-1.24,-1.89,0.77,0.98,2.44,1.77,2.22,4.34,0.00,80.00,3.00
242920,359.02,-1.24,-1.89,0.81,0.93,2.47,1.79,2.18,4.36,0.00,80.00,3.00
242949,359.06,-1.24,-1.89,0.85,0.92,2.48,1.79,2.16,4.37,0.00,80.00,3.00
242978,359.11,-1.24,-1.88,0.81,0.92,2.39,1.69,2.16,4.28,0.00,80.00,3.00
243007,359.13,-1.25,-1.88,0.76,0.94,2.43,1.64,2.19,4.30,0.00,80.00,3.00
243036,359.14,-1.24,-1.88,0.66,0.94,2.39,1.53,2.18,4.27,0.00,80.00,3.00
243065,359.10,-1.24,-1.88,0.71,0.93,2.40,1.61,2.16,4.28,0.00,80.00,3.00
243097,359.08,-1.24,-1.87,0.73,0.91,2.40,1.66,2.15,4.27,0.00,80.00,3.00
243126,359.07,-1.24,-1.87,0.85,0.91,2.40,1.77,2.16,4.27,0.00,80.00,3.00
243155,359.04,-1.24,-1.87,0.92,0.91,2.42,1.88,2.16,4.28,0.00,80.00,3.00
243184,359.08,-1.24,-1.87,0.93,0.85,2.33,1.85,2.09,4.20,0.00,80.00,3.00
243213,359.04,-1.25,-1.86,0.92,0.84,2.39,1.88,2.09,4.25,0.00,80.00,3.00
243243,359.03,-1.26,-1.85,1.01,0.88,2.38,1.98,2.13,4.23,0.00,80.00,3.00
243272,359.05,-1.25,-1.86,0.98,0.88,2.34,1.94,2.13,4.20,0.00,80.00,3.00
243304,359.02,-1.25,-1.86,1.00,0.86,2.30,1.98,2.11,4.17,0.00,80.00,3.00
243333,359.12,-1.26,-1.87,1.05,0.88,2.34,1.93,2.14,4.20,0.00,80.00,3.00
243362,359.12,-1.26,-1.87,1.08,0.91,2.36,1.97,2.17,4.22,0.00,80.00,3.00
243391,359.12,-1.27,-1.86,1.08,0.91,2.36,1.95,2.18,4.22,0.00,80.00,3.00
243420,359.11,-1.26,-1.86,1.00,0.88,2.39,1.89,2.15,4.25,0.00,80.00,3.00
243449,359.10,-1.26,-1.86,0.90,0.88,2.47,1.80,2.14,4.33,0.00,80.00,3.00
243478,359.11,-1.27,-1.86,0.87,0.93,2.54,1.77,2.20,4.40,0.00,80.00,3.00
243510,359.08,-1.27,-1.87,0.86,0.93,2.51,1.78,2.20,4.38,0.00,80.00,3.00
243539,359.11,-1.27,-1.86,0.81,0.93,2.51,1.70,2.20,4.37,0.00,80.00,3.00
243569,359.20,-1.27,-1.86,0.84,0.98,2.50,1.63,2.25,4.36,0.00,80.00,3.00
243598,359.25,-1.26,-1.87,0.96,1.00,2.49,1.71,2.26,4.35,0.00,80.00,3.00
243627,359.25,-1.27,-1.87,0.95,0.95,2.43,1.69,2.22,4.30,0.00,80.00,3.00
243656,359.28,-1.28,-1.87,0.89,0.91,2.34,1.61,2.19,4.21,0.00,80.00,3.00
243685,359.30,-1.28,-1.87,0.86,0.97,2.28,1.56,2.24,4.15,0.00,80.00,3.00
243734,359.28,-1.27,-1.87,0.85,0.97,2.32,1.57,2.24,4.20,0.00,80.00,3.00
243763,359.27,-1.27,-1.87,0.76,0.94,2.32,1.49,2.21,4.19,0.00,80.00,3.00
243792,359.36,-1.27,-1.88,0.69,0.96,2.30,1.33,2.23,4.18,0.00,80.00,3.00
243821,359.44,-1.27,-1.88,0.66,0.94,2.37,1.22,2.21,4.25,0.00,80.00,3.00
243850,359.41,-1.27,-1.88,0.66,0.95,2.49,1.25,2.22,4.37,0.00,80.00,3.00
243879,359.51,-1.27,-1.88,0.86,0.91,2.49,1.34,2.19,4.37,0.00,80.00,3.00
243908,359.58,-1.27,-1.87,0.83,0.92,2.46,1.25,2.19,4.34,0.00,80.00,3.00
243940,359.57,-1.28,-1.87,0.90,0.92,2.49,1.33,2.20,4.36,0.00,80.00,3.00
243969,359.48,-1.28,-1.87,0.84,0.94,2.48,1.36,2.22,4.35,0.00,80.00,3.00
243998,359.49,-1.27,-1.87,0.83,0.94,2.36,1.35,2.21,4.23,0.00,80.00,3.00
244027,359.43,-1.28,-1.87,0.69,0.96,2.33,1.26,2.24,4.20,0.00,80.00,3.00
244056,359.44,-1.27,-1.87,0.76,0.91,2.33,1.32,2.18,4.20,0.00,80.00,3.00
244085,359.48,-1.28,-1.87,0.72,0.95,2.32,1.25,2.23,4.18,0.00,80.00,3.00
244114,359.48,-1.28,-1.86,0.77,0.90,2.36,1.29,2.18,4.22,0.00,80.00,3.00
244146,359.45,-1.28,-1.86,0.76,0.87,2.36,1.31,2.15,4.23,0.00,80.00,3.00
244175,359.42,-1.29,-1.86,0.80,0.87,2.37,1.38,2.16,4.23,0.00,80.00,3.00
244204,359.43,-1.28,-1.86,0.80,0.89,2.43,1.37,2.18,4.30,0.00,80.00,3.00
244234,359.37,-1.30,-1.86,0.77,0.88,2.39,1.40,2.18,4.25,0.00,80.00,3.00
244263,359.43,-1.29,-1.85,0.83,0.90,2.38,1.41,2.19,4.23,0.00,80.00,3.00
244292,359.46,-1.29,-1.85,0.91,0.95,2.24,1.46,2.23,4.09,0.00,80.00,3.00
244321,359.45,-1.29,-1.85,0.97,0.94,2.22,1.52,2.23,4.07,0.00,80.00,3.00
244353,359.47,-1.28,-1.85,1.01,0.88,2.27,1.54,2.16,4.12,0.00,80.00,3.00
244382,359.48,-1.28,-1.84,0.99,0.88,2.24,1.52,2.17,4.08,0.00,80.00,3.00
244411,359.40,-1.28,-1.84,1.00,0.90,2.32,1.61,2.19,4.16,0.00,80.00,3.00
244440,359.38,-1.28,-1.85,0.89,0.92,2.35,1.51,2.19,4.20,0.00,80.00,3.00
244469,359.31,-1.28,-1.85,0.89,0.94,2.40,1.59,2.21,4.25,0.00,80.00,3.00
244498,359.31,-1.28,-1.86,0.94,0.96,2.40,1.63,2.24,4.26,0.00,80.00,3.00
244535,359.30,-1.29,-1.86,0.96,0.98,2.42,1.66,2.26,4.28,0.00,80.00,3.00
244567,359.32,-1.29,-1.86,0.99,0.95,2.43,1.67,2.24,4.29,0.00,80.00,3.00
244596,359.39,-1.28,-1.86,1.01,0.95,2.36,1.62,2.23,4.22,0.00,80.00,3.00
244625,359.36,-1.29,-1.86,1.08,0.88,2.36,1.72,2.17,4.22,0.00,80.00,3.00
244654,359.35,-1.29,-1.87,0.99,0.87,2.35,1.64,2.15,4.22,0.00,80.00,3.00
244684,359.38,-1.28,-1.87,0.88,0.88,2.32,1.50,2.16,4.19,0.00,80.00,3.00
244713,359.42,-1.28,-1.86,0.86,0.91,2.21,1.45,2.18,4.07,0.00,80.00,3.00
244742,359.46,-1.28,-1.87,0.91,0.94,2.20,1.44,2.22,4.06,0.00,80.00,3.00
244774,359.46,-1.29,-1.86,0.93,0.92,2.24,1.47,2.21,4.10,0.00,80.00,3.00
244803,359.42,-1.29,-1.85,0.89,0.99,2.21,1.48,2.28,4.06,0.00,80.00,3.00
244832,359.43,-1.30,-1.85,0.92,0.99,2.18,1.49,2.28,4.03,0.00,80.00,3.00
244861,359.42,-1.30,-1.85,1.00,0.99,2.18,1.58,2.30,4.03,0.00,80.00,3.00
244890,359.44,-1.29,-1.85,0.88,0.99,2.19,1.44,2.28,4.04,0.00,80.00,3.00
244919,359.47,-1.29,-1.86,0.81,0.94,2.18,1.34,2.23,4.03,0.00,80.00,3.00
244948,359.50,-1.29,-1.85,0.83,0.91,2.23,1.34,2.20,4.08,0.00,80.00,3.00
244980,359.48,-1.29,-1.86,0.88,0.90,2.25,1.40,2.19,4.11,0.00,80.00,3.00
245009,359.50,-1.29,-1.87,0.85,0.93,2.29,1.35,2.22,4.16,0.00,80.00,3.00
245038,359.43,-1.29,-1.87,0.88,0.94,2.32,1.45,2.23,4.19,0.00,80.00,3.00
245067,359.28,-1.30,-1.88,0.92,0.93,2.36,1.64,2.23,4.24,0.00,80.00,3.00
245096,359.27,-1.31,-1.87,0.93,0.96,2.34,1.66,2.27,4.22,0.00,80.00,3.00
245125,359.26,-1.31,-1.87,0.89,0.97,2.30,1.63,2.29,4.17,0.00,80.00,3.00
245155,359.26,-1.30,-1.87,0.89,0.92,2.28,1.63,2.22,4.15,0.00,80.00,3.00
245186,359.26,-1.30,-1.87,0.97,0.88,2.25,1.71,2.18,4.12,0.00,80.00,3.00
245215,359.23,-1.30,-1.87,0.97,0.85,2.30,1.74,2.15,4.18,0.00,80.00,3.00
245244,359.21,-1.30,-1.87,0.91,0.86,2.30,1.70,2.15,4.17,0.00,80.00,3.00
245273,359.19,-1.30,-1.87,1.04,0.81,2.34,1.85,2.11,4.21,0.00,80.00,3.00
245310,359.14,-1.29,-1.87,1.03,0.84,2.33,1.89,2.13,4.20,0.00,80.00,3.00
245339,359.10,-1.29,-1.86,0.98,0.90,2.29,1.88,2.19,4.15,0.00,80.00,3.00
245376,359.03,-1.29,-1.86,0.96,0.90,2.27,1.93,2.19,4.13,0.00,80.00,3.00
245413,359.02,-1.29,-1.87,0.85,0.91,2.23,1.84,2.20,4.10,0.00,80.00,3.00
245442,358.99,-1.29,-1.87,0.82,0.92,2.22,1.84,2.20,4.10,0.00,80.00,3.00
245471,359.06,-1.29,-1.87,0.72,0.92,2.21,1.67,2.20,4.08,0.00,80.00,3.00
245500,359.07,-1.29,-1.87,0.66,0.91,2.22,1.59,2.20,4.09,0.00,80.00,3.00
245528,359.06,-1.29,-1.87,0.73,0.88,2.33,1.67,2.17,4.20,0.00,80.00,3.00
245557,359.05,-1.30,-1.87,0.71,0.92,2.33,1.65,2.22,4.21,0.00,80.00,3.00
245586,359.03,-1.29,-1.88,0.71,0.90,2.39,1.68,2.20,4.27,0.00,80.00,3.00
245618,358.97,-1.30,-1.88,0.76,0.91,2.43,1.78,2.21,4.31,0.00,80.00,3.00
245647,359.00,-1.30,-1.88,0.93,0.95,2.43,1.93,2.25,4.31,0.00,80.00,3.00
245677,359.01,-1.29,-1.88,0.88,0.94,2.39,1.86,2.23,4.27,0.00,80.00,3.00
245706,358.96,-1.29,-1.88,0.86,0.85,2.39,1.91,2.14,4.27,0.00,80.00,3.00
245735,358.91,-1.29,-1.87,0.82,0.90,2.28,1.91,2.19,4.15,0.00,80.00,3.00
245764,358.93,-1.29,-1.87,0.73,0.86,2.25,1.80,2.16,4.12,0.00,80.00,3.00
245794,358.87,-1.30,-1.87,0.68,0.85,2.24,1.81,2.16,4.11,0.00,80.00,3.00
245826,358.87,-1.30,-1.88,0.70,0.83,2.20,1.84,2.14,4.09,0.00,80.00,3.00
245855,358.88,-1.31,-1.89,0.70,0.87,2.20,1.82,2.17,4.08,0.00,80.00,3.00
245884,358.87,-1.31,-1.89,0.86,0.90,2.20,1.99,2.20,4.09,0.00,80.00,3.00
245913,358.94,-1.31,-1.89,0.94,0.91,2.27,2.00,2.22,4.16,0.00,80.00,3.00
245943,358.92,-1.31,-1.88,1.08,0.97,2.32,2.15,2.28,4.20,0.00,80.00,3.00
245972,358.89,-1.31,-1.88,0.99,0.99,2.42,2.10,2.30,4.30,0.00,80.00,3.00
246001,358.82,-1.31,-1.88,1.03,0.99,2.48,2.21,2.30,4.36,0.00,80.00,3.00
246033,358.77,-1.30,-1.88,0.96,1.02,2.48,2.19,2.32,4.35,0.00,80.00,3.00
246063,358.76,-1.31,-1.88,0.89,0.96,2.39,2.13,2.27,4.27,0.00,80.00,3.00
246102,358.71,-1.32,-1.88,0.80,0.95,2.38,2.09,2.27,4.26,0.00,80.00,3.00
246131,358.69,-1.31,-1.88,0.73,0.92,2.36,2.04,2.23,4.23,0.00,80.00,3.00
246160,358.73,-1.31,-1.88,0.75,0.91,2.27,2.03,2.22,4.15,0.00,80.00,3.00
246189,358.66,-1.32,-1.88,0.76,0.87,2.22,2.10,2.20,4.10,0.00,80.00,3.00
246219,358.69,-1.33,-1.88,0.71,0.83,2.25,2.02,2.15,4.13,0.00,80.00,3.00
246251,358.61,-1.33,-1.88,0.77,0.84,2.26,2.16,2.18,4.14,0.00,80.00,3.00
246280,358.52,-1.33,-1.88,0.70,0.81,2.19,2.18,2.14,4.08,0.00,80.00,3.00
246309,358.57,-1.34,-1.89,0.74,0.80,2.16,2.17,2.14,4.05,0.00,80.00,3.00
246338,358.47,-1.33,-1.89,0.70,0.77,2.22,2.23,2.11,4.11,0.00,80.00,3.00
246368,358.50,-1.33,-1.89,0.73,0.89,2.23,2.23,2.22,4.12,0.00,80.00,3.00
246397,358.48,-1.34,-1.89,0.68,0.91,2.21,2.20,2.25,4.11,0.00,80.00,3.00
246426,358.52,-1.34,-1.90,0.84,0.92,2.28,2.32,2.26,4.18,0.00,80.00,3.00
246458,358.54,-1.35,-1.89,0.91,0.91,2.41,2.38,2.26,4.30,0.00,80.00,3.00
246488,358.64,-1.34,-1.89,0.98,0.91,2.40,2.34,2.25,4.29,0.00,80.00,3.00
246517,358.66,-1.34,-1.87,1.01,0.97,2.38,2.35,2.31,4.25,0.00,80.00,3.00
246546,358.69,-1.33,-1.88,1.07,0.94,2.32,2.38,2.27,4.20,0.00,80.00,3.00
246575,358.76,-1.33,-1.87,1.08,0.94,2.36,2.32,2.27,4.23,0.00,80.00,3.00
246605,358.76,-1.33,-1.86,1.06,0.91,2.37,2.30,2.23,4.24,0.00,80.00,3.00
246634,358.77,-1.32,-1.87,0.94,0.96,2.37,2.17,2.27,4.23,0.00,80.00,3.00
246666,358.82,-1.32,-1.87,0.89,0.98,2.33,2.07,2.30,4.20,0.00,80.00,3.00
246695,358.84,-1.32,-1.87,0.86,0.98,2.35,2.02,2.31,4.23,0.00,80.00,3.00
246724,358.87,-1.33,-1.88,0.87,0.93,2.45,2.00,2.25,4.32,0.00,80.00,3.00
246754,358.93,-1.32,-1.88,0.89,0.98,2.42,1.96,2.30,4.30,0.00,80.00,3.00
246783,358.96,-1.31,-1.87,0.80,1.00,2.37,1.84,2.31,4.24,0.00,80.00,3.00
246812,359.02,-1.32,-1.87,0.81,0.98,2.41,1.79,2.30,4.28,0.00,80.00,3.00
246851,359.16,-1.31,-1.87,0.88,0.93,2.44,1.73,2.24,4.31,0.00,80.00,3.00
246883,359.15,-1.30,-1.88,0.94,0.91,2.39,1.79,2.21,4.27,0.00,80.00,3.00
246913,359.09,-1.31,-1.87,0.85,0.90,2.38,1.76,2.21,4.25,0.00,80.00,3.00
246942,359.03,-1.31,-1.87,0.82,0.88,2.46,1.79,2.18,4.33,0.00,80.00,3.00
246979,358.98,-1.30,-1.86,0.98,0.84,2.42,1.99,2.14,4.28,0.00,80.00,3.00
247008,358.94,-1.31,-1.87,0.92,0.85,2.43,1.98,2.15,4.30,0.00,80.00,3.00
247038,358.93,-1.30,-1.87,0.87,0.89,2.42,1.94,2.18,4.28,0.00,80.00,3.00
247067,358.87,-1.29,-1.87,0.91,0.90,2.37,2.03,2.19,4.25,0.00,80.00,3.00
247099,358.88,-1.29,-1.87,0.92,0.88,2.32,2.04,2.17,4.19,0.00,80.00,3.00
247128,358.93,-1.29,-1.87,0.90,0.84,2.29,1.97,2.13,4.16,0.00,80.00,3.00
247157,358.89,-1.28,-1.87,0.90,0.82,2.25,2.00,2.11,4.12,0.00,80.00,3.00
247186,358.82,-1.28,-1.87,0.90,0.81,2.28,2.08,2.09,4.15,0.00,80.00,3.00
247216,358.84,-1.28,-1.87,0.86,0.81,2.25,2.02,2.09,4.13,0.00,80.00,3.00
247245,358.90,-1.27,-1.88,0.89,0.86,2.29,2.00,2.13,4.17,0.00,80.00,3.00
247274,358.93,-1.27,-1.89,0.88,0.93,2.36,1.96,2.20,4.24,0.00,80.00,3.00
247306,358.97,-1.27,-1.89,0.80,0.93,2.41,1.83,2.20,4.30,0.00,80.00,3.00
247335,359.02,-1.26,-1.88,0.75,0.93,2.44,1.73,2.20,4.32,0.00,80.00,3.00
247365,358.95,-1.27,-1.88,0.76,0.92,2.45,1.81,2.18,4.34,0.00,80.00,3.00
247394,359.06,-1.26,-1.89,0.71,0.88,2.43,1.65,2.15,4.31,0.00,80.00,3.00
247423,359.04,-1.26,-1.89,0.65,0.84,2.39,1.61,2.10,4.28,0.00,80.00,3.00
247452,359.12,-1.26,-1.89,0.63,0.80,2.34,1.52,2.06,4.22,0.00,80.00,3.00
247481,359.11,-1.26,-1.89,0.65,0.81,2.28,1.54,2.07,4.17,0.00,80.00,3.00
247513,359.14,-1.26,-1.89,0.59,0.83,2.27,1.45,2.09,4.16,0.00,80.00,3.00
247542,359.22,-1.25,-1.88,0.67,0.86,2.30,1.44,2.11,4.18,0.00,80.00,3.00
247572,359.20,-1.25,-1.88,0.68,0.88,2.37,1.48,2.12,4.25,0.00,80.00,3.00
247611,359.25,-1.25,-1.88,0.72,0.95,2.36,1.47,2.19,4.24,0.00,80.00,3.00
247640,359.23,-1.24,-1.89,0.79,0.94,2.33,1.57,2.18,4.22,0.00,80.00,3.00
247670,359.18,-1.23,-1.89,0.90,0.93,2.29,1.72,2.16,4.18,0.00,80.00,3.00
247699,359.21,-1.23,-1.88,0.92,0.92,2.24,1.71,2.15,4.12,0.00,80.00,3.00
247731,359.20,-1.22,-1.88,0.96,0.91,2.21,1.76,2.14,4.08,0.00,80.00,3.00
247760,359.18,-1.22,-1.87,0.93,0.87,2.19,1.75,2.09,4.06,0.00,80.00,3.00
247789,359.20,-1.22,-1.87,0.92,0.86,2.21,1.72,2.08,4.08,0.00,80.00,3.00
247819,359.21,-1.21,-1.87,0.89,0.89,2.24,1.67,2.10,4.11,0.00,80.00,3.00
247848,359.26,-1.21,-1.87,0.77,0.87,2.29,1.50,2.08,4.15,0.00,80.00,3.00
247877,359.27,-1.21,-1.87,0.67,0.90,2.29,1.40,2.11,4.16,0.00,80.00,3.00
247906,359.29,-1.21,-1.87,0.71,0.94,2.26,1.42,2.15,4.13,0.00,80.00,3.00
247939,359.20,-1.21,-1.86,0.72,0.91,2.33,1.52,2.12,4.19,0.00,80.00,3.00
247968,359.21,-1.21,-1.88,0.79,0.93,2.29,1.58,2.14,4.17,0.00,80.00,3.00
247997,359.16,-1.21,-1.88,0.88,0.97,2.21,1.72,2.18,4.09,0.00,80.00,3.00
248027,359.15,-1.21,-1.88,0.86,0.93,2.22,1.71,2.15,4.10,0.00,80.00,3.00
248056,359.15,-1.22,-1.88,0.86,0.95,2.21,1.71,2.17,4.09,0.00,80.00,3.00
248085,359.18,-1.22,-1.88,0.80,0.95,2.15,1.62,2.16,4.03,0.00,80.00,3.00
248114,359.15,-1.23,-1.88,0.67,0.92,2.17,1.52,2.15,4.05,0.00,80.00,3.00
248146,359.13,-1.22,-1.89,0.68,0.92,2.22,1.55,2.14,4.11,0.00,80.00,3.00
248176,359.10,-1.22,-1.89,0.63,0.88,2.26,1.54,2.10,4.14,0.00,80.00,3.00
248205,359.05,-1.22,-1.88,0.59,0.90,2.32,1.54,2.12,4.20,0.00,80.00,3.00
248234,359.00,-1.22,-1.87,0.65,0.86,2.42,1.64,2.08,4.30,0.00,80.00,3.00
248263,358.91,-1.22,-1.88,0.74,0.90,2.42,1.83,2.12,4.30,0.00,80.00,3.00
248293,358.81,-1.23,-1.88,0.74,0.94,2.43,1.93,2.17,4.32,0.00,80.00,3.00
248322,358.72,-1.23,-1.88,0.80,0.94,2.45,2.08,2.17,4.33,0.00,80.00,3.00
248364,358.66,-1.23,-1.89,0.91,0.91,2.43,2.25,2.15,4.31,0.00,80.00,3.00
248393,358.70,-1.24,-1.88,0.91,0.94,2.34,2.21,2.18,4.23,0.00,80.00,3.00
248422,358.75,-1.24,-1.89,0.87,0.93,2.33,2.13,2.18,4.22,0.00,80.00,3.00
248451,358.81,-1.25,-1.89,0.77,0.87,2.31,1.97,2.11,4.20,0.00,80.00,3.00
248480,358.81,-1.25,-1.90,0.71,0.84,2.27,1.91,2.09,4.17,0.00,80.00,3.00
248509,358.80,-1.24,-1.90,0.69,0.84,2.23,1.88,2.08,4.14,0.00,80.00,3.00
248539,358.86,-1.25,-1.90,0.68,0.84,2.22,1.82,2.08,4.13,0.00,80.00,3.00
248571,358.86,-1.25,-1.90,0.71,0.85,2.19,1.85,2.10,4.09,0.00,80.00,3.00
248600,358.89,-1.25,-1.90,0.77,0.87,2.20,1.87,2.11,4.10,0.00,80.00,3.00
248744,358.92,-1.24,-1.91,0.78,0.92,2.23,1.87,2.16,4.14,0.00,80.00,3.00
248879,358.94,-1.24,-1.90,0.75,0.92,2.31,1.82,2.17,4.21,0.00,80.00,3.00
249019,359.03,-1.25,-1.90,0.80,0.94,2.32,1.77,2.19,4.22,0.00,80.00,3.00
249048,359.03,-1.25,-1.90,0.80,0.95,2.32,1.76,2.20,4.22,0.00,80.00,3.00
249077,359.02,-1.25,-1.90,0.77,0.94,2.35,1.76,2.19,4.25,0.00,80.00,3.00
249109,358.99,-1.24,-1.90,0.86,0.94,2.38,1.87,2.18,4.28,0.00,80.00,3.00
249138,358.98,-1.24,-1.89,0.83,0.89,2.34,1.85,2.14,4.23,0.00,80.00,3.00
249167,358.95,-1.25,-1.89,0.84,0.89,2.33,1.89,2.14,4.22,0.00,80.00,3.00
249196,358.99,-1.25,-1.89,0.77,0.89,2.32,1.78,2.14,4.22,0.00,80.00,3.00
249225,358.90,-1.25,-1.90,0.98,0.84,2.35,2.08,2.08,4.24,0.00,80.00,3.00
249255,358.78,-1.25,-1.89,0.81,0.93,2.49,2.03,2.17,4.38,0.00,80.00,3.00
249284,358.76,-1.24,-1.89,0.85,0.96,2.49,2.09,2.21,4.39,0.00,80.00,3.00
249316,358.82,-1.25,-1.89,0.87,0.96,2.41,2.06,2.21,4.30,0.00,80.00,3.00
249345,358.86,-1.25,-1.90,0.87,0.96,2.39,2.02,2.20,4.28,0.00,80.00,3.00
249374,358.84,-1.25,-1.90,0.92,0.95,2.44,2.08,2.20,4.35,0.00,80.00,3.00
249403,358.84,-1.25,-1.91,0.92,0.96,2.46,2.08,2.21,4.37,0.00,80.00,3.00
249432,358.80,-1.25,-1.90,0.97,0.92,2.35,2.17,2.18,4.26,0.00,80.00,3.00
249471,358.84,-1.26,-1.90,0.97,0.93,2.32,2.13,2.18,4.22,0.00,80.00,3.00
249500,358.82,-1.26,-1.89,1.05,0.89,2.36,2.23,2.15,4.25,0.00,80.00,3.00
249532,358.77,-1.25,-1.89,1.07,0.87,2.36,2.30,2.13,4.25,0.00,80.00,3.00
249562,358.73,-1.26,-1.90,1.04,0.86,2.35,2.31,2.12,4.24,0.00,80.00,3.00
249591,358.77,-1.26,-1.90,1.05,0.86,2.33,2.28,2.13,4.23,0.00,80.00,3.00
249620,358.80,-1.26,-1.90,1.04,0.82,2.39,2.24,2.08,4.29,0.00,80.00,3.00
249649,358.79,-1.27,-1.89,1.04,0.84,2.42,2.25,2.10,4.32,0.00,80.00,3.00
249678,358.79,-1.26,-1.89,0.91,0.86,2.33,2.13,2.12,4.23,0.00,80.00,3.00
249707,358.84,-1.26,-1.88,0.92,0.85,2.34,2.08,2.11,4.23,0.00,80.00,3.00
249739,358.81,-1.25,-1.88,1.03,0.93,2.38,2.22,2.18,4.27,0.00,80.00,3.00
249768,358.84,-1.25,-1.89,0.87,0.96,2.35,2.03,2.21,4.24,0.00,80.00,3.00
249798,358.78,-1.25,-1.88,0.86,0.98,2.35,2.08,2.23,4.23,0.00,80.00,3.00
249827,358.82,-1.24,-1.88,0.88,0.98,2.35,2.05,2.22,4.23,0.00,80.00,3.00
249856,358.87,-1.25,-1.87,0.91,0.96,2.44,2.04,2.21,4.31,0.00,80.00,3.00
249885,358.85,-1.25,-1.88,0.78,0.94,2.40,1.94,2.18,4.27,0.00,80.00,3.00
249914,358.87,-1.24,-1.87,0.78,0.90,2.34,1.92,2.14,4.21,0.00,80.00,3.00
249946,358.90,-1.23,-1.87,0.86,0.91,2.37,1.96,2.14,4.24,0.00,80.00,3.00
249975,358.89,-1.23,-1.87,0.89,0.87,2.40,2.00,2.10,4.27,0.00,80.00,3.00
250005,358.89,-1.22,-1.87,0.86,0.89,2.42,1.97,2.10,4.29,0.00,80.00,3.00
250034,358.93,-1.22,-1.89,0.82,0.88,2.37,1.90,2.09,4.25,0.00,80.00,3.00
250063,359.01,-1.21,-1.90,0.85,0.90,2.37,1.84,2.11,4.27,0.00,80.00,3.00
250092,359.09,-1.21,-1.89,0.82,0.91,2.33,1.73,2.12,4.22,0.00,80.00,3.00
250121,359.14,-1.22,-1.91,0.75,0.90,2.30,1.61,2.11,4.22,0.00,80.00,3.00
250153,359.17,-1.21,-1.93,0.78,0.89,2.27,1.61,2.10,4.20,0.00,80.00,3.00
250182,359.14,-1.21,-1.92,0.86,0.87,2.31,1.72,2.08,4.23,0.00,80.00,3.00
250221,359.15,-1.21,-1.90,0.85,0.90,2.32,1.70,2.10,4.22,0.00,80.00,3.00
250250,359.12,-1.21,-1.88,0.92,0.87,2.37,1.80,2.08,4.25,0.00,80.00,3.00
250280,359.08,-1.21,-1.87,0.93,0.84,2.41,1.86,2.05,4.28,0.00,80.00,3.00
250308,359.01,-1.21,-1.87,0.96,0.88,2.36,1.96,2.09,4.23,0.00,80.00,3.00
250338,358.98,-1.21,-1.86,0.93,0.88,2.34,1.94,2.09,4.20,0.00,80.00,3.00
250370,358.99,-1.21,-1.87,0.95,0.85,2.36,1.96,2.06,4.23,0.00,80.00,3.00
250399,359.05,-1.22,-1.89,0.87,0.88,2.30,1.82,2.10,4.19,0.00,80.00,3.00
250428,359.05,-1.23,-1.92,0.77,0.85,2.28,1.72,2.08,4.19,0.00,80.00,3.00
250457,358.96,-1.23,-1.93,0.81,0.84,2.31,1.85,2.07,4.24,0.00,80.00,3.00
250486,358.97,-1.23,-1.95,0.90,0.91,2.41,1.93,2.15,4.36,0.00,80.00,3.00
250515,358.87,-1.22,-1.94,0.84,0.96,2.38,1.98,2.18,4.32,0.00,80.00,3.00
250544,358.86,-1.23,-1.93,0.87,0.93,2.44,2.01,2.16,4.37,0.00,80.00,3.00
250585,358.84,-1.23,-1.91,0.90,0.98,2.44,2.06,2.21,4.36,0.00,80.00,3.00
250614,358.85,-1.25,-1.92,0.89,1.06,2.39,2.05,2.31,4.31,0.00,80.00,3.00
250643,358.84,-1.24,-1.96,0.81,1.07,2.34,1.97,2.31,4.29,0.00,80.00,3.00
250672,358.80,-1.23,-2.00,0.85,1.06,2.30,2.06,2.29,4.30,0.00,80.00,3.00
250701,358.81,-1.22,-2.05,0.85,0.99,2.29,2.04,2.21,4.34,0.00,80.00,3.00
250730,358.81,-1.22,-2.07,0.88,0.99,2.34,2.07,2.21,4.42,0.00,80.00,3.00
250759,358.95,-1.21,-2.09,0.91,0.95,2.42,1.95,2.16,4.51,0.00,80.00,3.00
250791,358.96,-1.22,-2.09,0.95,0.93,2.36,1.99,2.16,4.45,0.00,80.00,3.00
250820,358.91,-1.22,-2.08,0.89,0.92,2.30,1.98,2.14,4.38,0.00,80.00,3.00
250849,358.84,-1.21,-2.08,0.72,0.99,2.31,1.88,2.20,4.38,0.00,80.00,3.00
250878,358.84,-1.22,-2.07,0.79,0.97,2.22,1.95,2.19,4.29,0.00,80.00,3.00
250907,358.85,-1.21,-2.06,0.66,1.08,2.10,1.81,2.29,4.16,0.00,80.00,3.00
250936,358.87,-1.21,-2.06,0.69,0.99,2.12,1.83,2.20,4.18,0.00,80.00,3.00
250975,358.86,-1.21,-2.06,0.77,0.93,2.23,1.91,2.14,4.29,0.00,80.00,3.00
251007,358.90,-1.21,-2.07,0.85,0.91,2.28,1.95,2.11,4.35,0.00,80.00,3.00
251037,358.94,-1.22,-2.07,0.84,0.88,2.25,1.90,2.09,4.33,0.00,80.00,3.00
251066,358.95,-1.20,-2.07,0.82,0.92,2.32,1.88,2.12,4.39,0.00,80.00,3.00
251095,358.97,-1.21,-2.08,0.92,0.82,2.41,1.95,2.03,4.49,0.00,80.00,3.00
251124,358.93,-1.21,-2.08,0.92,0.86,2.48,1.99,2.07,4.56,0.00,80.00,3.00
251153,358.89,-1.20,-2.09,0.91,0.91,2.40,2.03,2.11,4.49,0.00,80.00,3.00
251182,358.87,-1.21,-2.09,0.86,0.89,2.39,1.99,2.10,4.49,0.00,80.00,3.00
251214,358.80,-1.21,-2.10,0.90,0.92,2.42,2.10,2.14,4.52,0.00,80.00,3.00
251243,358.80,-1.22,-2.10,0.91,0.92,2.41,2.11,2.14,4.51,0.00,80.00,3.00
251272,358.85,-1.22,-2.10,0.89,0.94,2.36,2.04,2.16,4.46,0.00,80.00,3.00
251301,358.91,-1.22,-2.10,0.79,0.91,2.37,1.88,2.13,4.46,0.00,80.00,3.00
251331,358.87,-1.23,-2.10,0.75,0.91,2.34,1.88,2.14,4.44,0.00,80.00,3.00
251360,358.81,-1.23,-2.10,0.72,0.90,2.36,1.91,2.13,4.46,0.00,80.00,3.00
251389,358.78,-1.23,-2.10,0.70,0.89,2.39,1.92,2.13,4.49,0.00,80.00,3.00
251421,358.78,-1.24,-2.10,0.66,0.87,2.34,1.87,2.11,4.44,0.00,80.00,3.00
251450,358.79,-1.24,-2.11,0.68,0.88,2.39,1.89,2.12,4.49,0.00,80.00,3.00
251479,358.81,-1.24,-2.10,0.79,0.89,2.39,1.98,2.14,4.50,0.00,80.00,3.00
251508,358.79,-1.26,-2.11,0.79,0.87,2.46,2.00,2.14,4.57,0.00,80.00,3.00
251537,358.74,-1.27,-2.10,0.89,0.91,2.41,2.15,2.17,4.51,0.00,80.00,3.00
251566,358.67,-1.28,-2.09,0.93,0.92,2.40,2.26,2.20,4.49,0.00,80.00,3.00
251595,358.62,-1.28,-2.09,0.84,0.91,2.40,2.22,2.19,4.49,0.00,80.00,3.00
251627,358.69,-1.27,-2.07,0.82,0.87,2.38,2.14,2.14,4.45,0.00,80.00,3.00
251656,358.71,-1.28,-2.06,0.76,0.94,2.31,2.05,2.22,4.37,0.00,80.00,3.00
251686,358.73,-1.29,-2.06,0.79,0.93,2.29,2.06,2.22,4.36,0.00,80.00,3.00
251725,358.66,-1.29,-2.08,0.69,0.87,2.28,2.04,2.17,4.36,0.00,80.00,3.00
251754,358.66,-1.29,-2.09,0.62,0.85,2.27,1.97,2.14,4.36,0.00,80.00,3.00
251783,358.68,-1.28,-2.11,0.65,0.87,2.28,1.97,2.15,4.39,0.00,80.00,3.00
251812,358.74,-1.29,-2.11,0.63,0.89,2.33,1.88,2.18,4.44,0.00,80.00,3.00
251844,358.82,-1.29,-2.10,0.70,0.89,2.34,1.88,2.17,4.44,0.00,80.00,3.00
251873,358.80,-1.28,-2.10,0.61,0.93,2.34,1.81,2.22,4.44,0.00,80.00,3.00
251902,358.74,-1.27,-2.07,0.59,0.96,2.31,1.85,2.23,4.38,0.00,80.00,3.00
251931,358.72,-1.25,-2.05,0.68,0.95,2.35,1.96,2.20,4.41,0.00,80.00,3.00
251960,358.77,-1.27,-2.04,0.68,0.98,2.35,1.92,2.24,4.38,0.00,80.00,3.00
251989,358.76,-1.26,-2.01,0.76,0.97,2.35,1.99,2.23,4.37,0.00,80.00,3.00
252018,358.81,-1.27,-2.02,0.78,0.96,2.36,1.97,2.23,4.38,0.00,80.00,3.00
252050,358.82,-1.27,-2.03,0.87,0.96,2.35,2.05,2.23,4.38,0.00,80.00,3.00
252079,358.86,-1.28,-2.04,0.81,0.97,2.34,1.96,2.25,4.38,0.00,80.00,3.00
252108,358.85,-1.26,-2.04,0.93,0.97,2.24,2.08,2.23,4.28,0.00,80.00,3.00
252137,358.84,-1.27,-2.01,0.92,0.93,2.28,2.08,2.19,4.29,0.00,80.00,3.00
252166,358.93,-1.28,-1.96,0.89,0.87,2.26,1.95,2.15,4.22,0.00,80.00,3.00
252196,358.92,-1.28,-1.91,0.89,0.84,2.22,1.97,2.12,4.13,0.00,80.00,3.00
252233,358.99,-1.28,-1.88,0.94,0.84,2.30,1.95,2.13,4.19,0.00,80.00,3.00
252265,358.91,-1.29,-1.87,0.94,0.83,2.33,2.03,2.12,4.20,0.00,80.00,3.00
252294,358.90,-1.28,-1.87,0.89,0.85,2.37,1.99,2.14,4.23,0.00,80.00,3.00
252322,358.88,-1.29,-1.87,0.90,0.83,2.30,2.03,2.12,4.17,0.00,80.00,3.00
252351,358.99,-1.29,-1.87,0.91,0.86,2.34,1.92,2.15,4.22,0.00,80.00,3.00
252380,358.99,-1.28,-1.88,0.91,0.89,2.33,1.91,2.18,4.21,0.00,80.00,3.00
252409,359.02,-1.29,-1.89,0.92,0.94,2.33,1.90,2.23,4.21,0.00,80.00,3.00
252438,359.05,-1.28,-1.89,0.80,0.97,2.34,1.75,2.25,4.23,0.00,80.00,3.00
252480,359.09,-1.29,-1.88,0.76,0.99,2.30,1.67,2.28,4.18,0.00,80.00,3.00
252509,359.03,-1.29,-1.88,0.81,1.02,2.28,1.78,2.31,4.16,0.00,80.00,3.00
252537,359.10,-1.29,-1.88,0.74,1.04,2.33,1.64,2.33,4.21,0.00,80.00,3.00
252566,359.10,-1.30,-1.88,0.74,1.01,2.34,1.64,2.31,4.22,0.00,80.00,3.00
252595,359.08,-1.30,-1.87,0.83,0.98,2.27,1.76,2.28,4.14,0.00,80.00,3.00
252624,359.18,-1.30,-1.87,0.88,0.95,2.27,1.70,2.25,4.14,0.00,80.00,3.00
252653,359.19,-1.31,-1.87,0.82,0.98,2.27,1.63,2.28,4.15,0.00,80.00,3.00
252685,359.21,-1.30,-1.87,0.81,1.01,2.32,1.60,2.31,4.19,0.00,80.00,3.00
252714,359.20,-1.30,-1.86,0.77,1.02,2.26,1.57,2.31,4.13,0.00,80.00,3.00
252743,359.21,-1.30,-1.86,0.81,0.97,2.23,1.60,2.26,4.09,0.00,80.00,3.00
252772,359.13,-1.29,-1.87,0.78,0.98,2.24,1.65,2.27,4.11,0.00,80.00,3.00
252801,359.14,-1.28,-1.87,0.77,0.97,2.24,1.64,2.25,4.12,0.00,80.00,3.00
252831,359.07,-1.27,-1.87,0.81,0.91,2.22,1.74,2.18,4.09,0.00,80.00,3.00
252860,359.07,-1.27,-1.88,0.95,0.89,2.17,1.88,2.16,4.04,0.00,80.00,3.00
252892,359.14,-1.28,-1.88,0.94,0.88,2.22,1.81,2.16,4.10,0.00,80.00,3.00
252921,359.10,-1.27,-1.88,0.92,0.91,2.19,1.82,2.17,4.07,0.00,80.00,3.00
252951,359.10,-1.30,-1.84,0.96,0.92,2.19,1.86,2.22,4.03,0.00,80.00,3.00
252980,359.10,-1.29,-1.86,0.95,0.97,2.15,1.85,2.26,4.01,0.00,80.00,3.00
253009,359.16,-1.26,-1.87,0.87,0.97,2.14,1.71,2.24,4.01,0.00,80.00,3.00
253038,359.17,-1.25,-1.88,0.92,0.96,2.19,1.75,2.21,4.07,0.00,80.00,3.00
253068,359.18,-1.25,-1.87,1.01,0.93,2.21,1.83,2.17,4.08,0.00,80.00,3.00
253100,359.20,-1.25,-1.87,0.98,0.89,2.21,1.79,2.14,4.08,0.00,80.00,3.00
253129,359.07,-1.25,-1.87,1.04,0.88,2.26,1.97,2.13,4.13,0.00,80.00,3.00
253158,359.04,-1.24,-1.87,1.09,0.95,2.28,2.05,2.19,4.15,0.00,80.00,3.00
253188,359.01,-1.24,-1.87,0.98,0.92,2.27,1.96,2.16,4.14,0.00,80.00,3.00
253228,359.04,-1.23,-1.87,0.83,0.92,2.26,1.79,2.15,4.13,0.00,80.00,3.00
253257,359.00,-1.23,-1.88,0.80,0.83,2.26,1.80,2.06,4.14,0.00,80.00,3.00
253286,359.00,-1.24,-1.88,0.78,0.92,2.24,1.77,2.15,4.12,0.00,80.00,3.00
253319,359.02,-1.23,-1.88,0.68,0.92,2.28,1.66,2.15,4.16,0.00,80.00,3.00
253348,359.02,-1.23,-1.88,0.68,0.89,2.31,1.66,2.13,4.19,0.00,80.00,3.00
253377,359.00,-1.23,-1.88,0.76,0.95,2.32,1.76,2.18,4.20,0.00,80.00,3.00
253406,359.02,-1.23,-1.89,0.75,1.03,2.29,1.73,2.25,4.18,0.00,80.00,3.00
253436,359.00,-1.23,-1.89,0.72,1.10,2.31,1.72,2.33,4.20,0.00,80.00,3.00
253465,358.98,-1.22,-1.89,0.77,0.98,2.32,1.79,2.19,4.20,0.00,80.00,3.00
253494,358.99,-1.23,-1.89,0.72,0.90,2.28,1.73,2.13,4.17,0.00,80.00,3.00
253526,358.98,-1.23,-1.90,0.72,0.87,2.32,1.74,2.10,4.22,0.00,80.00,3.00
253556,358.96,-1.23,-1.90,0.70,0.83,2.31,1.74,2.06,4.21,0.00,80.00,3.00
253585,358.93,-1.22,-1.90,0.81,0.83,2.34,1.89,2.05,4.24,0.00,80.00,3.00
253614,358.88,-1.23,-1.90,0.92,0.88,2.31,2.04,2.11,4.21,0.00,80.00,3.00
253644,358.80,-1.23,-1.90,0.96,0.89,2.35,2.16,2.12,4.25,0.00,80.00,3.00
253673,358.69,-1.23,-1.90,0.98,0.96,2.35,2.29,2.19,4.25,0.00,80.00,3.00
253702,358.72,-1.23,-1.89,1.04,0.99,2.42,2.32,2.21,4.31,0.00,80.00,3.00
253735,358.64,-1.23,-1.90,1.02,0.98,2.46,2.38,2.21,4.36,0.00,80.00,3.00
253764,358.67,-1.23,-1.90,0.93,1.00,2.53,2.26,2.23,4.43,0.00,80.00,3.00
253793,358.65,-1.23,-1.90,0.70,0.99,2.54,2.05,2.22,4.44,0.00,80.00,3.00
253822,358.62,-1.23,-1.91,0.71,0.97,2.51,2.09,2.20,4.42,0.00,80.00,3.00
253852,358.55,-1.23,-1.91,0.74,0.93,2.50,2.20,2.16,4.41,0.00,80.00,3.00
253889,358.52,-1.23,-1.92,0.64,0.95,2.48,2.12,2.18,4.40,0.00,80.00,3.00
253918,358.51,-1.22,-1.92,0.62,0.94,2.48,2.11,2.17,4.40,0.00,80.00,3.00
253951,358.52,-1.24,-1.92,0.73,0.91,2.45,2.21,2.15,4.37,0.00,80.00,3.00
253990,358.43,-1.23,-1.93,0.81,0.91,2.46,2.38,2.14,4.39,0.00,80.00,3.00
254019,358.52,-1.23,-1.93,0.79,0.94,2.42,2.27,2.17,4.35,0.00,80.00,3.00
254049,358.41,-1.23,-1.93,0.79,0.89,2.39,2.38,2.12,4.32,0.00,80.00,3.00
254078,358.38,-1.22,-1.93,0.82,0.90,2.35,2.44,2.13,4.27,0.00,80.00,3.00
254107,358.44,-1.22,-1.93,0.78,0.87,2.30,2.34,2.10,4.23,0.00,80.00,3.00
254136,358.37,-1.22,-1.93,0.69,0.92,2.33,2.32,2.14,4.26,0.00,80.00,3.00
254168,358.38,-1.21,-1.92,0.59,0.96,2.32,2.21,2.17,4.24,0.00,80.00,3.00
254198,358.32,-1.22,-1.92,0.63,0.98,2.39,2.31,2.19,4.32,0.00,80.00,3.00
254227,358.27,-1.22,-1.93,0.70,0.94,2.37,2.43,2.17,4.29,0.00,80.00,3.00
254256,358.25,-1.22,-1.93,0.75,0.98,2.32,2.50,2.20,4.26,0.00,80.00,3.00
254285,358.22,-1.22,-1.93,0.80,0.96,2.32,2.58,2.18,4.25,0.00,80.00,3.00
254314,358.14,-1.23,-1.92,0.84,0.95,2.39,2.69,2.19,4.31,0.00,80.00,3.00
254344,358.13,-1.24,-1.93,0.85,0.96,2.33,2.72,2.20,4.26,0.00,80.00,3.00
254371,358.14,-1.23,-1.93,0.88,0.94,2.34,2.74,2.17,4.26,0.00,80.00,3.00
254400,358.09,-1.23,-1.93,0.89,0.97,2.29,2.80,2.20,4.21,0.00,80.00,3.00
254430,358.07,-1.23,-1.93,0.93,0.97,2.34,2.87,2.20,4.27,0.00,80.00,3.00
254459,358.03,-1.20,-1.97,1.00,0.96,2.36,2.97,2.16,4.33,0.00,80.00,3.00
254488,358.02,-1.22,-1.95,1.05,0.94,2.33,3.02,2.16,4.29,0.00,80.00,3.00
254517,357.92,-1.24,-1.94,0.99,0.93,2.34,3.07,2.17,4.28,0.00,80.00,3.00
254546,357.90,-1.25,-1.93,0.91,0.92,2.34,3.00,2.17,4.27,0.00,80.00,3.00
254575,357.90,-1.25,-1.94,0.99,0.89,2.41,3.09,2.14,4.35,0.00,80.00,3.00
254607,357.91,-1.24,-1.94,0.90,0.92,2.33,2.99,2.16,4.27,0.00,80.00,3.00
254637,357.92,-1.24,-1.94,0.81,0.94,2.30,2.89,2.18,4.24,0.00,80.00,3.00
254666,357.95,-1.24,-1.95,0.80,0.94,2.31,2.86,2.17,4.27,0.00,80.00,3.00
254695,357.94,-1.23,-1.96,0.87,0.95,2.35,2.92,2.18,4.32,0.00,80.00,3.00
254735,358.02,-1.23,-1.96,0.87,0.95,2.36,2.85,2.18,4.33,0.00,80.00,3.00
254764,358.02,-1.23,-1.96,0.78,0.94,2.40,2.77,2.16,4.37,0.00,80.00,3.00
254793,358.02,-1.22,-1.96,0.80,0.94,2.43,2.79,2.16,4.39,0.00,80.00,3.00
254825,358.00,-1.21,-1.96,0.89,0.93,2.43,2.88,2.14,4.39,0.00,80.00,3.00
254854,358.00,-1.22,-1.96,0.82,0.94,2.41,2.83,2.16,4.37,0.00,80.00,3.00
254883,358.01,-1.23,-1.97,0.80,0.93,2.41,2.79,2.16,4.38,0.00,80.00,3.00
254912,357.98,-1.23,-1.96,0.93,0.91,2.43,2.95,2.14,4.39,0.00,80.00,3.00
254942,357.97,-1.23,-1.96,0.98,0.89,2.37,3.01,2.12,4.33,0.00,80.00,3.00
254971,358.03,-1.23,-1.97,0.93,0.86,2.38,2.90,2.09,4.34,0.00,80.00,3.00
255000,357.98,-1.23,-1.96,0.92,0.85,2.40,2.94,2.08,4.36,0.00,80.00,3.00
255032,357.93,-1.22,-1.97,0.87,0.88,2.37,2.94,2.09,4.34,0.00,80.00,3.00
255061,357.98,-1.22,-1.97,0.66,0.92,2.38,2.68,2.14,4.36,0.00,80.00,3.00
255090,357.97,-1.22,-1.97,0.61,0.96,2.38,2.64,2.18,4.35,0.00,80.00,3.00
255120,357.98,-1.22,-1.98,0.62,1.02,2.42,2.64,2.23,4.39,0.00,80.00,3.00
255149,358.00,-1.21,-1.97,0.69,1.04,2.40,2.69,2.25,4.37,0.00,80.00,3.00
255178,358.03,-1.21,-1.97,0.66,1.04,2.33,2.63,2.26,4.30,0.00,80.00,3.00
255207,357.99,-1.22,-1.98,0.76,1.02,2.31,2.77,2.24,4.29,0.00,80.00,3.00
255239,358.00,-1.22,-1.98,0.92,0.98,2.28,2.92,2.20,4.25,0.00,80.00,3.00
255268,358.04,-1.22,-1.97,0.94,0.94,2.32,2.90,2.16,4.29,0.00,80.00,3.00
255297,358.05,-1.22,-1.97,0.99,0.90,2.29,2.94,2.11,4.27,0.00,80.00,3.00
255327,358.06,-1.21,-1.96,0.96,0.90,2.23,2.89,2.12,4.20,0.00,80.00,3.00
255356,358.05,-1.22,-1.96,0.87,0.88,2.29,2.82,2.10,4.24,0.00,80.00,3.00
255385,358.06,-1.21,-1.96,0.79,0.90,2.33,2.73,2.11,4.29,0.00,80.00,3.00
255414,358.05,-1.20,-1.96,0.73,0.89,2.32,2.68,2.09,4.28,0.00,80.00,3.00
255446,357.96,-1.20,-1.96,0.68,0.86,2.34,2.72,2.06,4.30,0.00,80.00,3.00
255486,358.02,-1.20,-1.95,0.65,0.83,2.37,2.63,2.03,4.32,0.00,80.00,3.00
255523,358.00,-1.20,-1.95,0.78,0.83,2.43,2.78,2.03,4.38,0.00,80.00,3.00
255553,358.05,-1.19,-1.95,0.76,0.82,2.40,2.71,2.01,4.35,0.00,80.00,3.00
255582,358.07,-1.20,-1.95,0.79,0.81,2.39,2.72,2.01,4.35,0.00,80.00,3.00
255611,357.97,-1.19,-1.96,0.78,0.83,2.34,2.81,2.02,4.29,0.00,80.00,3.00
255640,357.97,-1.19,-1.96,0.82,0.86,2.41,2.85,2.05,4.37,0.00,80.00,3.00
255672,357.96,-1.20,-1.96,0.82,0.85,2.39,2.87,2.05,4.35,0.00,80.00,3.00
255701,357.98,-1.20,-1.96,0.83,0.86,2.35,2.85,2.06,4.32,0.00,80.00,3.00
255730,357.99,-1.19,-1.96,0.87,0.86,2.35,2.88,2.05,4.31,0.00,80.00,3.00
255760,357.95,-1.19,-1.96,0.97,0.89,2.43,3.02,2.08,4.39,0.00,80.00,3.00
255789,358.00,-1.19,-1.96,0.97,0.91,2.37,2.97,2.10,4.33,0.00,80.00,3.00
255818,358.03,-1.19,-1.97,1.00,0.89,2.36,2.98,2.08,4.33,0.00,80.00,3.00
255847,358.02,-1.18,-1.97,0.93,0.89,2.33,2.91,2.07,4.30,0.00,80.00,3.00
255879,358.01,-1.19,-1.97,0.86,0.86,2.32,2.85,2.05,4.29,0.00,80.00,3.00
255908,358.01,-1.20,-1.97,0.78,0.85,2.22,2.78,2.05,4.19,0.00,80.00,3.00
255937,357.98,-1.19,-1.97,0.72,0.89,2.20,2.74,2.08,4.17,0.00,80.00,3.00
255966,358.00,-1.20,-1.97,0.70,0.93,2.19,2.70,2.12,4.15,0.00,80.00,3.00
255995,358.01,-1.19,-1.97,0.73,0.96,2.20,2.72,2.15,4.17,0.00,80.00,3.00
256024,358.08,-1.18,-1.97,0.86,0.96,2.29,2.78,2.14,4.26,0.00,80.00,3.00
256054,358.07,-1.18,-1.97,0.89,0.98,2.35,2.82,2.17,4.32,0.00,80.00,3.00
256086,358.08,-1.19,-1.96,0.94,0.95,2.39,2.87,2.14,4.35,0.00,80.00,3.00
256115,358.04,-1.19,-1.96,0.94,0.94,2.44,2.91,2.14,4.41,0.00,80.00,3.00
256144,358.13,-1.19,-1.96,0.87,0.91,2.37,2.74,2.11,4.32,0.00,80.00,3.00
256173,358.16,-1.19,-1.94,0.84,0.97,2.40,2.67,2.17,4.35,0.00,80.00,3.00
256202,358.19,-1.20,-1.94,0.76,0.97,2.36,2.58,2.16,4.30,0.00,80.00,3.00
256242,358.19,-1.20,-1.95,0.70,1.00,2.34,2.50,2.20,4.29,0.00,80.00,3.00
256271,358.21,-1.20,-1.94,0.68,1.02,2.33,2.47,2.22,4.28,0.00,80.00,3.00
256303,358.17,-1.22,-1.95,0.52,1.00,2.27,2.35,2.21,4.22,0.00,80.00,3.00
256332,358.22,-1.22,-1.94,0.55,0.98,2.26,2.32,2.20,4.20,0.00,80.00,3.00
256361,358.15,-1.21,-1.94,0.57,0.97,2.21,2.42,2.17,4.15,0.00,80.00,3.00
256390,358.12,-1.20,-1.94,0.46,0.96,2.13,2.33,2.16,4.07,0.00,80.00,3.00
256419,358.18,-1.21,-1.94,0.45,0.95,2.10,2.27,2.16,4.03,0.00,80.00,3.00
256448,358.17,-1.21,-1.93,0.45,0.94,2.14,2.28,2.14,4.07,0.00,80.00,3.00
256477,358.17,-1.20,-1.93,0.51,1.01,2.29,2.34,2.21,4.22,0.00,80.00,3.00
256509,358.24,-1.21,-1.92,0.44,1.02,2.34,2.20,2.23,4.26,0.00,80.00,3.00
256539,358.28,-1.22,-1.92,0.48,1.03,2.47,2.20,2.25,4.39,0.00,80.00,3.00
256568,358.23,-1.22,-1.92,0.68,1.07,2.54,2.45,2.30,4.45,0.00,80.00,3.00
256597,358.27,-1.22,-1.92,0.75,1.03,2.51,2.48,2.25,4.44,0.00,80.00,3.00
256626,358.33,-1.22,-1.92,0.80,1.03,2.39,2.48,2.25,4.31,0.00,80.00,3.00
256655,358.34,-1.23,-1.92,0.91,1.01,2.42,2.58,2.24,4.34,0.00,80.00,3.00
256684,358.34,-1.23,-1.91,1.04,1.01,2.42,2.70,2.24,4.33,0.00,80.00,3.00
256716,358.32,-1.23,-1.92,0.96,1.01,2.34,2.64,2.23,4.26,0.00,80.00,3.00
256745,358.34,-1.22,-1.91,0.85,0.97,2.43,2.50,2.20,4.34,0.00,80.00,3.00
256775,358.30,-1.22,-1.92,0.72,0.96,2.43,2.41,2.18,4.35,0.00,80.00,3.00
256804,358.32,-1.21,-1.91,0.69,0.96,2.49,2.37,2.17,4.40,0.00,80.00,3.00
256833,358.31,-1.21,-1.91,0.72,0.96,2.45,2.41,2.16,4.36,0.00,80.00,3.00
256862,358.30,-1.20,-1.91,0.66,0.91,2.43,2.36,2.12,4.34,0.00,80.00,3.00
256891,358.27,-1.21,-1.91,0.64,0.90,2.37,2.37,2.11,4.28,0.00,80.00,3.00
256923,358.23,-1.21,-1.91,0.72,0.93,2.31,2.48,2.14,4.22,0.00,80.00,3.00
256963,358.28,-1.22,-1.90,0.70,0.95,2.29,2.43,2.16,4.19,0.00,80.00,3.00
256992,358.27,-1.22,-1.90,0.66,0.96,2.29,2.39,2.19,4.20,0.00,80.00,3.00
257021,358.25,-1.23,-1.90,0.48,0.92,2.35,2.23,2.14,4.25,0.00,80.00,3.00
257050,358.18,-1.23,-1.91,0.54,0.89,2.36,2.37,2.12,4.27,0.00,80.00,3.00
257079,358.25,-1.23,-1.91,0.55,0.90,2.47,2.30,2.13,4.38,0.00,80.00,3.00
257108,358.25,-1.23,-1.90,0.62,0.87,2.49,2.36,2.09,4.39,0.00,80.00,3.00
257140,358.14,-1.23,-1.90,0.66,0.80,2.48,2.52,2.03,4.38,0.00,80.00,3.00
257178,358.16,-1.23,-1.90,0.73,0.79,2.45,2.58,2.02,4.35,0.00,80.00,3.00
257207,358.15,-1.23,-1.89,0.78,0.83,2.40,2.62,2.06,4.29,0.00,80.00,3.00
257236,358.19,-1.23,-1.90,0.70,0.80,2.35,2.51,2.04,4.25,0.00,80.00,3.00
257265,358.22,-1.24,-1.90,0.74,0.81,2.33,2.52,2.05,4.23,0.00,80.00,3.00
257294,358.22,-1.24,-1.90,0.78,0.83,2.29,2.56,2.07,4.19,0.00,80.00,3.00
257323,358.26,-1.24,-1.90,0.75,0.89,2.23,2.49,2.13,4.13,0.00,80.00,3.00
257355,358.28,-1.25,-1.90,0.75,0.89,2.19,2.47,2.13,4.09,0.00,80.00,3.00
257384,358.27,-1.24,-1.90,0.77,0.89,2.17,2.50,2.13,4.07,0.00,80.00,3.00
257413,358.27,-1.24,-1.90,0.80,0.92,2.10,2.54,2.17,3.99,0.00,80.00,3.00
257442,358.26,-1.25,-1.90,0.73,0.93,2.09,2.47,2.17,3.99,0.00,80.00,3.00
257472,358.25,-1.24,-1.90,0.69,0.89,2.11,2.44,2.13,4.01,0.00,80.00,3.00
257501,358.22,-1.25,-1.89,0.70,0.86,2.12,2.48,2.11,4.01,0.00,80.00,3.00
257530,358.16,-1.25,-1.88,0.72,0.82,2.15,2.56,2.08,4.03,0.00,80.00,3.00
257562,358.19,-1.25,-1.89,0.71,0.78,2.26,2.52,2.03,4.15,0.00,80.00,3.00
257591,358.13,-1.25,-1.89,0.68,0.79,2.29,2.55,2.04,4.18,0.00,80.00,3.00
257620,358.14,-1.24,-1.90,0.75,0.82,2.27,2.61,2.06,4.16,0.00,80.00,3.00
257649,358.10,-1.25,-1.90,0.77,0.86,2.29,2.67,2.10,4.20,0.00,80.00,3.00
257678,358.05,-1.25,-1.91,0.72,0.85,2.30,2.67,2.11,4.22,0.00,80.00,3.00
257718,358.02,-1.26,-1.91,0.75,0.87,2.19,2.73,2.13,4.09,0.00,80.00,3.00
257853,357.94,-1.25,-1.90,0.66,0.90,2.11,2.72,2.16,4.01,0.00,80.00,3.00
258046,357.92,-1.26,-1.90,0.65,0.87,2.12,2.73,2.12,4.02,0.00,80.00,3.00
258131,357.88,-1.26,-1.90,0.67,0.85,2.18,2.78,2.10,4.08,0.00,80.00,3.00
258160,357.86,-1.26,-1.90,0.66,0.85,2.17,2.81,2.11,4.07,0.00,80.00,3.00
258189,357.92,-1.25,-1.90,0.67,0.86,2.21,2.75,2.12,4.10,0.00,80.00,3.00
258218,357.92,-1.26,-1.89,0.64,0.85,2.27,2.72,2.11,4.17,0.00,80.00,3.00
258247,357.88,-1.26,-1.90,0.73,0.81,2.36,2.85,2.07,4.25,0.00,80.00,3.00
258276,357.84,-1.26,-1.90,0.68,0.83,2.36,2.84,2.09,4.26,0.00,80.00,3.00
258308,357.80,-1.27,-1.91,0.75,0.84,2.36,2.95,2.11,4.26,0.00,80.00,3.00
258338,357.77,-1.27,-1.91,0.89,0.97,2.26,3.13,2.24,4.17,0.00,80.00,3.00
258367,357.79,-1.26,-1.91,0.57,0.96,2.36,2.78,2.22,4.28,0.00,80.00,3.00
258396,357.81,-1.26,-1.92,0.53,0.93,2.27,2.72,2.19,4.19,0.00,80.00,3.00
258425,357.76,-1.26,-1.91,0.53,0.95,2.27,2.78,2.21,4.18,0.00,80.00,3.00
258454,357.72,-1.26,-1.90,0.65,0.97,2.27,2.92,2.24,4.18,0.00,80.00,3.00
258483,357.72,-1.27,-1.90,0.71,0.90,2.27,2.99,2.17,4.17,0.00,80.00,3.00
258515,357.75,-1.27,-1.91,0.63,0.86,2.28,2.88,2.13,4.19,0.00,80.00,3.00
258544,357.79,-1.26,-1.90,0.62,0.84,2.23,2.82,2.10,4.13,0.00,80.00,3.00
258573,357.81,-1.27,-1.91,0.60,0.82,2.15,2.79,2.09,4.07,0.00,80.00,3.00
258602,357.81,-1.27,-1.91,0.68,0.78,2.19,2.87,2.05,4.10,0.00,80.00,3.00
258631,357.74,-1.28,-1.91,0.63,0.82,2.24,2.90,2.10,4.15,0.00,80.00,3.00
258661,357.80,-1.28,-1.91,0.68,0.87,2.28,2.88,2.15,4.19,0.00,80.00,3.00
258690,357.81,-1.28,-1.91,0.79,0.96,2.32,2.98,2.24,4.23,0.00,80.00,3.00
258722,357.82,-1.29,-1.91,0.77,0.98,2.42,2.96,2.27,4.33,0.00,80.00,3.00
258751,357.84,-1.29,-1.91,0.79,1.00,2.49,2.95,2.29,4.40,0.00,80.00,3.00
258790,357.87,-1.28,-1.92,0.87,1.00,2.45,3.01,2.29,4.37,0.00,80.00,3.00
258819,357.77,-1.28,-1.92,0.88,0.96,2.44,3.11,2.25,4.36,0.00,80.00,3.00
258848,357.80,-1.28,-1.92,0.82,0.95,2.42,3.03,2.23,4.33,0.00,80.00,3.00
258877,357.83,-1.28,-1.91,0.71,0.91,2.44,2.88,2.19,4.35,0.00,80.00,3.00
258906,357.69,-1.27,-1.91,0.69,0.87,2.41,3.00,2.14,4.32,0.00,80.00,3.00
258938,357.75,-1.27,-1.91,0.61,0.82,2.37,2.86,2.09,4.28,0.00,80.00,3.00
258967,357.78,-1.27,-1.92,0.43,0.84,2.28,2.65,2.11,4.20,0.00,80.00,3.00
258997,357.78,-1.26,-1.92,0.40,0.84,2.32,2.62,2.10,4.24,0.00,80.00,3.00
259026,357.86,-1.26,-1.92,0.55,0.82,2.24,2.69,2.07,4.16,0.00,80.00,3.00
259055,357.83,-1.26,-1.91,0.56,0.86,2.29,2.72,2.11,4.20,0.00,80.00,3.00
259084,357.86,-1.25,-1.90,0.69,0.85,2.31,2.83,2.09,4.21,0.00,80.00,3.00
259113,357.89,-1.26,-1.90,0.79,0.86,2.31,2.89,2.11,4.21,0.00,80.00,3.00
259153,357.89,-1.26,-1.89,0.79,0.91,2.30,2.90,2.17,4.19,0.00,80.00,3.00
259182,357.92,-1.25,-1.89,0.79,0.91,2.33,2.87,2.16,4.22,0.00,80.00,3.00
259211,357.90,-1.25,-1.89,0.77,0.89,2.28,2.87,2.14,4.17,0.00,80.00,3.00
259240,357.93,-1.25,-1.89,0.85,0.90,2.33,2.92,2.14,4.22,0.00,80.00,3.00
259269,357.94,-1.26,-1.89,0.75,0.95,2.40,2.81,2.21,4.29,0.00,80.00,3.00
259298,357.95,-1.26,-1.89,0.77,0.91,2.45,2.82,2.17,4.34,0.00,80.00,3.00
259328,357.94,-1.26,-1.89,0.80,0.88,2.43,2.86,2.15,4.32,0.00,80.00,3.00
259359,358.03,-1.26,-1.89,0.81,0.89,2.41,2.78,2.15,4.30,0.00,80.00,3.00
259388,358.04,-1.27,-1.89,0.86,0.93,2.44,2.82,2.20,4.33,0.00,80.00,3.00
259417,358.05,-1.27,-1.89,0.92,0.96,2.35,2.87,2.23,4.24,0.00,80.00,3.00
259446,358.09,-1.28,-1.88,0.97,0.92,2.30,2.88,2.20,4.19,0.00,80.00,3.00
259475,358.12,-1.27,-1.88,0.94,0.96,2.31,2.82,2.23,4.18,0.00,80.00,3.00
259504,358.16,-1.27,-1.87,0.92,1.00,2.36,2.77,2.26,4.23,0.00,80.00,3.00
259543,358.17,-1.26,-1.88,0.92,0.96,2.31,2.75,2.22,4.19,0.00,80.00,3.00
259580,358.19,-1.26,-1.88,0.93,0.92,2.32,2.75,2.18,4.20,0.00,80.00,3.00
259609,358.23,-1.26,-1.88,0.91,0.94,2.37,2.68,2.20,4.24,0.00,80.00,3.00
259638,358.27,-1.25,-1.87,0.95,0.93,2.36,2.68,2.18,4.23,0.00,80.00,3.00
259667,358.25,-1.25,-1.87,0.99,0.88,2.37,2.74,2.13,4.24,0.00,80.00,3.00
259695,358.20,-1.26,-1.87,0.98,0.90,2.40,2.79,2.17,4.27,0.00,80.00,3.00
259724,358.16,-1.26,-1.87,0.93,0.89,2.43,2.77,2.16,4.31,0.00,80.00,3.00
259753,358.14,-1.26,-1.87,0.82,0.88,2.46,2.68,2.13,4.33,0.00,80.00,3.00
259785,358.14,-1.26,-1.87,0.75,0.84,2.47,2.60,2.09,4.34,0.00,80.00,3.00
259814,358.13,-1.25,-1.87,0.74,0.89,2.45,2.62,2.14,4.32,0.00,80.00,3.00
259844,358.05,-1.25,-1.86,0.73,0.85,2.38,2.68,2.10,4.24,0.00,80.00,3.00
259873,358.11,-1.25,-1.87,0.73,0.85,2.38,2.62,2.09,4.24,0.00,80.00,3.00
259902,358.10,-1.25,-1.87,0.69,0.86,2.39,2.59,2.11,4.26,0.00,80.00,3.00
259931,358.11,-1.25,-1.87,0.69,0.91,2.34,2.58,2.16,4.21,0.00,80.00,3.00
259960,358.10,-1.25,-1.88,0.59,0.87,2.29,2.50,2.12,4.17,0.00,80.00,3.00
259993,358.13,-1.25,-1.87,0.66,0.87,2.37,2.53,2.11,4.25,0.00,80.00,3.00
260022,358.12,-1.24,-1.87,0.68,0.91,2.38,2.56,2.16,4.26,0.00,80.00,3.00
260051,358.12,-1.26,-1.88,0.72,0.96,2.31,2.60,2.21,4.19,0.00,80.00,3.00
260080,358.12,-1.26,-1.88,0.74,0.98,2.31,2.62,2.24,4.19,0.00,80.00,3.00
260110,358.08,-1.26,-1.88,0.75,0.94,2.33,2.66,2.20,4.21,0.00,80.00,3.00
260139,358.09,-1.27,-1.89,0.82,1.00,2.34,2.73,2.27,4.23,0.00,80.00,3.00
260168,358.08,-1.27,-1.89,0.80,0.99,2.22,2.72,2.26,4.11,0.00,80.00,3.00
260200,358.12,-1.28,-1.89,0.72,0.96,2.25,2.60,2.24,4.14,0.00,80.00,3.00
260241,358.07,-1.27,-1.89,0.77,0.98,2.29,2.70,2.25,4.18,0.00,80.00,3.00
260270,358.09,-1.28,-1.88,0.78,0.98,2.31,2.69,2.27,4.19,0.00,80.00,3.00
260300,358.06,-1.29,-1.88,0.82,1.00,2.31,2.76,2.29,4.19,0.00,80.00,3.00
260329,358.13,-1.29,-1.88,0.74,0.94,2.34,2.61,2.23,4.22,0.00,80.00,3.00
260358,358.10,-1.29,-1.89,0.73,0.94,2.32,2.63,2.23,4.20,0.00,80.00,3.00
260387,358.09,-1.29,-1.89,0.85,0.96,2.31,2.75,2.24,4.20,0.00,80.00,3.00
260420,358.20,-1.29,-1.89,0.84,0.92,2.26,2.64,2.21,4.15,0.00,80.00,3.00
260449,358.19,-1.29,-1.88,0.91,0.89,2.26,2.72,2.19,4.14,0.00,80.00,3.00
260478,358.36,-1.30,-1.88,0.86,0.90,2.30,2.51,2.19,4.18,0.00,80.00,3.00
260507,358.34,-1.30,-1.87,0.87,0.89,2.33,2.53,2.19,4.20,0.00,80.00,3.00
260537,358.23,-1.30,-1.87,0.67,0.88,2.36,2.44,2.18,4.23,0.00,80.00,3.00
260566,358.28,-1.29,-1.88,0.75,0.90,2.39,2.47,2.19,4.27,0.00,80.00,3.00
260595,358.29,-1.29,-1.88,0.70,0.90,2.39,2.42,2.18,4.27,0.00,80.00,3.00
260627,358.31,-1.28,-1.88,0.74,0.87,2.42,2.43,2.16,4.30,0.00,80.00,3.00
260657,358.29,-1.29,-1.88,0.78,0.88,2.47,2.49,2.17,4.35,0.00,80.00,3.00
260686,358.25,-1.29,-1.89,0.86,0.85,2.48,2.61,2.14,4.37,0.00,80.00,3.00
260715,358.25,-1.29,-1.88,0.87,0.86,2.44,2.62,2.15,4.32,0.00,80.00,3.00
260753,358.24,-1.29,-1.89,0.84,0.87,2.44,2.59,2.16,4.33,0.00,80.00,3.00
260782,358.23,-1.28,-1.89,0.78,0.91,2.44,2.55,2.19,4.33,0.00,80.00,3.00
260811,358.21,-1.28,-1.89,0.80,0.93,2.30,2.59,2.20,4.19,0.00,80.00,3.00
260844,358.11,-1.27,-1.88,0.74,0.95,2.23,2.63,2.22,4.11,0.00,80.00,3.00
260873,358.09,-1.28,-1.89,0.77,0.99,2.21,2.67,2.27,4.10,0.00,80.00,3.00
260902,358.04,-1.28,-1.89,0.82,0.94,2.19,2.78,2.22,4.08,0.00,80.00,3.00
260932,358.07,-1.27,-1.89,0.92,0.92,2.20,2.84,2.19,4.09,0.00,80.00,3.00
260961,358.06,-1.27,-1.89,0.96,0.91,2.26,2.90,2.18,4.15,0.00,80.00,3.00
261001,358.02,-1.28,-1.90,1.01,0.84,2.32,2.99,2.12,4.22,0.00,80.00,3.00
261030,358.01,-1.28,-1.90,0.95,0.81,2.43,2.94,2.10,4.33,0.00,80.00,3.00
261062,357.93,-1.28,-1.90,0.88,0.87,2.46,2.94,2.15,4.36,0.00,80.00,3.00
261091,357.91,-1.28,-1.89,0.75,0.89,2.46,2.84,2.17,4.36,0.00,80.00,3.00
261120,357.90,-1.28,-1.90,0.74,0.91,2.44,2.84,2.20,4.34,0.00,80.00,3.00
261150,357.95,-1.29,-1.91,0.70,0.98,2.41,2.75,2.27,4.32,0.00,80.00,3.00
261179,357.92,-1.29,-1.91,0.66,1.02,2.37,2.74,2.31,4.28,0.00,80.00,3.00
261208,357.97,-1.29,-1.91,0.79,1.00,2.36,2.82,2.29,4.28,0.00,80.00,3.00
261237,357.93,-1.30,-1.91,0.80,0.98,2.40,2.88,2.27,4.31,0.00,80.00,3.00
261269,357.93,-1.30,-1.91,0.71,0.94,2.35,2.78,2.24,4.26,0.00,80.00,3.00
261298,357.96,-1.30,-1.92,0.72,0.93,2.38,2.75,2.23,4.30,0.00,80.00,3.00
261328,357.98,-1.31,-1.92,0.71,0.92,2.45,2.73,2.22,4.37,0.00,80.00,3.00
261357,358.00,-1.31,-1.92,0.63,0.93,2.39,2.62,2.24,4.31,0.00,80.00,3.00
261386,357.90,-1.32,-1.92,0.61,0.94,2.26,2.71,2.26,4.18,0.00,80.00,3.00
261415,357.91,-1.31,-1.91,0.74,0.91,2.33,2.83,2.22,4.24,0.00,80.00,3.00
261444,357.91,-1.31,-1.91,0.77,0.88,2.33,2.86,2.19,4.24,0.00,80.00,3.00
261476,357.89,-1.32,-1.91,0.75,0.88,2.28,2.85,2.19,4.18,0.00,80.00,3.00
261506,357.87,-1.32,-1.90,0.75,0.88,2.27,2.89,2.19,4.18,0.00,80.00,3.00
261535,357.85,-1.32,-1.91,0.84,0.83,2.28,2.98,2.15,4.19,0.00,80.00,3.00
261564,357.87,-1.31,-1.90,0.84,0.83,2.29,2.96,2.14,4.20,0.00,80.00,3.00
261593,357.83,-1.31,-1.91,0.81,0.87,2.30,2.99,2.18,4.21,0.00,80.00,3.00
261622,357.84,-1.31,-1.90,0.73,0.81,2.33,2.88,2.12,4.22,0.00,80.00,3.00
261652,357.88,-1.30,-1.89,0.75,0.82,2.33,2.87,2.12,4.22,0.00,80.00,3.00
261684,357.89,-1.29,-1.88,0.68,0.84,2.35,2.79,2.14,4.23,0.00,80.00,3.00
261724,357.88,-1.29,-1.88,0.66,0.87,2.33,2.78,2.16,4.21,0.00,80.00,3.00
261753,357.94,-1.29,-1.88,0.79,0.90,2.38,2.85,2.18,4.26,0.00,80.00,3.00
261782,357.91,-1.28,-1.88,0.84,0.89,2.38,2.93,2.17,4.26,0.00,80.00,3.00
261811,357.92,-1.28,-1.88,0.89,0.90,2.40,2.98,2.19,4.28,0.00,80.00,3.00
261841,357.91,-1.28,-1.88,1.06,0.86,2.41,3.15,2.14,4.29,0.00,80.00,3.00
261870,357.85,-1.28,-1.89,1.04,0.83,2.43,3.19,2.11,4.32,0.00,80.00,3.00
261902,357.85,-1.28,-1.89,0.94,0.84,2.47,3.10,2.12,4.35,0.00,80.00,3.00
261931,357.79,-1.28,-1.89,0.88,0.79,2.38,3.09,2.07,4.27,0.00,80.00,3.00
261960,357.76,-1.28,-1.89,0.83,0.86,2.35,3.07,2.14,4.25,0.00,80.00,3.00
261989,357.69,-1.28,-1.90,0.77,0.92,2.27,3.08,2.20,4.16,0.00,80.00,3.00
262019,357.76,-1.28,-1.89,0.78,0.95,2.21,3.02,2.23,4.10,0.00,80.00,3.00
262048,357.90,-1.28,-1.90,0.84,0.97,2.16,2.94,2.25,4.06,0.00,80.00,3.00
262077,357.86,-1.29,-1.90,0.92,1.04,2.21,3.06,2.33,4.11,0.00,80.00,3.00
262109,357.80,-1.30,-1.90,0.97,1.03,2.19,3.17,2.33,4.08,0.00,80.00,3.00
262138,357.74,-1.30,-1.90,0.91,1.00,2.23,3.17,2.30,4.14,0.00,80.00,3.00
262167,357.73,-1.29,-1.91,0.95,1.03,2.24,3.22,2.32,4.15,0.00,80.00,3.00
262197,357.83,-1.30,-1.91,0.95,1.02,2.25,3.12,2.32,4.16,0.00,80.00,3.00
262226,357.85,-1.30,-1.91,0.91,1.01,2.28,3.05,2.31,4.19,0.00,80.00,3.00
262255,357.86,-1.30,-1.91,0.77,0.97,2.28,2.91,2.27,4.18,0.00,80.00,3.00
262284,357.86,-1.30,-1.92,0.69,0.95,2.34,2.83,2.25,4.25,0.00,80.00,3.00
262316,357.88,-1.31,-1.91,0.68,0.92,2.35,2.80,2.23,4.26,0.00,80.00,3.00
262345,357.95,-1.31,-1.92,0.55,0.92,2.36,2.60,2.22,4.28,0.00,80.00,3.00
262374,357.93,-1.31,-1.92,0.59,0.93,2.47,2.66,2.24,4.39,0.00,80.00,3.00
262412,357.97,-1.31,-1.92,0.65,0.89,2.43,2.68,2.20,4.35,0.00,80.00,3.00
262452,358.00,-1.31,-1.91,0.65,0.94,2.36,2.65,2.24,4.27,0.00,80.00,3.00
262481,357.94,-1.31,-1.91,0.67,0.94,2.36,2.72,2.25,4.27,0.00,80.00,3.00
262510,357.94,-1.31,-1.90,0.75,0.91,2.33,2.81,2.22,4.23,0.00,80.00,3.00
262542,357.91,-1.30,-1.90,0.79,0.90,2.38,2.88,2.20,4.28,0.00,80.00,3.00
262572,358.01,-1.31,-1.89,0.69,0.87,2.33,2.68,2.18,4.22,0.00,80.00,3.00
262601,358.04,-1.31,-1.90,0.72,0.88,2.37,2.68,2.19,4.27,0.00,80.00,3.00
262630,358.02,-1.31,-1.90,0.77,0.87,2.41,2.75,2.18,4.30,0.00,80.00,3.00
262659,358.00,-1.31,-1.89,0.84,0.90,2.43,2.85,2.21,4.33,0.00,80.00,3.00
262688,358.05,-1.31,-1.90,0.75,0.97,2.45,2.70,2.29,4.35,0.00,80.00,3.00
262717,358.00,-1.31,-1.90,0.73,1.02,2.37,2.74,2.33,4.27,0.00,80.00,3.00
262749,358.07,-1.31,-1.90,0.69,1.06,2.41,2.62,2.37,4.31,0.00,80.00,3.00
262778,358.10,-1.31,-1.89,0.71,1.13,2.44,2.61,2.45,4.34,0.00,80.00,3.00
262808,358.15,-1.31,-1.89,0.64,1.12,2.43,2.49,2.43,4.32,0.00,80.00,3.00
262837,358.16,-1.30,-1.88,0.71,1.08,2.36,2.55,2.37,4.24,0.00,80.00,3.00
262866,358.13,-1.29,-1.88,0.74,1.01,2.34,2.62,2.31,4.22,0.00,80.00,3.00
262895,358.19,-1.30,-1.87,0.66,1.03,2.38,2.47,2.32,4.26,0.00,80.00,3.00
262924,358.17,-1.30,-1.88,0.67,0.99,2.28,2.50,2.28,4.16,0.00,80.00,3.00
262956,358.13,-1.30,-1.89,0.70,0.94,2.28,2.57,2.23,4.17,0.00,80.00,3.00
262985,358.18,-1.29,-1.89,0.75,0.92,2.25,2.57,2.21,4.14,0.00,80.00,3.00
263014,358.18,-1.28,-1.89,0.69,0.92,2.29,2.51,2.20,4.18,0.00,80.00,3.00
263043,358.22,-1.28,-1.89,0.67,0.95,2.30,2.44,2.24,4.19,0.00,80.00,3.00
263073,358.18,-1.28,-1.89,0.71,0.95,2.28,2.53,2.23,4.17,0.00,80.00,3.00
263102,358.17,-1.28,-1.90,0.68,1.00,2.26,2.51,2.28,4.16,0.00,80.00,3.00
263131,358.19,-1.28,-1.90,0.71,1.00,2.26,2.52,2.28,4.16,0.00,80.00,3.00
263174,358.21,-1.28,-1.90,0.65,1.02,2.22,2.45,2.30,4.11,0.00,80.00,3.00
263203,358.22,-1.29,-1.90,0.67,1.03,2.22,2.45,2.32,4.12,0.00,80.00,3.00
263232,358.22,-1.29,-1.91,0.69,1.01,2.30,2.48,2.30,4.21,0.00,80.00,3.00
263261,358.16,-1.29,-1.91,0.81,0.91,2.31,2.65,2.19,4.22,0.00,80.00,3.00
263290,358.16,-1.28,-1.91,0.79,0.88,2.29,2.63,2.16,4.20,0.00,80.00,3.00
263319,358.16,-1.28,-1.92,0.75,0.93,2.31,2.59,2.22,4.23,0.00,80.00,3.00
263349,358.18,-1.28,-1.92,0.88,0.89,2.33,2.69,2.17,4.26,0.00,80.00,3.00
263381,358.29,-1.28,-1.92,0.91,0.88,2.32,2.62,2.16,4.24,0.00,80.00,3.00
263410,358.34,-1.29,-1.91,0.98,0.92,2.30,2.64,2.21,4.21,0.00,80.00,3.00
263439,358.37,-1.30,-1.91,0.88,0.97,2.40,2.51,2.27,4.31,0.00,80.00,3.00
263468,358.40,-1.30,-1.92,0.79,0.94,2.42,2.38,2.23,4.34,0.00,80.00,3.00
263497,358.39,-1.30,-1.91,0.71,0.89,2.45,2.32,2.19,4.36,0.00,80.00,3.00
263527,358.34,-1.29,-1.91,0.71,0.89,2.45,2.37,2.17,4.36,0.00,80.00,3.00
263556,358.24,-1.29,-1.91,0.73,0.79,2.46,2.50,2.09,4.37,0.00,80.00,3.00
263588,358.25,-1.30,-1.91,0.75,0.80,2.40,2.50,2.09,4.31,0.00,80.00,3.00
263617,358.27,-1.29,-1.91,0.87,0.75,2.35,2.60,2.04,4.26,0.00,80.00,3.00
263646,358.26,-1.29,-1.91,0.94,0.77,2.35,2.68,2.06,4.26,0.00,80.00,3.00
263675,358.27,-1.29,-1.91,0.99,0.81,2.32,2.72,2.10,4.23,0.00,80.00,3.00
263704,358.21,-1.29,-1.91,1.03,0.79,2.29,2.81,2.08,4.20,0.00,80.00,3.00
263733,358.20,-1.29,-1.91,0.94,0.87,2.29,2.75,2.16,4.19,0.00,80.00,3.00
263763,358.16,-1.30,-1.90,0.80,0.82,2.35,2.65,2.12,4.25,0.00,80.00,3.00
263795,358.14,-1.30,-1.90,0.75,0.87,2.29,2.61,2.17,4.19,0.00,80.00,3.00
263824,358.13,-1.29,-1.90,0.71,0.87,2.26,2.59,2.16,4.15,0.00,80.00,3.00
263853,358.15,-1.29,-1.90,0.71,0.87,2.29,2.57,2.17,4.18,0.00,80.00,3.00
263882,358.13,-1.29,-1.89,0.74,0.88,2.27,2.61,2.17,4.17,0.00,80.00,3.00
263922,358.14,-1.28,-1.89,0.80,0.92,2.23,2.66,2.20,4.12,0.00,80.00,3.00
263951,358.09,-1.29,-1.89,0.89,0.98,2.26,2.80,2.26,4.15,0.00,80.00,3.00
263980,358.08,-1.28,-1.89,0.90,0.96,2.27,2.82,2.25,4.16,0.00,80.00,3.00
264012,358.04,-1.28,-1.89,0.99,0.93,2.23,2.95,2.21,4.12,0.00,80.00,3.00
264050,358.07,-1.29,-1.89,0.94,0.97,2.25,2.87,2.26,4.15,0.00,80.00,3.00
264079,358.04,-1.28,-1.90,0.84,0.99,2.37,2.81,2.27,4.27,0.00,80.00,3.00
264108,358.00,-1.28,-1.89,0.90,0.96,2.46,2.90,2.25,4.36,0.00,80.00,3.00
264137,358.00,-1.28,-1.88,0.93,0.92,2.47,2.93,2.20,4.35,0.00,80.00,3.00
264166,357.97,-1.28,-1.88,0.89,0.89,2.55,2.92,2.18,4.43,0.00,80.00,3.00
264195,357.94,-1.28,-1.88,0.84,0.87,2.64,2.90,2.15,4.52,0.00,80.00,3.00
264227,357.96,-1.28,-1.88,0.81,0.86,2.64,2.85,2.13,4.52,0.00,80.00,3.00
264256,357.98,-1.27,-1.89,0.75,0.84,2.58,2.78,2.12,4.46,0.00,80.00,3.00
264285,358.00,-1.28,-1.89,0.71,0.84,2.52,2.71,2.12,4.41,0.00,80.00,3.00
264314,357.93,-1.28,-1.89,0.68,0.87,2.44,2.75,2.15,4.33,0.00,80.00,3.00
264343,357.92,-1.29,-1.89,0.70,0.91,2.38,2.79,2.20,4.27,0.00,80.00,3.00
264372,357.96,-1.28,-1.90,0.72,0.90,2.31,2.76,2.19,4.21,0.00,80.00,3.00
264402,357.97,-1.28,-1.90,0.76,0.94,2.30,2.79,2.22,4.20,0.00,80.00,3.00
264434,358.01,-1.28,-1.90,0.65,0.98,2.33,2.64,2.26,4.22,0.00,80.00,3.00
264463,358.05,-1.28,-1.90,0.63,1.05,2.35,2.57,2.33,4.24,0.00,80.00,3.00
264492,358.00,-1.28,-1.91,0.61,1.04,2.33,2.61,2.32,4.24,0.00,80.00,3.00
264521,358.05,-1.29,-1.91,0.51,1.05,2.32,2.45,2.34,4.23,0.00,80.00,3.00
264550,358.01,-1.29,-1.91,0.56,1.07,2.32,2.55,2.36,4.23,0.00,80.00,3.00
264579,358.06,-1.29,-1.91,0.68,0.98,2.23,2.63,2.27,4.13,0.00,80.00,3.00
264608,358.11,-1.29,-1.90,0.75,0.94,2.20,2.63,2.23,4.10,0.00,80.00,3.00
264651,358.10,-1.29,-1.90,0.80,0.89,2.24,2.70,2.18,4.14,0.00,80.00,3.00
264680,358.08,-1.29,-1.90,0.78,0.88,2.24,2.70,2.16,4.14,0.00,80.00,3.00
264709,357.99,-1.28,-1.90,0.85,0.86,2.26,2.86,2.14,4.16,0.00,80.00,3.00
264738,357.95,-1.28,-1.89,0.84,0.85,2.30,2.89,2.14,4.20,0.00,80.00,3.00
264767,357.97,-1.29,-1.89,0.80,0.92,2.34,2.83,2.21,4.23,0.00,80.00,3.00
264797,357.96,-1.30,-1.89,0.89,0.94,2.42,2.92,2.23,4.31,0.00,80.00,3.00
264826,357.98,-1.30,-1.87,0.86,0.93,2.41,2.88,2.23,4.28,0.00,80.00,3.00
264858,357.96,-1.30,-1.86,0.98,0.92,2.37,3.02,2.22,4.24,0.00,80.00,3.00
264887,357.95,-1.30,-1.86,0.95,0.91,2.33,3.00,2.21,4.19,0.00,80.00,3.00
264916,357.90,-1.30,-1.87,0.94,0.93,2.26,3.05,2.23,4.13,0.00,80.00,3.00
264945,357.89,-1.30,-1.87,0.85,0.90,2.28,2.96,2.20,4.15,0.00,80.00,3.00
264974,357.83,-1.31,-1.86,0.83,0.90,2.29,3.00,2.20,4.15,0.00,80.00,3.00
265003,357.82,-1.31,-1.86,0.74,0.94,2.28,2.92,2.25,4.15,0.00,80.00,3.00
265032,357.85,-1.32,-1.87,0.73,0.95,2.28,2.88,2.26,4.15,0.00,80.00,3.00
265064,357.85,-1.32,-1.87,0.77,0.91,2.32,2.91,2.23,4.19,0.00,80.00,3.00
265093,357.82,-1.32,-1.87,0.76,0.92,2.31,2.95,2.24,4.18,0.00,80.00,3.00
265122,357.87,-1.32,-1.87,0.70,0.94,2.32,2.83,2.26,4.19,0.00,80.00,3.00
265151,357.90,-1.32,-1.87,0.70,0.96,2.35,2.80,2.28,4.22,0.00,80.00,3.00
265180,357.92,-1.32,-1.87,0.75,0.96,2.42,2.83,2.28,4.29,0.00,80.00,3.00
265210,357.98,-1.32,-1.87,0.70,0.97,2.43,2.72,2.29,4.29,0.00,80.00,3.00
265239,358.02,-1.32,-1.87,0.73,0.98,2.43,2.72,2.30,4.30,0.00,80.00,3.00
265271,357.99,-1.31,-1.86,0.76,0.97,2.48,2.77,2.28,4.34,0.00,80.00,3.00
265300,358.07,-1.31,-1.85,0.79,0.96,2.45,2.72,2.27,4.30,0.00,80.00,3.00
265329,358.01,-1.31,-1.85,0.86,0.92,2.44,2.85,2.23,4.29,0.00,80.00,3.00
265369,358.02,-1.32,-1.85,0.81,0.88,2.40,2.79,2.20,4.25,0.00,80.00,3.00
265398,358.03,-1.32,-1.86,0.86,0.83,2.38,2.84,2.15,4.24,0.00,80.00,3.00
265427,357.99,-1.32,-1.87,0.79,0.84,2.35,2.80,2.16,4.22,0.00,80.00,3.00
265456,358.01,-1.32,-1.87,0.81,0.84,2.33,2.80,2.16,4.20,0.00,80.00,3.00
265488,358.09,-1.31,-1.88,0.85,0.85,2.31,2.77,2.16,4.19,0.00,80.00,3.00
265517,358.17,-1.31,-1.88,0.80,0.89,2.35,2.63,2.20,4.23,0.00,80.00,3.00
265547,358.16,-1.32,-1.88,0.93,0.92,2.34,2.77,2.23,4.22,0.00,80.00,3.00
265576,358.14,-1.32,-1.88,1.01,0.95,2.36,2.87,2.27,4.24,0.00,80.00,3.00
265605,358.12,-1.32,-1.88,1.02,0.95,2.39,2.90,2.27,4.27,0.00,80.00,3.00
265634,358.16,-1.33,-1.88,0.84,0.95,2.33,2.68,2.27,4.21,0.00,80.00,3.00
265663,358.18,-1.33,-1.88,0.88,0.98,2.29,2.70,2.30,4.17,0.00,80.00,3.00
265703,358.22,-1.32,-1.88,0.89,0.93,2.24,2.67,2.26,4.12,0.00,80.00,3.00
265732,358.28,-1.33,-1.88,0.91,0.93,2.27,2.64,2.25,4.15,0.00,80.00,3.00
265761,358.28,-1.33,-1.87,0.90,0.93,2.33,2.62,2.25,4.21,0.00,80.00,3.00
265790,358.24,-1.32,-1.87,0.95,0.90,2.38,2.71,2.22,4.25,0.00,80.00,3.00
265820,358.24,-1.32,-1.87,0.97,0.92,2.40,2.73,2.24,4.27,0.00,80.00,3.00
265849,358.27,-1.32,-1.87,0.90,0.89,2.43,2.63,2.20,4.30,0.00,80.00,3.00
265878,358.30,-1.32,-1.86,0.86,0.91,2.49,2.56,2.23,4.36,0.00,80.00,3.00
265910,358.28,-1.31,-1.87,0.81,0.90,2.46,2.52,2.22,4.33,0.00,80.00,3.00
265939,358.26,-1.32,-1.87,0.84,0.88,2.44,2.58,2.19,4.31,0.00,80.00,3.00
265968,358.29,-1.32,-1.88,0.87,0.90,2.42,2.58,2.22,4.30,0.00,80.00,3.00
265997,358.25,-1.31,-1.86,0.93,0.92,2.41,2.68,2.24,4.28,0.00,80.00,3.00
266026,358.23,-1.31,-1.86,0.86,0.91,2.41,2.62,2.22,4.27,0.00,80.00,3.00
266055,358.22,-1.31,-1.86,0.81,0.91,2.45,2.59,2.22,4.31,0.00,80.00,3.00
266084,358.21,-1.31,-1.86,0.78,0.93,2.39,2.57,2.24,4.25,0.00,80.00,3.00
266128,358.16,-1.32,-1.87,0.76,0.92,2.34,2.60,2.24,4.20,0.00,80.00,3.00
266156,358.18,-1.32,-1.87,0.80,0.90,2.34,2.62,2.21,4.21,0.00,80.00,3.00
266185,358.19,-1.33,-1.87,0.74,0.92,2.36,2.55,2.24,4.22,0.00,80.00,3.00
266214,358.31,-1.33,-1.87,0.76,0.92,2.29,2.46,2.25,4.16,0.00,80.00,3.00
266243,358.36,-1.34,-1.88,0.79,0.89,2.25,2.42,2.23,4.12,0.00,80.00,3.00
266272,358.36,-1.34,-1.88,0.87,0.90,2.29,2.51,2.23,4.17,0.00,80.00,3.00
266301,358.34,-1.33,-1.88,0.86,0.89,2.29,2.52,2.22,4.17,0.00,80.00,3.00
266333,358.30,-1.33,-1.89,0.85,0.96,2.27,2.55,2.29,4.17,0.00,80.00,3.00
266362,358.31,-1.33,-1.89,0.89,0.91,2.22,2.58,2.24,4.11,0.00,80.00,3.00
266390,358.34,-1.34,-1.89,1.00,0.88,2.29,2.66,2.22,4.18,0.00,80.00,3.00
266419,358.28,-1.34,-1.89,0.97,0.89,2.31,2.69,2.23,4.21,0.00,80.00,3.00
266448,358.23,-1.33,-1.89,0.88,0.90,2.24,2.65,2.23,4.13,0.00,80.00,3.00
266477,358.31,-1.33,-1.90,0.88,0.85,2.30,2.57,2.18,4.19,0.00,80.00,3.00
266506,358.35,-1.32,-1.90,0.92,0.88,2.29,2.57,2.20,4.19,0.00,80.00,3.00
266538,358.32,-1.32,-1.91,0.82,0.95,2.20,2.50,2.27,4.10,0.00,80.00,3.00
266568,358.33,-1.31,-1.90,0.66,0.99,2.23,2.33,2.31,4.13,0.00,80.00,3.00
266597,358.39,-1.31,-1.90,0.60,1.01,2.21,2.21,2.32,4.12,0.00,80.00,3.00
266626,358.35,-1.31,-1.90,0.64,1.00,2.24,2.30,2.30,4.14,0.00,80.00,3.00
266655,358.37,-1.31,-1.90,0.68,1.01,2.23,2.31,2.32,4.13,0.00,80.00,3.00
266685,358.30,-1.31,-1.90,0.67,0.96,2.34,2.38,2.28,4.24,0.00,80.00,3.00
266714,358.26,-1.32,-1.91,0.68,0.91,2.33,2.42,2.23,4.24,0.00,80.00,3.00
266746,358.23,-1.32,-1.91,0.74,0.91,2.33,2.51,2.23,4.24,0.00,80.00,3.00
266776,358.25,-1.32,-1.92,0.84,0.91,2.38,2.59,2.23,4.30,0.00,80.00,3.00
266805,358.23,-1.33,-1.92,0.89,0.96,2.45,2.66,2.29,4.38,0.00,80.00,3.00
266899,358.29,-1.32,-1.93,0.80,0.94,2.46,2.51,2.27,4.39,0.00,80.00,3.00
267032,358.27,-1.31,-1.92,0.89,0.96,2.45,2.61,2.27,4.38,0.00,80.00,3.00
267170,358.28,-1.32,-1.91,1.02,0.97,2.47,2.74,2.29,4.38,0.00,80.00,3.00
267256,358.31,-1.32,-1.91,0.98,0.96,2.41,2.67,2.28,4.32,0.00,80.00,3.00
267288,358.28,-1.32,-1.91,0.84,0.93,2.35,2.56,2.25,4.26,0.00,80.00,3.00
267317,358.23,-1.33,-1.91,0.77,0.90,2.37,2.54,2.23,4.28,0.00,80.00,3.00
267346,358.18,-1.32,-1.91,0.73,0.91,2.36,2.55,2.23,4.27,0.00,80.00,3.00
267376,358.12,-1.31,-1.91,0.64,0.86,2.38,2.51,2.17,4.28,0.00,80.00,3.00
267405,358.17,-1.31,-1.90,0.58,0.83,2.47,2.41,2.14,4.37,0.00,80.00,3.00
267434,358.20,-1.31,-1.91,0.56,0.86,2.45,2.36,2.17,4.36,0.00,80.00,3.00
267463,358.15,-1.31,-1.91,0.74,0.87,2.26,2.59,2.18,4.18,0.00,80.00,3.00
267495,358.17,-1.31,-1.91,0.75,0.86,2.33,2.58,2.17,4.24,0.00,80.00,3.00
267525,358.11,-1.31,-1.91,0.73,0.96,2.37,2.62,2.28,4.29,0.00,80.00,3.00
267554,358.09,-1.31,-1.92,0.78,0.97,2.33,2.69,2.28,4.24,0.00,80.00,3.00
267583,358.08,-1.31,-1.92,0.80,0.93,2.34,2.73,2.24,4.26,0.00,80.00,3.00
267612,358.06,-1.31,-1.92,0.87,0.95,2.36,2.81,2.26,4.28,0.00,80.00,3.00
267650,358.04,-1.31,-1.92,0.82,0.94,2.33,2.78,2.26,4.25,0.00,80.00,3.00
267679,358.03,-1.31,-1.92,0.74,0.96,2.32,2.71,2.27,4.23,0.00,80.00,3.00
267711,358.03,-1.31,-1.91,0.68,0.95,2.34,2.65,2.26,4.25,0.00,80.00,3.00
267740,358.02,-1.32,-1.91,0.61,0.95,2.33,2.59,2.27,4.23,0.00,80.00,3.00
267770,358.00,-1.32,-1.91,0.66,0.92,2.36,2.67,2.24,4.27,0.00,80.00,3.00
267799,358.01,-1.32,-1.90,0.61,0.87,2.33,2.60,2.18,4.23,0.00,80.00,3.00
267828,358.09,-1.33,-1.90,0.64,0.87,2.39,2.56,2.20,4.30,0.00,80.00,3.00
267857,358.07,-1.33,-1.90,0.71,0.81,2.39,2.64,2.13,4.30,0.00,80.00,3.00
267898,358.09,-1.32,-1.91,0.76,0.81,2.33,2.66,2.13,4.24,0.00,80.00,3.00
267930,358.03,-1.32,-1.90,0.68,0.84,2.26,2.65,2.16,4.16,0.00,80.00,3.00
267959,358.01,-1.32,-1.90,0.63,0.83,2.29,2.62,2.15,4.19,0.00,80.00,3.00
267988,358.04,-1.32,-1.90,0.68,0.83,2.24,2.64,2.15,4.15,0.00,80.00,3.00
268018,358.06,-1.31,-1.90,0.65,0.87,2.27,2.59,2.18,4.17,0.00,80.00,3.00
268047,358.02,-1.32,-1.90,0.68,0.88,2.27,2.66,2.19,4.17,0.00,80.00,3.00
268076,358.05,-1.32,-1.89,0.72,0.91,2.35,2.67,2.23,4.24,0.00,80.00,3.00
268105,358.03,-1.31,-1.90,0.77,0.90,2.33,2.75,2.21,4.23,0.00,80.00,3.00
268137,358.07,-1.31,-1.91,0.83,0.91,2.37,2.76,2.23,4.28,0.00,80.00,3.00
268167,358.08,-1.31,-1.91,0.82,0.98,2.43,2.74,2.30,4.33,0.00,80.00,3.00
268196,358.09,-1.31,-1.91,0.80,0.92,2.45,2.71,2.23,4.36,0.00,80.00,3.00
268225,358.01,-1.31,-1.92,0.79,0.89,2.49,2.77,2.20,4.41,0.00,80.00,3.00
268254,358.16,-1.31,-1.91,0.80,0.90,2.48,2.64,2.20,4.38,0.00,80.00,3.00
268283,358.19,-1.30,-1.91,0.75,0.91,2.38,2.55,2.21,4.28,0.00,80.00,3.00
268313,358.18,-1.30,-1.90,0.69,0.84,2.24,2.51,2.14,4.14,0.00,80.00,3.00
268345,358.16,-1.31,-1.90,0.67,0.89,2.23,2.52,2.20,4.12,0.00,80.00,3.00
268374,358.15,-1.31,-1.89,0.65,0.91,2.20,2.51,2.22,4.09,0.00,80.00,3.00
268403,358.13,-1.31,-1.89,0.50,0.95,2.18,2.37,2.26,4.07,0.00,80.00,3.00
268432,358.10,-1.31,-1.89,0.52,0.96,2.15,2.42,2.27,4.04,0.00,80.00,3.00
268461,358.14,-1.31,-1.89,0.51,0.99,2.17,2.37,2.31,4.06,0.00,80.00,3.00
268490,358.10,-1.31,-1.90,0.64,1.05,2.25,2.53,2.36,4.15,0.00,80.00,3.00
268520,358.15,-1.31,-1.89,0.70,1.02,2.28,2.55,2.33,4.17,0.00,80.00,3.00
268552,358.09,-1.31,-1.88,0.81,1.00,2.30,2.72,2.31,4.18,0.00,80.00,3.00
268593,358.15,-1.32,-1.87,0.94,0.97,2.28,2.78,2.28,4.15,0.00,80.00,3.00
268622,358.19,-1.32,-1.87,1.05,0.99,2.36,2.86,2.31,4.23,0.00,80.00,3.00
268651,358.17,-1.32,-1.89,1.07,0.94,2.40,2.90,2.25,4.28,0.00,80.00,3.00
268680,358.15,-1.32,-1.89,0.84,0.88,2.33,2.69,2.20,4.22,0.00,80.00,3.00
268709,358.19,-1.32,-1.89,0.84,0.85,2.35,2.65,2.17,4.24,0.00,80.00,3.00
268739,358.21,-1.32,-1.89,0.82,0.87,2.39,2.61,2.19,4.28,0.00,80.00,3.00
268771,358.19,-1.32,-1.89,0.69,0.86,2.44,2.50,2.18,4.33,0.00,80.00,3.00
268800,358.25,-1.31,-1.89,0.67,0.85,2.41,2.42,2.16,4.30,0.00,80.00,3.00
268829,358.28,-1.31,-1.88,0.64,0.87,2.45,2.35,2.18,4.33,0.00,80.00,3.00
268858,358.32,-1.32,-1.89,0.65,0.87,2.46,2.34,2.19,4.35,0.00,80.00,3.00
268887,358.35,-1.32,-1.88,0.60,0.87,2.42,2.25,2.19,4.30,0.00,80.00,3.00
268917,358.32,-1.32,-1.88,0.74,0.92,2.42,2.42,2.23,4.30,0.00,80.00,3.00
268946,358.28,-1.31,-1.87,0.79,0.90,2.40,2.51,2.21,4.28,0.00,80.00,3.00
268978,358.28,-1.31,-1.88,0.80,0.92,2.41,2.52,2.23,4.29,0.00,80.00,3.00
269007,358.35,-1.31,-1.87,0.84,0.93,2.44,2.49,2.24,4.31,0.00,80.00,3.00
269036,358.29,-1.31,-1.88,0.86,1.01,2.48,2.56,2.32,4.36,0.00,80.00,3.00
269066,358.29,-1.32,-1.88,0.86,1.01,2.49,2.57,2.32,4.37,0.00,80.00,3.00
269095,358.25,-1.31,-1.88,0.71,1.00,2.51,2.46,2.32,4.40,0.00,80.00,3.00
269124,358.21,-1.32,-1.88,0.73,0.97,2.52,2.52,2.29,4.41,0.00,80.00,3.00
269153,358.25,-1.31,-1.88,0.83,0.93,2.48,2.58,2.24,4.36,0.00,80.00,3.00
269185,358.23,-1.31,-1.89,0.86,0.92,2.39,2.63,2.23,4.28,0.00,80.00,3.00
269214,358.19,-1.31,-1.90,0.90,0.90,2.30,2.71,2.21,4.19,0.00,80.00,3.00
269243,358.20,-1.31,-1.89,0.86,0.86,2.27,2.66,2.17,4.16,0.00,80.00,3.00
269273,358.27,-1.31,-1.89,0.85,0.88,2.22,2.58,2.19,4.11,0.00,80.00,3.00
269322,358.24,-1.31,-1.89,0.84,0.91,2.22,2.59,2.23,4.11,0.00,80.00,3.00
269351,358.22,-1.32,-1.89,0.70,0.93,2.21,2.48,2.25,4.09,0.00,80.00,3.00
269380,358.25,-1.31,-1.89,0.78,0.87,2.22,2.52,2.18,4.10,0.00,80.00,3.00
269412,358.21,-1.32,-1.88,0.79,0.90,2.32,2.58,2.23,4.21,0.00,80.00,3.00
269441,358.22,-1.33,-1.89,0.90,0.91,2.38,2.69,2.23,4.26,0.00,80.00,3.00
269470,358.22,-1.32,-1.89,0.92,0.88,2.35,2.70,2.20,4.24,0.00,80.00,3.00
269499,358.16,-1.32,-1.89,1.04,0.90,2.34,2.89,2.22,4.23,0.00,80.00,3.00
269528,358.12,-1.32,-1.89,1.06,0.91,2.43,2.93,2.22,4.32,0.00,80.00,3.00
269557,358.11,-1.31,-1.89,1.05,0.91,2.38,2.94,2.22,4.27,0.00,80.00,3.00
269586,358.06,-1.31,-1.90,0.91,0.90,2.34,2.85,2.21,4.24,0.00,80.00,3.00
269618,358.11,-1.31,-1.90,0.84,0.90,2.42,2.73,2.21,4.32,0.00,80.00,3.00
269648,358.12,-1.31,-1.89,0.71,0.90,2.41,2.59,2.21,4.30,0.00,80.00,3.00
269677,358.09,-1.31,-1.89,0.65,0.93,2.28,2.56,2.24,4.18,0.00,80.00,3.00
269706,357.99,-1.31,-1.89,0.65,0.95,2.32,2.67,2.26,4.21,0.00,80.00,3.00
269735,358.08,-1.31,-1.88,0.65,0.96,2.33,2.57,2.26,4.21,0.00,80.00,3.00
269764,358.05,-1.31,-1.89,0.60,1.01,2.31,2.55,2.32,4.20,0.00,80.00,3.00
269793,358.02,-1.31,-1.88,0.77,1.02,2.26,2.76,2.33,4.14,0.00,80.00,3.00
269825,357.98,-1.31,-1.88,0.83,1.05,2.30,2.85,2.36,4.18,0.00,80.00,3.00
269855,358.02,-1.32,-1.88,0.89,1.01,2.34,2.87,2.33,4.23,0.00,80.00,3.00
269884,357.99,-1.32,-1.89,0.95,0.98,2.39,2.96,2.29,4.28,0.00,80.00,3.00
269913,358.04,-1.32,-1.89,0.91,0.95,2.44,2.88,2.27,4.33,0.00,80.00,3.00
269942,358.02,-1.31,-1.89,0.84,0.92,2.45,2.82,2.24,4.35,0.00,80.00,3.00
269971,357.96,-1.30,-1.89,0.73,0.93,2.45,2.78,2.23,4.35,0.00,80.00,3.00
270000,357.90,-1.30,-1.89,0.65,0.92,2.50,2.75,2.22,4.38,0.00,80.00,3.00
270044,357.89,-1.30,-1.90,0.64,0.93,2.47,2.75,2.23,4.36,0.00,80.00,3.00
270073,357.88,-1.29,-1.90,0.54,0.95,2.36,2.66,2.25,4.27,0.00,80.00,3.00
270102,357.75,-1.29,-1.90,0.58,0.98,2.34,2.83,2.27,4.24,0.00,80.00,3.00
270131,357.75,-1.29,-1.91,0.59,0.95,2.36,2.84,2.24,4.27,0.00,80.00,3.00
270160,357.74,-1.29,-1.91,0.63,0.92,2.38,2.89,2.21,4.29,0.00,80.00,3.00
270189,357.77,-1.29,-1.91,0.53,0.90,2.40,2.76,2.19,4.31,0.00,80.00,3.00
270219,357.75,-1.28,-1.91,0.58,0.87,2.42,2.83,2.15,4.32,0.00,80.00,3.00
270251,357.76,-1.27,-1.91,0.61,0.83,2.44,2.84,2.10,4.36,0.00,80.00,3.00
270280,357.74,-1.27,-1.92,0.59,0.83,2.45,2.86,2.10,4.37,0.00,80.00,3.00
270309,357.71,-1.27,-1.92,0.65,0.89,2.36,2.93,2.16,4.28,0.00,80.00,3.00
270338,357.74,-1.27,-1.93,0.75,0.90,2.33,3.02,2.16,4.26,0.00,80.00,3.00
270367,357.70,-1.27,-1.93,0.76,0.88,2.35,3.06,2.15,4.28,0.00,80.00,3.00
270396,357.72,-1.27,-1.93,0.76,0.84,2.37,3.04,2.11,4.29,0.00,80.00,3.00
270425,357.73,-1.28,-1.94,0.79,0.83,2.30,3.06,2.10,4.24,0.00,80.00,3.00
270453,357.80,-1.28,-1.94,0.75,0.85,2.28,2.95,2.14,4.22,0.00,80.00,3.00
270482,357.78,-1.28,-1.94,0.68,0.86,2.32,2.90,2.14,4.26,0.00,80.00,3.00
270511,357.75,-1.28,-1.94,0.63,0.88,2.28,2.88,2.16,4.22,0.00,80.00,3.00
270540,357.87,-1.27,-1.94,0.75,0.95,2.26,2.89,2.22,4.20,0.00,80.00,3.00
270570,357.83,-1.27,-1.93,0.76,0.96,2.25,2.92,2.23,4.18,0.00,80.00,3.00
270599,357.87,-1.27,-1.93,0.79,0.98,2.33,2.92,2.25,4.26,0.00,80.00,3.00
270628,357.97,-1.26,-1.93,0.83,0.95,2.27,2.86,2.21,4.20,0.00,80.00,3.00
270657,357.95,-1.27,-1.93,0.85,0.93,2.22,2.90,2.19,4.16,0.00,80.00,3.00
270689,358.01,-1.27,-1.93,0.83,0.90,2.22,2.83,2.17,4.15,0.00,80.00,3.00
270718,358.03,-1.27,-1.93,0.81,0.88,2.22,2.78,2.15,4.15,0.00,80.00,3.00
270759,358.01,-1.27,-1.93,0.81,0.90,2.27,2.80,2.17,4.21,0.00,80.00,3.00
270788,357.92,-1.28,-1.93,0.86,0.88,2.29,2.94,2.15,4.22,0.00,80.00,3.00
270817,357.90,-1.27,-1.93,0.85,0.84,2.34,2.95,2.11,4.27,0.00,80.00,3.00
270846,357.85,-1.25,-1.93,0.81,0.86,2.37,2.96,2.12,4.30,0.00,80.00,3.00
270875,357.84,-1.26,-1.93,0.77,0.87,2.50,2.93,2.13,4.43,0.00,80.00,3.00
270907,357.89,-1.25,-1.94,0.69,0.84,2.49,2.81,2.09,4.43,0.00,80.00,3.00
270945,357.96,-1.25,-1.93,0.74,0.80,2.46,2.79,2.05,4.39,0.00,80.00,3.00
270974,358.00,-1.25,-1.92,0.74,0.81,2.43,2.75,2.06,4.36,0.00,80.00,3.00
271003,358.03,-1.25,-1.93,0.77,0.86,2.47,2.74,2.11,4.40,0.00,80.00,3.00
271032,358.05,-1.25,-1.93,0.91,0.83,2.40,2.86,2.09,4.34,0.00,80.00,3.00
271061,358.10,-1.25,-1.93,0.82,0.90,2.40,2.72,2.15,4.33,0.00,80.00,3.00
271090,358.10,-1.25,-1.92,0.80,0.92,2.36,2.70,2.17,4.29,0.00,80.00,3.00
271122,358.14,-1.26,-1.92,0.81,0.90,2.35,2.67,2.15,4.26,0.00,80.00,3.00
271151,358.08,-1.26,-1.92,0.85,0.90,2.32,2.77,2.16,4.24,0.00,80.00,3.00
271180,358.18,-1.26,-1.92,0.75,0.87,2.30,2.58,2.13,4.22,0.00,80.00,3.00
271209,358.28,-1.26,-1.92,0.85,0.83,2.23,2.57,2.09,4.15,0.00,80.00,3.00
271239,358.23,-1.26,-1.92,0.78,0.84,2.23,2.55,2.10,4.15,0.00,80.00,3.00
271268,358.24,-1.26,-1.92,0.71,0.88,2.22,2.46,2.14,4.14,0.00,80.00,3.00
271297,358.29,-1.27,-1.93,0.69,0.96,2.25,2.40,2.22,4.18,0.00,80.00,3.00
271329,358.28,-1.26,-1.93,0.66,0.95,2.27,2.37,2.22,4.20,0.00,80.00,3.00
271358,358.21,-1.25,-1.93,0.59,0.93,2.32,2.38,2.18,4.26,0.00,80.00,3.00
271387,358.23,-1.25,-1.93,0.65,0.94,2.38,2.43,2.18,4.30,0.00,80.00,3.00
271416,358.24,-1.25,-1.93,0.70,0.92,2.37,2.46,2.16,4.29,0.00,80.00,3.00
271445,358.22,-1.25,-1.92,0.69,0.93,2.39,2.46,2.18,4.31,0.00,80.00,3.00
271486,358.31,-1.26,-1.92,0.67,0.94,2.45,2.36,2.20,4.37,0.00,80.00,3.00
271515,358.41,-1.26,-1.93,0.76,0.98,2.36,2.35,2.24,4.28,0.00,80.00,3.00
271547,358.43,-1.26,-1.91,0.76,1.01,2.37,2.33,2.27,4.28,0.00,80.00,3.00
271576,358.48,-1.26,-1.91,0.79,1.03,2.43,2.31,2.29,4.35,0.00,80.00,3.00
271605,358.51,-1.26,-1.92,0.86,1.05,2.47,2.35,2.31,4.39,0.00,80.00,3.00
271634,358.52,-1.25,-1.91,0.84,0.97,2.42,2.32,2.22,4.34,0.00,80.00,3.00
271663,358.56,-1.26,-1.91,0.80,0.96,2.44,2.24,2.21,4.35,0.00,80.00,3.00
271692,358.54,-1.25,-1.91,0.84,0.93,2.43,2.30,2.18,4.34,0.00,80.00,3.00
271721,358.59,-1.26,-1.90,0.80,0.91,2.39,2.22,2.17,4.30,0.00,80.00,3.00
271753,358.61,-1.27,-1.90,0.67,0.87,2.34,2.06,2.14,4.24,0.00,80.00,3.00
271783,358.61,-1.27,-1.90,0.74,0.88,2.36,2.13,2.16,4.27,0.00,80.00,3.00
271812,358.69,-1.27,-1.90,0.69,0.88,2.32,2.00,2.15,4.22,0.00,80.00,3.00
271841,358.65,-1.28,-1.89,0.67,0.87,2.31,2.02,2.14,4.21,0.00,80.00,3.00
271870,358.66,-1.27,-1.89,0.64,0.90,2.37,1.99,2.16,4.26,0.00,80.00,3.00
271899,358.57,-1.27,-1.89,0.73,0.92,2.42,2.16,2.19,4.32,0.00,80.00,3.00
271928,358.59,-1.27,-1.90,0.71,0.93,2.34,2.11,2.20,4.24,0.00,80.00,3.00
271960,358.51,-1.27,-1.89,0.66,0.96,2.31,2.14,2.22,4.20,0.00,80.00,3.00
271989,358.54,-1.27,-1.88,0.73,0.94,2.34,2.19,2.21,4.22,0.00,80.00,3.00
272018,358.53,-1.27,-1.88,0.82,0.90,2.36,2.29,2.17,4.24,0.00,80.00,3.00
272047,358.51,-1.29,-1.88,0.84,0.91,2.32,2.33,2.20,4.19,0.00,80.00,3.00
272076,358.48,-1.29,-1.88,0.86,0.90,2.36,2.39,2.19,4.24,0.00,80.00,3.00
272105,358.46,-1.29,-1.89,0.95,0.90,2.35,2.49,2.19,4.24,0.00,80.00,3.00
272134,358.40,-1.31,-1.89,0.99,0.90,2.28,2.60,2.21,4.17,0.00,80.00,3.00
272166,358.47,-1.31,-1.89,1.00,0.92,2.33,2.53,2.22,4.21,0.00,80.00,3.00
272207,358.41,-1.30,-1.88,0.94,0.92,2.36,2.54,2.22,4.25,0.00,80.00,3.00
272236,358.43,-1.30,-1.88,1.00,0.91,2.32,2.57,2.21,4.21,0.00,80.00,3.00
272265,358.45,-1.30,-1.88,0.95,0.91,2.31,2.50,2.21,4.20,0.00,80.00,3.00
272294,358.45,-1.29,-1.89,0.93,0.90,2.36,2.49,2.19,4.25,0.00,80.00,3.00
272324,358.44,-1.29,-1.89,0.87,0.89,2.32,2.43,2.18,4.21,0.00,80.00,3.00
272353,358.54,-1.29,-1.90,0.87,0.90,2.29,2.33,2.20,4.19,0.00,80.00,3.00
272385,358.53,-1.30,-1.90,0.84,0.87,2.30,2.31,2.17,4.19,0.00,80.00,3.00
272414,358.56,-1.30,-1.89,0.76,0.86,2.36,2.20,2.16,4.26,0.00,80.00,3.00
272443,358.54,-1.29,-1.90,0.77,0.89,2.34,2.23,2.18,4.24,0.00,80.00,3.00
272472,358.54,-1.29,-1.90,0.81,0.89,2.43,2.28,2.18,4.33,0.00,80.00,3.00
272501,358.52,-1.28,-1.90,0.85,0.92,2.47,2.33,2.20,4.37,0.00,80.00,3.00
272530,358.53,-1.28,-1.90,0.93,0.89,2.44,2.40,2.16,4.34,0.00,80.00,3.00
272559,358.43,-1.28,-1.89,0.96,0.88,2.45,2.53,2.15,4.34,0.00,80.00,3.00
272600,358.41,-1.29,-1.90,0.94,0.87,2.41,2.53,2.16,4.31,0.00,80.00,3.00
272629,358.37,-1.28,-1.91,0.90,0.84,2.41,2.53,2.13,4.31,0.00,80.00,3.00
272658,358.45,-1.28,-1.91,0.83,0.81,2.42,2.38,2.09,4.33,0.00,80.00,3.00
272687,358.42,-1.28,-1.91,0.72,0.80,2.42,2.30,2.08,4.32,0.00,80.00,3.00
272716,358.39,-1.28,-1.91,0.64,0.81,2.38,2.25,2.09,4.29,0.00,80.00,3.00
272745,358.40,-1.27,-1.91,0.60,0.82,2.35,2.20,2.09,4.26,0.00,80.00,3.00
272774,358.36,-1.27,-1.91,0.54,0.85,2.33,2.18,2.13,4.24,0.00,80.00,3.00
272806,358.41,-1.27,-1.91,0.54,0.89,2.28,2.13,2.16,4.19,0.00,80.00,3.00
272835,358.41,-1.27,-1.91,0.64,0.92,2.29,2.24,2.19,4.20,0.00,80.00,3.00
272864,358.49,-1.28,-1.91,0.79,1.00,2.33,2.30,2.27,4.25,0.00,80.00,3.00
272893,358.52,-1.28,-1.91,0.83,0.99,2.38,2.31,2.26,4.29,0.00,80.00,3.00
272934,358.51,-1.28,-1.91,0.99,0.95,2.42,2.48,2.23,4.33,0.00,80.00,3.00
272963,358.56,-1.27,-1.91,0.96,0.91,2.40,2.40,2.18,4.31,0.00,80.00,3.00
272992,358.47,-1.27,-1.91,0.96,0.87,2.40,2.49,2.14,4.31,0.00,80.00,3.00
273024,358.49,-1.27,-1.91,0.89,0.83,2.38,2.40,2.10,4.29,0.00,80.00,3.00
273053,358.49,-1.28,-1.91,0.72,0.79,2.35,2.23,2.06,4.26,0.00,80.00,3.00
273082,358.50,-1.27,-1.91,0.61,0.82,2.33,2.10,2.09,4.24,0.00,80.00,3.00
273111,358.51,-1.28,-1.92,0.64,0.83,2.38,2.13,2.11,4.30,0.00,80.00,3.00
273140,358.52,-1.29,-1.92,0.71,0.81,2.39,2.18,2.09,4.32,0.00,80.00,3.00
273169,358.51,-1.28,-1.93,0.70,0.81,2.37,2.19,2.09,4.30,0.00,80.00,3.00
273199,358.54,-1.29,-1.92,0.86,0.81,2.27,2.32,2.10,4.19,0.00,80.00,3.00
273230,358.53,-1.29,-1.92,0.90,0.81,2.31,2.37,2.09,4.24,0.00,80.00,3.00
273259,358.44,-1.28,-1.92,0.90,0.77,2.28,2.46,2.06,4.20,0.00,80.00,3.00
273288,358.52,-1.28,-1.92,0.86,0.74,2.24,2.35,2.02,4.17,0.00,80.00,3.00
273317,358.47,-1.29,-1.92,0.83,0.75,2.25,2.36,2.04,4.17,0.00,80.00,3.00
273346,358.44,-1.29,-1.92,0.78,0.79,2.29,2.34,2.08,4.21,0.00,80.00,3.00
273375,358.41,-1.29,-1.93,0.74,0.84,2.33,2.33,2.13,4.26,0.00,80.00,3.00
273404,358.48,-1.29,-1.92,0.77,0.84,2.32,2.30,2.14,4.24,0.00,80.00,3.00
273441,358.47,-1.30,-1.92,0.75,0.90,2.30,2.28,2.20,4.22,0.00,80.00,3.00
273470,358.55,-1.30,-1.91,0.73,0.94,2.36,2.18,2.24,4.27,0.00,80.00,3.00
273499,358.58,-1.29,-1.92,0.79,0.92,2.38,2.21,2.22,4.30,0.00,80.00,3.00
273528,358.62,-1.29,-1.94,0.76,0.91,2.41,2.13,2.20,4.35,0.00,80.00,3.00
273556,358.62,-1.28,-1.94,0.77,0.88,2.41,2.15,2.17,4.35,0.00,80.00,3.00
273585,358.71,-1.29,-1.94,0.68,0.90,2.45,1.97,2.19,4.40,0.00,80.00,3.00
273636,358.77,-1.28,-1.95,0.77,0.87,2.57,2.00,2.15,4.52,0.00,80.00,3.00
273668,358.77,-1.27,-1.95,0.74,0.86,2.55,1.97,2.13,4.50,0.00,80.00,3.00
273697,358.76,-1.28,-1.95,0.80,0.84,2.51,2.04,2.11,4.46,0.00,80.00,3.00
273726,358.79,-1.28,-1.95,0.84,0.82,2.45,2.05,2.11,4.40,0.00,80.00,3.00
273755,358.77,-1.29,-1.95,0.91,0.84,2.46,2.14,2.13,4.40,0.00,80.00,3.00
273785,358.73,-1.29,-1.94,0.98,0.81,2.35,2.26,2.11,4.29,0.00,80.00,3.00
273814,358.81,-1.29,-1.94,0.90,0.89,2.24,2.08,2.18,4.17,0.00,80.00,3.00
273843,358.82,-1.29,-1.94,0.91,0.84,2.25,2.09,2.13,4.19,0.00,80.00,3.00
273875,358.77,-1.29,-1.93,0.87,0.83,2.23,2.10,2.11,4.16,0.00,80.00,3.00
273905,358.74,-1.28,-1.93,0.81,0.83,2.22,2.07,2.11,4.15,0.00,80.00,3.00
273934,358.62,-1.28,-1.93,0.71,0.83,2.18,2.09,2.11,4.10,0.00,80.00,3.00
273963,358.63,-1.29,-1.93,0.72,0.81,2.20,2.09,2.10,4.13,0.00,80.00,3.00
273992,358.58,-1.28,-1.94,0.73,0.87,2.18,2.15,2.16,4.11,0.00,80.00,3.00
274022,358.62,-1.30,-1.94,0.69,0.90,2.21,2.08,2.20,4.15,0.00,80.00,3.00
274051,358.57,-1.30,-1.94,0.64,0.92,2.22,2.07,2.22,4.17,0.00,80.00,3.00
274083,358.67,-1.31,-1.95,0.68,0.86,2.31,2.01,2.17,4.26,0.00,80.00,3.00
274112,358.77,-1.30,-1.94,0.74,0.84,2.32,1.97,2.14,4.27,0.00,80.00,3.00
274141,358.79,-1.30,-1.94,0.69,0.83,2.41,1.90,2.13,4.34,0.00,80.00,3.00
274171,358.77,-1.30,-1.94,0.69,0.79,2.37,1.92,2.09,4.31,0.00,80.00,3.00
274200,358.75,-1.30,-1.94,0.71,0.80,2.31,1.97,2.09,4.25,0.00,80.00,3.00
274237,358.81,-1.30,-1.93,0.77,0.75,2.20,1.97,2.05,4.13,0.00,80.00,3.00
274267,358.83,-1.30,-1.93,0.77,0.84,2.22,1.94,2.15,4.15,0.00,80.00,3.00
274299,358.80,-1.30,-1.93,0.83,0.83,2.24,2.03,2.14,4.17,0.00,80.00,3.00
274340,358.72,-1.30,-1.94,0.82,0.85,2.23,2.10,2.16,4.17,0.00,80.00,3.00
274369,358.72,-1.31,-1.93,0.86,0.90,2.24,2.14,2.20,4.17,0.00,80.00,3.00
274398,358.68,-1.30,-1.94,0.82,0.92,2.33,2.15,2.22,4.26,0.00,80.00,3.00
274427,358.64,-1.31,-1.94,0.73,0.97,2.36,2.09,2.27,4.29,0.00,80.00,3.00
274457,358.67,-1.30,-1.94,0.64,0.91,2.35,1.98,2.21,4.29,0.00,80.00,3.00
274486,358.63,-1.30,-1.94,0.50,0.94,2.35,1.87,2.25,4.28,0.00,80.00,3.00
274518,358.68,-1.30,-1.93,0.44,0.95,2.37,1.76,2.25,4.31,0.00,80.00,3.00
274547,358.64,-1.30,-1.94,0.38,0.97,2.31,1.73,2.28,4.25,0.00,80.00,3.00
274576,358.66,-1.30,-1.94,0.42,0.95,2.34,1.75,2.25,4.27,0.00,80.00,3.00
274605,358.70,-1.30,-1.94,0.55,1.02,2.36,1.85,2.32,4.29,0.00,80.00,3.00
274635,358.71,-1.30,-1.94,0.62,1.00,2.39,1.91,2.30,4.33,0.00,80.00,3.00
274664,358.73,-1.29,-1.94,0.68,0.99,2.42,1.95,2.29,4.36,0.00,80.00,3.00
274693,358.75,-1.29,-1.93,0.63,0.96,2.44,1.87,2.25,4.37,0.00,80.00,3.00
274725,358.79,-1.29,-1.92,0.72,0.98,2.40,1.93,2.27,4.33,0.00,80.00,3.00
274754,358.70,-1.29,-1.93,0.76,0.95,2.39,2.06,2.24,4.32,0.00,80.00,3.00
274784,358.67,-1.28,-1.93,0.76,0.96,2.35,2.10,2.24,4.28,0.00,80.00,3.00
274813,358.67,-1.29,-1.92,0.75,0.95,2.35,2.07,2.24,4.27,0.00,80.00,3.00
274842,358.68,-1.28,-1.93,0.81,0.91,2.33,2.13,2.19,4.26,0.00,80.00,3.00
274871,358.68,-1.28,-1.94,0.83,0.92,2.42,2.14,2.20,4.36,0.00,80.00,3.00
274900,358.69,-1.29,-1.94,0.70,0.89,2.40,2.01,2.18,4.34,0.00,80.00,3.00
274932,358.73,-1.28,-1.95,0.57,0.88,2.42,1.84,2.16,4.37,0.00,80.00,3.00
274962,358.73,-1.27,-1.95,0.66,0.87,2.45,1.93,2.14,4.40,0.00,80.00,3.00
274991,358.72,-1.26,-1.96,0.67,0.90,2.42,1.95,2.17,4.38,0.00,80.00,3.00
275032,358.70,-1.26,-1.95,0.69,0.87,2.43,1.99,2.13,4.38,0.00,80.00,3.00
275168,358.68,-1.26,-1.94,0.71,0.90,2.41,2.03,2.15,4.35,0.00,80.00,3.00
275303,358.73,-1.26,-1.94,0.80,0.93,2.44,2.07,2.18,4.38,0.00,80.00,3.00
275443,358.68,-1.25,-1.94,0.88,0.93,2.39,2.20,2.18,4.33,0.00,80.00,3.00
275475,358.66,-1.25,-1.93,0.88,0.95,2.32,2.22,2.20,4.25,0.00,80.00,3.00
275504,358.63,-1.25,-1.93,0.74,0.95,2.24,2.11,2.20,4.18,0.00,80.00,3.00
275533,358.56,-1.26,-1.92,0.80,0.95,2.23,2.23,2.21,4.15,0.00,80.00,3.00
275562,358.60,-1.25,-1.93,0.77,0.90,2.22,2.17,2.15,4.15,0.00,80.00,3.00
275592,358.62,-1.25,-1.94,0.75,0.91,2.26,2.13,2.15,4.19,0.00,80.00,3.00
275621,358.66,-1.24,-1.94,0.60,0.82,2.30,1.94,2.06,4.24,0.00,80.00,3.00
275650,358.66,-1.25,-1.95,0.57,0.87,2.53,1.91,2.11,4.48,0.00,80.00,3.00
275682,358.70,-1.25,-1.96,0.81,0.83,2.43,2.10,2.08,4.39,0.00,80.00,3.00
275711,358.66,-1.26,-1.95,0.98,0.88,2.38,2.32,2.14,4.33,0.00,80.00,3.00
275741,358.69,-1.26,-1.95,0.95,0.95,2.40,2.26,2.21,4.35,0.00,80.00,3.00
275770,358.81,-1.27,-1.95,0.89,0.98,2.41,2.08,2.25,4.36,0.00,80.00,3.00
275799,358.80,-1.26,-1.95,0.77,1.02,2.43,1.98,2.28,4.38,0.00,80.00,3.00
275828,358.84,-1.27,-1.95,0.81,0.99,2.38,1.96,2.26,4.32,0.00,80.00,3.00
275857,358.79,-1.27,-1.94,0.83,1.01,2.37,2.04,2.28,4.31,0.00,80.00,3.00
275889,358.82,-1.27,-1.94,0.89,0.93,2.33,2.07,2.19,4.27,0.00,80.00,3.00
275919,358.74,-1.26,-1.94,0.85,0.85,2.28,2.11,2.11,4.22,0.00,80.00,3.00
275948,358.61,-1.27,-1.94,0.88,0.84,2.22,2.26,2.10,4.16,0.00,80.00,3.00
275977,358.63,-1.27,-1.94,0.84,0.83,2.28,2.21,2.10,4.22,0.00,80.00,3.00
276006,358.66,-1.27,-1.94,0.72,0.83,2.31,2.06,2.09,4.25,0.00,80.00,3.00
276035,358.63,-1.27,-1.94,0.68,0.85,2.36,2.05,2.12,4.30,0.00,80.00,3.00
276076,358.57,-1.26,-1.95,0.64,0.89,2.41,2.06,2.15,4.36,0.00,80.00,3.00
276108,358.52,-1.26,-1.95,0.65,0.92,2.44,2.13,2.18,4.39,0.00,80.00,3.00
276138,358.53,-1.26,-1.94,0.62,0.95,2.42,2.09,2.21,4.36,0.00,80.00,3.00
276167,358.53,-1.25,-1.94,0.74,0.95,2.48,2.21,2.21,4.42,0.00,80.00,3.00
276204,358.53,-1.25,-1.95,0.67,0.94,2.48,2.15,2.19,4.42,0.00,80.00,3.00
276234,358.55,-1.24,-1.94,0.67,0.88,2.44,2.12,2.13,4.38,0.00,80.00,3.00
276263,358.59,-1.24,-1.94,0.68,0.89,2.46,2.09,2.14,4.40,0.00,80.00,3.00
276292,358.58,-1.24,-1.93,0.67,0.91,2.46,2.09,2.16,4.39,0.00,80.00,3.00
276324,358.56,-1.24,-1.94,0.58,0.87,2.44,2.02,2.11,4.37,0.00,80.00,3.00
276353,358.57,-1.25,-1.94,0.58,0.86,2.34,2.01,2.11,4.28,0.00,80.00,3.00
276382,358.51,-1.25,-1.94,0.62,0.90,2.37,2.11,2.15,4.31,0.00,80.00,3.00
276411,358.44,-1.25,-1.94,0.64,0.84,2.35,2.20,2.08,4.30,0.00,80.00,3.00
276440,358.39,-1.25,-1.94,0.75,0.83,2.32,2.36,2.07,4.26,0.00,80.00,3.00
276470,358.40,-1.24,-1.94,0.81,0.86,2.34,2.41,2.11,4.28,0.00,80.00,3.00
276499,358.39,-1.24,-1.94,0.82,0.82,2.30,2.43,2.07,4.24,0.00,80.00,3.00
276531,358.35,-1.25,-1.95,0.78,0.86,2.23,2.42,2.12,4.19,0.00,80.00,3.00
276560,358.37,-1.26,-1.95,0.76,0.93,2.19,2.39,2.19,4.14,0.00,80.00,3.00
276589,358.46,-1.26,-1.95,0.68,0.91,2.18,2.22,2.17,4.13,0.00,80.00,3.00
276618,358.48,-1.27,-1.95,0.64,0.95,2.28,2.16,2.22,4.23,0.00,80.00,3.00
276647,358.44,-1.27,-1.95,0.71,0.93,2.32,2.27,2.20,4.27,0.00,80.00,3.00
276677,358.43,-1.27,-1.95,0.74,0.93,2.35,2.31,2.20,4.30,0.00,80.00,3.00
276706,358.39,-1.27,-1.94,0.74,0.90,2.39,2.34,2.16,4.33,0.00,80.00,3.00
276738,358.43,-1.26,-1.94,0.81,0.84,2.41,2.38,2.10,4.36,0.00,80.00,3.00
276779,358.41,-1.26,-1.94,0.81,0.84,2.47,2.41,2.10,4.41,0.00,80.00,3.00
276808,358.38,-1.26,-1.94,0.73,0.80,2.34,2.34,2.06,4.29,0.00,80.00,3.00
276837,358.38,-1.26,-1.95,0.77,0.80,2.37,2.39,2.07,4.31,0.00,80.00,3.00
276867,358.32,-1.27,-1.95,0.75,0.83,2.42,2.43,2.10,4.37,0.00,80.00,3.00
276896,358.25,-1.28,-1.95,0.83,0.74,2.45,2.58,2.03,4.40,0.00,80.00,3.00
276925,358.21,-1.28,-1.94,0.81,0.76,2.41,2.60,2.04,4.36,0.00,80.00,3.00
276957,358.21,-1.28,-1.94,0.87,0.75,2.35,2.66,2.02,4.30,0.00,80.00,3.00
276986,358.19,-1.28,-1.93,0.90,0.79,2.44,2.70,2.07,4.37,0.00,80.00,3.00
277015,358.18,-1.28,-1.94,0.91,0.79,2.39,2.73,2.07,4.33,0.00,80.00,3.00
277045,358.23,-1.26,-1.94,0.91,0.85,2.27,2.68,2.11,4.21,0.00,80.00,3.00
277074,358.16,-1.27,-1.93,0.92,0.88,2.28,2.77,2.14,4.21,0.00,80.00,3.00
277103,358.16,-1.26,-1.92,0.98,0.90,2.35,2.81,2.16,4.27,0.00,80.00,3.00
277132,358.15,-1.26,-1.92,0.99,0.91,2.38,2.84,2.17,4.30,0.00,80.00,3.00
277164,358.09,-1.27,-1.92,1.00,0.91,2.42,2.91,2.17,4.34,0.00,80.00,3.00
277193,358.02,-1.26,-1.92,0.92,0.89,2.42,2.90,2.15,4.34,0.00,80.00,3.00
277222,358.11,-1.26,-1.93,0.86,0.86,2.43,2.75,2.11,4.36,0.00,80.00,3.00
277251,358.18,-1.25,-1.93,0.85,0.87,2.43,2.67,2.12,4.37,0.00,80.00,3.00
277281,358.14,-1.25,-1.93,0.80,0.84,2.36,2.65,2.09,4.30,0.00,80.00,3.00
277310,358.19,-1.25,-1.94,0.79,0.82,2.33,2.59,2.07,4.27,0.00,80.00,3.00
277339,358.18,-1.25,-1.94,0.85,0.89,2.31,2.67,2.14,4.25,0.00,80.00,3.00
277371,358.23,-1.25,-1.93,0.80,0.93,2.34,2.57,2.18,4.28,0.00,80.00,3.00
277400,358.25,-1.25,-1.94,0.78,0.98,2.36,2.53,2.23,4.29,0.00,80.00,3.00
277429,358.34,-1.25,-1.94,0.67,0.97,2.32,2.33,2.22,4.26,0.00,80.00,3.00
277471,358.36,-1.25,-1.94,0.73,1.03,2.33,2.37,2.28,4.27,0.00,80.00,3.00
277500,358.28,-1.24,-1.94,0.76,1.01,2.30,2.48,2.25,4.24,0.00,80.00,3.00
277529,358.21,-1.25,-1.94,0.71,0.95,2.27,2.50,2.20,4.21,0.00,80.00,3.00
277558,358.26,-1.25,-1.94,0.84,0.95,2.28,2.58,2.20,4.22,0.00,80.00,3.00
277590,358.30,-1.25,-1.93,0.89,0.94,2.22,2.58,2.18,4.16,0.00,80.00,3.00
277619,358.39,-1.25,-1.93,0.82,0.94,2.30,2.43,2.19,4.23,0.00,80.00,3.00
277648,358.40,-1.26,-1.94,0.69,0.93,2.35,2.29,2.18,4.29,0.00,80.00,3.00
277678,358.40,-1.26,-1.94,0.71,0.91,2.38,2.31,2.17,4.32,0.00,80.00,3.00
277707,358.46,-1.26,-1.94,0.68,0.88,2.35,2.22,2.13,4.29,0.00,80.00,3.00
277736,358.42,-1.27,-1.94,0.56,0.85,2.35,2.15,2.12,4.29,0.00,80.00,3.00
277765,358.41,-1.27,-1.94,0.65,0.87,2.35,2.24,2.14,4.29,0.00,80.00,3.00
277797,358.41,-1.28,-1.95,0.76,0.87,2.35,2.36,2.15,4.29,0.00,80.00,3.00
277835,358.43,-1.27,-1.95,0.77,0.91,2.25,2.34,2.19,4.20,0.00,80.00,3.00
277864,358.36,-1.27,-1.95,0.67,0.95,2.26,2.31,2.22,4.21,0.00,80.00,3.00
277893,358.46,-1.27,-1.95,0.73,0.95,2.32,2.27,2.22,4.28,0.00,80.00,3.00
277922,358.48,-1.28,-1.95,0.74,0.97,2.31,2.27,2.25,4.27,0.00,80.00,3.00
277951,358.49,-1.27,-1.95,0.71,0.97,2.28,2.23,2.25,4.24,0.00,80.00,3.00
277980,358.47,-1.27,-1.96,0.62,0.94,2.24,2.15,2.21,4.20,0.00,80.00,3.00
278012,358.45,-1.27,-1.95,0.66,0.92,2.30,2.21,2.19,4.24,0.00,80.00,3.00
278041,358.49,-1.26,-1.94,0.65,0.91,2.27,2.16,2.18,4.22,0.00,80.00,3.00
278070,358.48,-1.26,-1.94,0.58,0.88,2.28,2.10,2.14,4.22,0.00,80.00,3.00
278100,358.43,-1.26,-1.94,0.58,0.88,2.28,2.14,2.14,4.22,0.00,80.00,3.00
278129,358.49,-1.26,-1.94,0.62,0.90,2.28,2.13,2.15,4.22,0.00,80.00,3.00
278158,358.50,-1.26,-1.95,0.68,0.92,2.36,2.18,2.18,4.31,0.00,80.00,3.00
278199,358.43,-1.26,-1.95,0.71,0.90,2.37,2.28,2.15,4.32,0.00,80.00,3.00
278231,358.50,-1.26,-1.96,0.79,0.93,2.32,2.28,2.19,4.28,0.00,80.00,3.00
278260,358.45,-1.27,-1.95,0.84,0.90,2.39,2.39,2.16,4.34,0.00,80.00,3.00
278289,358.45,-1.26,-1.95,0.84,0.92,2.36,2.39,2.19,4.31,0.00,80.00,3.00
278319,358.49,-1.26,-1.94,0.86,0.91,2.34,2.38,2.17,4.29,0.00,80.00,3.00
278348,358.53,-1.26,-1.95,0.89,0.87,2.25,2.36,2.12,4.19,0.00,80.00,3.00
278377,358.53,-1.26,-1.95,0.79,0.88,2.29,2.27,2.14,4.24,0.00,80.00,3.00
278406,358.54,-1.25,-1.95,0.76,0.89,2.23,2.22,2.14,4.18,0.00,80.00,3.00
278438,358.51,-1.26,-1.96,0.72,0.93,2.21,2.22,2.19,4.17,0.00,80.00,3.00
278467,358.52,-1.26,-1.97,0.63,0.88,2.31,2.11,2.13,4.27,0.00,80.00,3.00
278496,358.52,-1.26,-1.97,0.53,0.93,2.33,2.02,2.18,4.30,0.00,80.00,3.00
278525,358.58,-1.26,-1.96,0.57,0.93,2.33,1.99,2.19,4.29,0.00,80.00,3.00
278554,358.54,-1.26,-1.96,0.59,0.90,2.48,2.05,2.16,4.44,0.00,80.00,3.00
278584,358.57,-1.25,-1.96,0.62,0.90,2.51,2.05,2.15,4.47,0.00,80.00,3.00
278613,358.55,-1.26,-1.97,0.77,0.94,2.41,2.22,2.20,4.38,0.00,80.00,3.00
278645,358.59,-1.26,-1.97,0.81,0.92,2.39,2.22,2.18,4.35,0.00,80.00,3.00
278674,358.70,-1.26,-1.95,0.86,1.00,2.43,2.16,2.26,4.38,0.00,80.00,3.00
278703,358.77,-1.27,-1.95,0.82,0.97,2.33,2.05,2.24,4.29,0.00,80.00,3.00
278732,358.75,-1.26,-1.95,0.84,0.98,2.28,2.10,2.24,4.22,0.00,80.00,3.00
278761,358.64,-1.26,-1.95,0.76,0.92,2.30,2.12,2.18,4.25,0.00,80.00,3.00
278790,358.67,-1.26,-1.96,0.76,0.90,2.31,2.09,2.16,4.27,0.00,80.00,3.00
278820,358.57,-1.26,-1.95,0.70,0.89,2.31,2.12,2.15,4.26,0.00,80.00,3.00
278852,358.62,-1.26,-1.96,0.62,0.84,2.30,2.00,2.10,4.26,0.00,80.00,3.00
278893,358.65,-1.26,-1.95,0.62,0.86,2.35,1.97,2.12,4.30,0.00,80.00,3.00
278922,358.66,-1.25,-1.96,0.65,0.86,2.40,2.00,2.11,4.35,0.00,80.00,3.00
278951,358.65,-1.25,-1.95,0.72,0.87,2.43,2.07,2.12,4.38,0.00,80.00,3.00
278980,358.67,-1.25,-1.96,0.73,0.88,2.45,2.06,2.13,4.41,0.00,80.00,3.00
279009,358.70,-1.25,-1.97,0.84,0.86,2.46,2.14,2.11,4.43,0.00,80.00,3.00
279038,358.74,-1.25,-1.97,0.85,0.84,2.47,2.11,2.09,4.44,0.00,80.00,3.00
279070,358.74,-1.26,-1.96,0.99,0.78,2.39,2.26,2.04,4.35,0.00,80.00,3.00
279099,358.66,-1.26,-1.96,0.92,0.76,2.36,2.25,2.02,4.32,0.00,80.00,3.00
279128,358.62,-1.26,-1.96,0.89,0.82,2.34,2.28,2.08,4.30,0.00,80.00,3.00
279157,358.58,-1.25,-1.96,0.77,0.84,2.41,2.18,2.08,4.37,0.00,80.00,3.00
279186,358.59,-1.25,-1.96,0.79,0.84,2.40,2.19,2.09,4.36,0.00,80.00,3.00
279216,358.57,-1.25,-1.97,0.71,0.83,2.40,2.13,2.07,4.37,0.00,80.00,3.00
279245,358.59,-1.24,-1.97,0.72,0.84,2.40,2.13,2.08,4.37,0.00,80.00,3.00
279277,358.58,-1.24,-1.97,0.78,0.87,2.40,2.20,2.11,4.37,0.00,80.00,3.00
279306,358.55,-1.24,-1.97,0.82,0.84,2.33,2.27,2.07,4.30,0.00,80.00,3.00
279335,358.53,-1.24,-1.97,0.76,0.86,2.35,2.23,2.10,4.31,0.00,80.00,3.00
279364,358.57,-1.24,-1.96,0.78,0.90,2.37,2.21,2.14,4.33,0.00,80.00,3.00
279393,358.51,-1.24,-1.95,0.75,0.93,2.36,2.24,2.17,4.31,0.00,80.00,3.00
279422,358.48,-1.24,-1.95,0.71,0.97,2.41,2.24,2.21,4.36,0.00,80.00,3.00
279451,358.44,-1.25,-1.94,0.61,0.96,2.47,2.17,2.21,4.41,0.00,80.00,3.00
279492,358.44,-1.25,-1.94,0.61,0.99,2.47,2.17,2.23,4.41,0.00,80.00,3.00
279521,358.44,-1.25,-1.95,0.75,1.01,2.41,2.31,2.27,4.36,0.00,80.00,3.00
279550,358.43,-1.26,-1.95,0.72,1.06,2.43,2.29,2.32,4.38,0.00,80.00,3.00
279591,358.38,-1.26,-1.95,0.84,1.05,2.43,2.46,2.30,4.38,0.00,80.00,3.00
279620,358.39,-1.26,-1.94,0.90,1.01,2.36,2.52,2.27,4.30,0.00,80.00,3.00
279649,358.36,-1.26,-1.94,0.95,0.94,2.36,2.59,2.20,4.30,0.00,80.00,3.00
279678,358.31,-1.26,-1.94,1.00,0.92,2.40,2.69,2.18,4.34,0.00,80.00,3.00
279710,358.37,-1.26,-1.94,1.03,0.86,2.46,2.66,2.12,4.40,0.00,80.00,3.00
279739,358.31,-1.26,-1.93,1.10,0.82,2.49,2.78,2.08,4.43,0.00,80.00,3.00
279768,358.32,-1.26,-1.93,1.02,0.85,2.54,2.70,2.11,4.47,0.00,80.00,3.00
279797,358.31,-1.26,-1.94,1.06,0.83,2.54,2.75,2.09,4.47,0.00,80.00,3.00
279827,358.26,-1.27,-1.93,1.06,0.81,2.51,2.80,2.08,4.44,0.00,80.00,3.00
279856,358.21,-1.27,-1.93,0.97,0.85,2.43,2.76,2.12,4.36,0.00,80.00,3.00
279885,358.21,-1.27,-1.93,0.96,0.84,2.46,2.75,2.12,4.39,0.00,80.00,3.00
279917,358.25,-1.27,-1.92,0.94,0.82,2.43,2.69,2.09,4.35,0.00,80.00,3.00
279946,358.22,-1.27,-1.92,0.90,0.78,2.37,2.68,2.05,4.29,0.00,80.00,3.00
279975,358.23,-1.27,-1.91,0.89,0.77,2.39,2.67,2.04,4.30,0.00,80.00,3.00
280004,358.26,-1.27,-1.91,0.88,0.79,2.38,2.62,2.05,4.29,0.00,80.00,3.00
280033,358.26,-1.26,-1.91,0.87,0.76,2.38,2.60,2.02,4.28,0.00,80.00,3.00
280062,358.34,-1.26,-1.91,0.86,0.76,2.30,2.51,2.02,4.21,0.00,80.00,3.00
280091,358.36,-1.26,-1.92,0.85,0.80,2.33,2.49,2.06,4.25,0.00,80.00,3.00
280123,358.40,-1.26,-1.92,0.81,0.86,2.31,2.40,2.12,4.24,0.00,80.00,3.00
280152,358.41,-1.27,-1.93,0.75,0.83,2.26,2.34,2.10,4.19,0.00,80.00,3.00
280181,358.30,-1.27,-1.93,0.69,0.82,2.26,2.38,2.10,4.19,0.00,80.00,3.00
280210,358.24,-1.27,-1.93,0.64,0.87,2.32,2.40,2.14,4.25,0.00,80.00,3.00
280239,358.25,-1.28,-1.93,0.64,0.91,2.37,2.39,2.19,4.30,0.00,80.00,3.00
280269,358.28,-1.27,-1.92,0.65,0.88,2.37,2.36,2.16,4.29,0.00,80.00,3.00
280310,358.28,-1.27,-1.91,0.67,0.87,2.44,2.39,2.15,4.35,0.00,80.00,3.00
280342,358.33,-1.27,-1.91,0.74,0.95,2.41,2.41,2.22,4.33,0.00,80.00,3.00
280371,358.32,-1.27,-1.91,0.76,0.97,2.43,2.44,2.24,4.34,0.00,80.00,3.00
280399,358.26,-1.27,-1.92,0.81,0.95,2.40,2.55,2.21,4.32,0.00,80.00,3.00
280428,358.25,-1.26,-1.91,0.80,0.90,2.35,2.55,2.16,4.27,0.00,80.00,3.00
280457,358.22,-1.26,-1.91,0.77,0.95,2.32,2.55,2.21,4.23,0.00,80.00,3.00
280486,358.25,-1.26,-1.91,0.72,0.90,2.26,2.46,2.16,4.17,0.00,80.00,3.00
280515,358.25,-1.26,-1.90,0.79,0.86,2.28,2.54,2.12,4.18,0.00,80.00,3.00
280547,358.19,-1.26,-1.90,0.83,0.83,2.19,2.64,2.09,4.10,0.00,80.00,3.00
280576,358.20,-1.25,-1.91,0.72,0.85,2.16,2.52,2.10,4.07,0.00,80.00,3.00
280604,358.26,-1.25,-1.91,0.76,0.84,2.13,2.50,2.09,4.05,0.00,80.00,3.00
280633,358.24,-1.25,-1.91,0.74,0.84,2.18,2.50,2.09,4.09,0.00,80.00,3.00
280662,358.24,-1.26,-1.91,0.70,0.89,2.25,2.46,2.15,4.16,0.00,80.00,3.00
280691,358.26,-1.26,-1.91,0.56,0.90,2.32,2.30,2.17,4.23,0.00,80.00,3.00
280720,358.19,-1.26,-1.90,0.58,0.93,2.35,2.39,2.19,4.25,0.00,80.00,3.00
280752,358.14,-1.26,-1.89,0.65,0.93,2.43,2.51,2.20,4.32,0.00,80.00,3.00
280781,358.17,-1.27,-1.89,0.65,0.94,2.48,2.47,2.21,4.37,0.00,80.00,3.00
280810,358.14,-1.26,-1.90,0.65,0.96,2.42,2.51,2.23,4.31,0.00,80.00,3.00
280840,358.14,-1.26,-1.90,0.63,0.93,2.31,2.49,2.19,4.20,0.00,80.00,3.00
280869,358.13,-1.27,-1.90,0.69,0.86,2.32,2.56,2.14,4.22,0.00,80.00,3.00
280898,358.10,-1.27,-1.90,0.66,0.82,2.39,2.56,2.09,4.29,0.00,80.00,3.00
280928,358.15,-1.27,-1.90,0.68,0.80,2.33,2.53,2.07,4.24,0.00,80.00,3.00
280960,358.11,-1.27,-1.90,0.61,0.77,2.33,2.50,2.04,4.23,0.00,80.00,3.00
281002,358.09,-1.27,-1.89,0.64,0.72,2.38,2.54,2.00,4.27,0.00,80.00,3.00
281031,358.08,-1.27,-1.89,0.73,0.73,2.47,2.65,1.99,4.36,0.00,80.00,3.00
281060,358.09,-1.27,-1.88,0.61,0.78,2.42,2.52,2.05,4.31,0.00,80.00,3.00
281089,358.12,-1.27,-1.88,0.59,0.85,2.37,2.47,2.12,4.25,0.00,80.00,3.00
281127,358.13,-1.27,-1.88,0.66,0.84,2.44,2.53,2.11,4.32,0.00,80.00,3.00
281156,358.15,-1.27,-1.89,0.74,0.83,2.42,2.59,2.10,4.31,0.00,80.00,3.00
281188,358.16,-1.27,-1.88,0.67,0.86,2.39,2.51,2.13,4.28,0.00,80.00,3.00
281217,358.14,-1.26,-1.89,0.59,0.85,2.34,2.45,2.11,4.24,0.00,80.00,3.00
281246,358.16,-1.26,-1.91,0.72,0.85,2.40,2.56,2.11,4.31,0.00,80.00,3.00
281276,358.22,-1.27,-1.93,0.71,0.79,2.36,2.49,2.06,4.29,0.00,80.00,3.00
281305,358.26,-1.27,-1.94,0.70,0.78,2.32,2.44,2.06,4.26,0.00,80.00,3.00
281334,358.31,-1.28,-1.96,0.71,0.82,2.29,2.40,2.10,4.25,0.00,80.00,3.00
281363,358.36,-1.28,-1.97,0.77,0.80,2.29,2.41,2.07,4.26,0.00,80.00,3.00
281396,358.42,-1.27,-1.97,0.76,0.74,2.32,2.34,2.01,4.30,0.00,80.00,3.00
281425,358.46,-1.27,-1.99,0.70,0.75,2.31,2.24,2.02,4.30,0.00,80.00,3.00
281454,358.49,-1.27,-2.00,0.63,0.80,2.30,2.14,2.06,4.30,0.00,80.00,3.00
281483,358.47,-1.27,-2.02,0.60,0.85,2.27,2.14,2.12,4.28,0.00,80.00,3.00
281513,358.43,-1.27,-2.02,0.59,0.91,2.29,2.16,2.18,4.31,0.00,80.00,3.00
281542,358.43,-1.27,-2.03,0.51,0.92,2.23,2.08,2.20,4.26,0.00,80.00,3.00
281571,358.39,-1.27,-2.04,0.53,0.95,2.20,2.14,2.22,4.23,0.00,80.00,3.00
281603,358.34,-1.28,-2.03,0.56,0.95,2.20,2.21,2.23,4.23,0.00,80.00,3.00
281632,358.32,-1.28,-2.02,0.54,0.92,2.26,2.22,2.20,4.28,0.00,80.00,3.00
281662,358.23,-1.27,-2.02,0.61,0.84,2.32,2.38,2.10,4.34,0.00,80.00,3.00
281704,358.27,-1.26,-2.02,0.65,0.78,2.35,2.37,2.05,4.37,0.00,80.00,3.00
281733,358.29,-1.27,-2.02,0.77,0.83,2.39,2.48,2.10,4.41,0.00,80.00,3.00
281762,358.26,-1.27,-2.03,0.69,0.88,2.43,2.44,2.15,4.46,0.00,80.00,3.00
281791,358.25,-1.27,-2.03,0.66,0.84,2.47,2.41,2.12,4.50,0.00,80.00,3.00
281823,358.16,-1.28,-2.03,0.52,0.86,2.44,2.36,2.13,4.47,0.00,80.00,3.00
281852,358.15,-1.28,-2.03,0.48,0.88,2.46,2.33,2.16,4.49,0.00,80.00,3.00
281881,358.10,-1.29,-2.03,0.40,0.90,2.47,2.29,2.19,4.50,0.00,80.00,3.00
281911,358.14,-1.30,-2.03,0.38,0.87,2.51,2.23,2.17,4.54,0.00,80.00,3.00
281940,358.17,-1.30,-2.02,0.42,0.91,2.45,2.25,2.21,4.47,0.00,80.00,3.00
281969,358.09,-1.30,-2.02,0.58,0.96,2.46,2.49,2.26,4.48,0.00,80.00,3.00
281998,358.02,-1.30,-2.02,0.62,0.97,2.44,2.61,2.27,4.47,0.00,80.00,3.00
282030,358.04,-1.30,-2.03,0.73,0.95,2.37,2.68,2.25,4.40,0.00,80.00,3.00
282060,358.10,-1.30,-2.01,0.73,0.96,2.37,2.63,2.26,4.38,0.00,80.00,3.00
282089,358.04,-1.30,-2.01,0.71,0.95,2.43,2.66,2.25,4.44,0.00,80.00,3.00
282118,358.00,-1.30,-2.00,0.67,0.95,2.45,2.67,2.25,4.45,0.00,80.00,3.00
282147,357.99,-1.30,-2.01,0.72,0.93,2.45,2.73,2.23,4.46,0.00,80.00,3.00
282177,357.99,-1.31,-2.00,0.72,0.94,2.46,2.74,2.25,4.46,0.00,80.00,3.00
282206,357.96,-1.30,-2.00,0.66,0.98,2.40,2.70,2.28,4.40,0.00,80.00,3.00
282238,358.01,-1.30,-2.00,0.81,0.95,2.33,2.80,2.25,4.33,0.00,80.00,3.00
282267,358.05,-1.30,-2.00,0.83,0.93,2.26,2.78,2.23,4.26,0.00,80.00,3.00
282296,357.93,-1.30,-2.00,0.77,0.93,2.27,2.84,2.23,4.28,0.00,80.00,3.00
282325,357.96,-1.30,-2.00,0.77,0.95,2.26,2.81,2.25,4.26,0.00,80.00,3.00
282355,357.99,-1.31,-2.00,0.84,0.90,2.27,2.85,2.21,4.27,0.00,80.00,3.00
282396,358.05,-1.30,-2.00,0.87,0.85,2.42,2.82,2.14,4.42,0.00,80.00,3.00
282426,358.09,-1.29,-2.00,0.82,0.88,2.46,2.74,2.17,4.45,0.00,80.00,3.00
282458,358.05,-1.29,-2.01,0.91,0.88,2.41,2.86,2.17,4.41,0.00,80.00,3.00
282487,358.09,-1.29,-2.02,1.04,0.86,2.43,2.96,2.16,4.45,0.00,80.00,3.00
282516,358.07,-1.29,-2.03,0.98,0.88,2.38,2.91,2.17,4.40,0.00,80.00,3.00
282545,358.02,-1.30,-2.02,0.93,0.90,2.38,2.90,2.19,4.40,0.00,80.00,3.00
282574,358.00,-1.30,-2.02,0.88,0.91,2.28,2.88,2.21,4.30,0.00,80.00,3.00
282604,357.97,-1.29,-2.03,0.82,0.86,2.26,2.85,2.16,4.29,0.00,80.00,3.00
282633,357.99,-1.29,-2.03,0.75,0.90,2.25,2.77,2.19,4.29,0.00,80.00,3.00
282665,357.95,-1.30,-2.03,0.57,0.85,2.22,2.62,2.15,4.25,0.00,80.00,3.00
282694,357.96,-1.30,-2.03,0.66,0.80,2.21,2.70,2.10,4.23,0.00,80.00,3.00
282723,358.00,-1.30,-2.02,0.70,0.76,2.25,2.69,2.06,4.26,0.00,80.00,3.00
282752,358.07,-1.30,-2.01,0.76,0.78,2.30,2.69,2.08,4.30,0.00,80.00,3.00
282790,358.04,-1.30,-1.99,0.82,0.76,2.37,2.77,2.06,4.36,0.00,80.00,3.00
282819,358.01,-1.29,-1.97,0.87,0.81,2.39,2.86,2.10,4.37,0.00,80.00,3.00
282848,357.92,-1.28,-1.97,0.94,0.82,2.41,3.02,2.10,4.37,0.00,80.00,3.00
282881,357.89,-1.28,-1.96,0.77,0.86,2.44,2.88,2.14,4.40,0.00,80.00,3.00
282910,357.88,-1.28,-1.95,0.77,0.88,2.45,2.89,2.16,4.40,0.00,80.00,3.00
282939,357.81,-1.28,-1.94,0.74,0.86,2.42,2.94,2.14,4.35,0.00,80.00,3.00
282968,357.79,-1.28,-1.93,0.74,0.83,2.39,2.95,2.11,4.32,0.00,80.00,3.00
282998,357.79,-1.28,-1.92,0.72,0.81,2.38,2.93,2.09,4.30,0.00,80.00,3.00
283027,357.81,-1.28,-1.92,0.72,0.83,2.40,2.91,2.11,4.32,0.00,80.00,3.00
283056,357.79,-1.28,-1.92,0.82,0.83,2.40,3.03,2.11,4.32,0.00,80.00,3.00
283101,357.81,-1.29,-1.91,0.74,0.87,2.42,2.93,2.16,4.33,0.00,80.00,3.00
283130,357.83,-1.28,-1.91,0.71,0.91,2.39,2.88,2.19,4.30,0.00,80.00,3.00
283159,357.72,-1.28,-1.91,0.75,0.88,2.33,3.03,2.16,4.24,0.00,80.00,3.00
283188,357.75,-1.28,-1.91,0.80,0.82,2.30,3.05,2.10,4.21,0.00,80.00,3.00
283217,357.68,-1.28,-1.91,0.81,0.81,2.31,3.13,2.09,4.22,0.00,80.00,3.00
283247,357.69,-1.27,-1.91,0.65,0.80,2.32,2.96,2.07,4.23,0.00,80.00,3.00
283276,357.75,-1.27,-1.92,0.60,0.83,2.31,2.85,2.09,4.24,0.00,80.00,3.00
283308,357.76,-1.27,-1.92,0.59,0.84,2.37,2.82,2.11,4.29,0.00,80.00,3.00
283337,357.77,-1.27,-1.93,0.60,0.83,2.43,2.83,2.10,4.36,0.00,80.00,3.00
283366,357.75,-1.27,-1.92,0.62,0.90,2.44,2.87,2.16,4.36,0.00,80.00,3.00
283395,357.76,-1.26,-1.93,0.75,0.92,2.43,2.98,2.18,4.36,0.00,80.00,3.00
283424,357.76,-1.26,-1.93,0.83,0.88,2.43,3.08,2.14,4.36,0.00,80.00,3.00
283453,357.70,-1.26,-1.93,0.87,0.84,2.41,3.17,2.10,4.34,0.00,80.00,3.00
283483,357.79,-1.26,-1.94,0.90,0.85,2.40,3.11,2.11,4.34,0.00,80.00,3.00
283515,357.88,-1.26,-1.93,0.85,0.87,2.41,2.97,2.12,4.34,0.00,80.00,3.00
283544,357.86,-1.26,-1.93,0.84,0.90,2.42,2.98,2.16,4.35,0.00,80.00,3.00
283573,357.82,-1.26,-1.94,0.86,0.87,2.43,3.04,2.13,4.37,0.00,80.00,3.00
283602,357.89,-1.26,-1.95,0.94,0.86,2.33,3.04,2.12,4.28,0.00,80.00,3.00
283631,357.92,-1.26,-1.96,0.88,0.87,2.28,2.96,2.13,4.24,0.00,80.00,3.00
283660,357.95,-1.26,-1.95,0.81,0.91,2.33,2.86,2.17,4.28,0.00,80.00,3.00
283690,357.97,-1.25,-1.95,0.91,0.87,2.25,2.94,2.13,4.21,0.00,80.00,3.00
283722,358.00,-1.26,-1.96,0.94,0.88,2.19,2.94,2.14,4.15,0.00,80.00,3.00
283764,358.01,-1.26,-1.97,0.87,0.90,2.21,2.86,2.16,4.17,0.00,80.00,3.00
283899,358.01,-1.25,-1.97,0.90,0.91,2.34,2.89,2.16,4.31,0.00,80.00,3.00
284035,358.06,-1.25,-1.97,0.93,0.87,2.36,2.87,2.13,4.33,0.00,80.00,3.00
284132,358.03,-1.25,-1.98,0.92,0.84,2.36,2.89,2.09,4.34,0.00,80.00,3.00
284169,358.03,-1.25,-1.97,0.81,0.86,2.39,2.78,2.11,4.36,0.00,80.00,3.00
284198,358.01,-1.25,-1.97,0.72,0.82,2.41,2.70,2.08,4.38,0.00,80.00,3.00
284230,358.04,-1.26,-1.98,0.68,0.86,2.39,2.64,2.12,4.37,0.00,80.00,3.00
284259,358.05,-1.25,-1.97,0.61,0.92,2.35,2.56,2.17,4.32,0.00,80.00,3.00
284288,358.00,-1.24,-1.96,0.62,0.93,2.32,2.61,2.17,4.28,0.00,80.00,3.00
284318,358.04,-1.24,-1.96,0.80,0.86,2.28,2.76,2.10,4.24,0.00,80.00,3.00
284347,358.10,-1.24,-1.96,0.73,0.82,2.23,2.62,2.06,4.20,0.00,80.00,3.00
284376,358.05,-1.24,-1.96,0.77,0.89,2.39,2.73,2.13,4.35,0.00,80.00,3.00
284405,358.04,-1.24,-1.96,0.73,0.80,2.39,2.69,2.04,4.35,0.00,80.00,3.00
284437,358.02,-1.24,-1.96,0.67,0.81,2.28,2.65,2.05,4.24,0.00,80.00,3.00
284466,358.02,-1.24,-1.96,0.61,0.86,2.30,2.59,2.10,4.26,0.00,80.00,3.00
284495,358.00,-1.24,-1.96,0.59,0.86,2.33,2.59,2.10,4.29,0.00,80.00,3.00
284525,357.94,-1.24,-1.97,0.52,0.82,2.37,2.58,2.06,4.33,0.00,80.00,3.00
284554,357.82,-1.24,-1.97,0.49,0.84,2.38,2.67,2.08,4.35,0.00,80.00,3.00
284583,357.82,-1.25,-1.97,0.63,0.82,2.50,2.81,2.07,4.47,0.00,80.00,3.00
284612,357.81,-1.24,-1.97,0.66,0.81,2.53,2.85,2.05,4.50,0.00,80.00,3.00
284644,357.85,-1.24,-1.97,0.65,0.79,2.40,2.80,2.03,4.37,0.00,80.00,3.00
284673,357.86,-1.23,-1.97,0.70,0.82,2.37,2.84,2.05,4.34,0.00,80.00,3.00
284711,357.79,-1.23,-1.97,0.75,0.85,2.42,2.96,2.08,4.38,0.00,80.00,3.00
284752,357.77,-1.23,-1.97,0.76,0.84,2.39,2.99,2.08,4.36,0.00,80.00,3.00
284782,357.79,-1.23,-1.97,0.70,0.85,2.26,2.91,2.08,4.22,0.00,80.00,3.00
284811,357.80,-1.24,-1.97,0.72,0.89,2.32,2.92,2.12,4.29,0.00,80.00,3.00
284840,357.85,-1.24,-1.96,0.66,0.91,2.41,2.82,2.15,4.37,0.00,80.00,3.00
284872,357.78,-1.24,-1.95,0.63,0.87,2.33,2.86,2.11,4.28,0.00,80.00,3.00
284901,357.83,-1.23,-1.96,0.61,0.84,2.24,2.78,2.08,4.21,0.00,80.00,3.00
284930,357.78,-1.24,-1.97,0.60,0.82,2.25,2.82,2.06,4.22,0.00,80.00,3.00
284959,357.81,-1.24,-1.97,0.63,0.82,2.22,2.82,2.06,4.19,0.00,80.00,3.00
284988,357.78,-1.24,-1.97,0.71,0.81,2.14,2.93,2.05,4.12,0.00,80.00,3.00
285018,357.84,-1.24,-1.97,0.74,0.85,2.30,2.90,2.09,4.27,0.00,80.00,3.00
285047,357.77,-1.25,-1.97,0.74,0.90,2.31,2.98,2.15,4.28,0.00,80.00,3.00
285079,357.70,-1.24,-1.96,0.81,0.93,2.34,3.11,2.17,4.31,0.00,80.00,3.00
285108,357.71,-1.25,-1.96,0.84,0.95,2.42,3.13,2.20,4.38,0.00,80.00,3.00
285137,357.67,-1.25,-1.95,0.75,0.98,2.45,3.09,2.23,4.40,0.00,80.00,3.00
285166,357.68,-1.24,-1.96,0.75,1.00,2.39,3.06,2.24,4.35,0.00,80.00,3.00
285195,357.68,-1.24,-1.96,0.82,1.00,2.30,3.14,2.23,4.26,0.00,80.00,3.00
285224,357.72,-1.24,-1.96,0.83,1.00,2.23,3.11,2.24,4.18,0.00,80.00,3.00
285254,357.71,-1.24,-1.96,0.77,1.05,2.24,3.06,2.29,4.20,0.00,80.00,3.00
285286,357.67,-1.24,-1.96,0.68,1.06,2.20,3.01,2.29,4.16,0.00,80.00,3.00
285315,357.64,-1.24,-1.96,0.83,1.03,2.17,3.19,2.27,4.12,0.00,80.00,3.00
285344,357.59,-1.24,-1.95,0.81,1.03,2.18,3.22,2.26,4.13,0.00,80.00,3.00
285373,357.60,-1.24,-1.95,0.73,0.99,2.22,3.13,2.23,4.17,0.00,80.00,3.00
285402,357.53,-1.23,-1.95,0.76,0.96,2.25,3.23,2.20,4.20,0.00,80.00,3.00
285444,357.45,-1.24,-1.96,0.80,0.91,2.22,3.35,2.14,4.18,0.00,80.00,3.00
285473,357.47,-1.24,-1.97,0.87,0.91,2.27,3.40,2.15,4.23,0.00,80.00,3.00
285505,357.43,-1.24,-1.97,0.77,0.89,2.34,3.34,2.14,4.30,0.00,80.00,3.00
285534,357.37,-1.24,-1.96,0.74,0.91,2.34,3.37,2.15,4.30,0.00,80.00,3.00
285563,357.39,-1.24,-1.96,0.77,0.96,2.31,3.39,2.21,4.27,0.00,80.00,3.00
285592,357.43,-1.24,-1.97,0.76,1.02,2.31,3.33,2.26,4.28,0.00,80.00,3.00
285621,357.46,-1.24,-1.97,0.73,0.98,2.34,3.27,2.22,4.31,0.00,80.00,3.00
285650,357.47,-1.26,-1.96,0.85,0.97,2.32,3.38,2.22,4.28,0.00,80.00,3.00
285680,357.44,-1.25,-1.96,0.83,0.97,2.30,3.39,2.22,4.27,0.00,80.00,3.00
285712,357.50,-1.25,-1.97,0.81,0.89,2.35,3.31,2.15,4.32,0.00,80.00,3.00
285741,357.47,-1.26,-1.97,0.78,0.87,2.43,3.31,2.13,4.40,0.00,80.00,3.00
285770,357.50,-1.26,-1.96,0.79,0.85,2.45,3.29,2.11,4.41,0.00,80.00,3.00
285799,357.61,-1.27,-1.96,0.74,0.89,2.45,3.13,2.16,4.41,0.00,80.00,3.00
285828,357.62,-1.27,-1.97,0.75,0.91,2.41,3.13,2.18,4.38,0.00,80.00,3.00
285857,357.56,-1.27,-1.97,0.77,0.94,2.40,3.22,2.21,4.37,0.00,80.00,3.00
285886,357.64,-1.27,-1.97,0.80,0.89,2.45,3.16,2.16,4.42,0.00,80.00,3.00
285918,357.61,-1.27,-1.98,0.81,0.88,2.37,3.20,2.14,4.35,0.00,80.00,3.00
285947,357.64,-1.26,-1.98,0.80,0.91,2.30,3.16,2.17,4.27,0.00,80.00,3.00
285977,357.62,-1.26,-1.97,0.71,0.93,2.28,3.09,2.19,4.25,0.00,80.00,3.00
286006,357.64,-1.25,-1.98,0.77,0.91,2.29,3.13,2.16,4.27,0.00,80.00,3.00
286035,357.59,-1.24,-1.98,0.72,0.94,2.25,3.13,2.19,4.22,0.00,80.00,3.00
286064,357.63,-1.24,-1.97,0.79,1.01,2.21,3.16,2.25,4.18,0.00,80.00,3.00
286093,357.63,-1.24,-1.98,0.73,1.03,2.24,3.10,2.27,4.21,0.00,80.00,3.00
286138,357.61,-1.25,-1.97,0.75,0.97,2.23,3.13,2.22,4.21,0.00,80.00,3.00
286167,357.65,-1.24,-1.97,0.84,0.96,2.22,3.18,2.21,4.19,0.00,80.00,3.00
286196,357.69,-1.25,-1.97,0.80,0.93,2.22,3.11,2.18,4.19,0.00,80.00,3.00
286225,357.72,-1.25,-1.97,0.81,0.91,2.26,3.10,2.16,4.23,0.00,80.00,3.00
286254,357.75,-1.26,-1.97,0.74,0.89,2.23,2.99,2.15,4.20,0.00,80.00,3.00
286283,357.74,-1.26,-1.97,0.79,0.92,2.23,3.05,2.18,4.20,0.00,80.00,3.00
286312,357.70,-1.26,-1.97,0.72,0.88,2.28,3.02,2.14,4.25,0.00,80.00,3.00
286353,357.58,-1.26,-1.97,0.70,0.87,2.27,3.12,2.12,4.24,0.00,80.00,3.00
286382,357.65,-1.26,-1.97,0.60,0.94,2.31,2.96,2.20,4.28,0.00,80.00,3.00
286411,357.58,-1.27,-1.97,0.69,0.93,2.36,3.10,2.19,4.32,0.00,80.00,3.00
286440,357.64,-1.27,-1.97,0.82,0.90,2.38,3.18,2.17,4.35,0.00,80.00,3.00
286469,357.73,-1.27,-1.97,0.81,0.91,2.37,3.08,2.18,4.34,0.00,80.00,3.00
286498,357.83,-1.27,-1.96,0.77,0.93,2.46,2.93,2.20,4.43,0.00,80.00,3.00
286527,357.79,-1.27,-1.96,0.79,0.88,2.47,3.00,2.15,4.42,0.00,80.00,3.00
286555,357.84,-1.27,-1.95,0.74,0.84,2.46,2.90,2.11,4.41,0.00,80.00,3.00
286584,357.86,-1.27,-1.95,0.72,0.85,2.37,2.85,2.12,4.32,0.00,80.00,3.00
286613,357.90,-1.27,-1.94,0.58,0.86,2.43,2.68,2.13,4.37,0.00,80.00,3.00
286642,357.94,-1.27,-1.95,0.66,0.92,2.40,2.72,2.19,4.34,0.00,80.00,3.00
286671,357.90,-1.28,-1.95,0.72,0.91,2.33,2.82,2.19,4.28,0.00,80.00,3.00
286700,357.86,-1.29,-1.94,0.76,0.93,2.36,2.90,2.21,4.30,0.00,80.00,3.00
286729,357.83,-1.28,-1.94,0.76,0.92,2.40,2.92,2.20,4.34,0.00,80.00,3.00
286758,357.82,-1.29,-1.94,0.94,0.90,2.40,3.13,2.18,4.34,0.00,80.00,3.00
286790,357.79,-1.29,-1.94,0.90,0.86,2.40,3.10,2.15,4.34,0.00,80.00,3.00
286832,357.76,-1.30,-1.95,0.84,0.84,2.44,3.08,2.14,4.39,0.00,80.00,3.00
286861,357.83,-1.30,-1.95,0.82,0.85,2.42,2.98,2.16,4.37,0.00,80.00,3.00
286890,357.82,-1.30,-1.94,0.89,0.81,2.43,3.08,2.11,4.38,0.00,80.00,3.00
286919,357.87,-1.30,-1.94,0.98,0.81,2.42,3.11,2.11,4.36,0.00,80.00,3.00
286948,357.94,-1.30,-1.93,0.83,0.85,2.42,2.89,2.15,4.35,0.00,80.00,3.00
286977,357.88,-1.30,-1.93,0.83,0.81,2.35,2.95,2.11,4.27,0.00,80.00,3.00
287009,357.94,-1.30,-1.94,0.80,0.83,2.40,2.86,2.13,4.34,0.00,80.00,3.00
287038,357.89,-1.30,-1.94,0.76,0.85,2.41,2.87,2.16,4.35,0.00,80.00,3.00
287067,357.79,-1.30,-1.94,0.71,0.85,2.41,2.92,2.15,4.36,0.00,80.00,3.00
287096,357.72,-1.30,-1.94,0.65,0.82,2.43,2.93,2.12,4.37,0.00,80.00,3.00
287125,357.69,-1.31,-1.93,0.66,0.83,2.48,2.97,2.14,4.41,0.00,80.00,3.00
287154,357.69,-1.30,-1.93,0.74,0.78,2.42,3.05,2.08,4.35,0.00,80.00,3.00
287183,357.71,-1.30,-1.93,0.75,0.78,2.36,3.04,2.08,4.29,0.00,80.00,3.00
287215,357.59,-1.29,-1.93,0.61,0.80,2.36,3.02,2.09,4.28,0.00,80.00,3.00
287244,357.59,-1.29,-1.93,0.60,0.83,2.38,3.01,2.12,4.31,0.00,80.00,3.00
287273,357.59,-1.29,-1.94,0.64,0.83,2.33,3.05,2.12,4.27,0.00,80.00,3.00
287303,357.52,-1.30,-1.95,0.68,0.89,2.31,3.16,2.19,4.25,0.00,80.00,3.00
287332,357.44,-1.29,-1.95,0.66,0.87,2.36,3.21,2.16,4.31,0.00,80.00,3.00
287361,357.48,-1.29,-1.94,0.68,0.89,2.42,3.20,2.18,4.36,0.00,80.00,3.00
287390,357.47,-1.30,-1.95,0.76,0.92,2.46,3.28,2.22,4.41,0.00,80.00,3.00
287422,357.51,-1.30,-1.95,0.84,0.94,2.49,3.33,2.24,4.43,0.00,80.00,3.00
287451,357.46,-1.30,-1.94,0.86,0.98,2.55,3.39,2.28,4.49,0.00,80.00,3.00
287480,357.49,-1.30,-1.94,0.79,0.98,2.54,3.30,2.29,4.48,0.00,80.00,3.00
287521,357.53,-1.31,-1.94,0.79,0.99,2.49,3.26,2.29,4.43,0.00,80.00,3.00
287550,357.64,-1.30,-1.93,0.82,0.99,2.42,3.18,2.30,4.35,0.00,80.00,3.00
287579,357.68,-1.31,-1.93,0.76,0.96,2.36,3.08,2.27,4.29,0.00,80.00,3.00
287608,357.68,-1.31,-1.93,0.70,0.94,2.33,3.02,2.25,4.26,0.00,80.00,3.00
287645,357.64,-1.31,-1.92,0.66,0.89,2.31,3.03,2.19,4.23,0.00,80.00,3.00
287674,357.57,-1.30,-1.92,0.70,0.89,2.26,3.13,2.20,4.18,0.00,80.00,3.00
287703,357.53,-1.30,-1.92,0.70,0.88,2.31,3.17,2.18,4.22,0.00,80.00,3.00
287732,357.52,-1.30,-1.92,0.75,0.92,2.31,3.23,2.22,4.22,0.00,80.00,3.00
287760,357.55,-1.29,-1.91,0.82,0.94,2.29,3.27,2.23,4.20,0.00,80.00,3.00
287789,357.56,-1.29,-1.91,0.94,0.98,2.28,3.37,2.28,4.19,0.00,80.00,3.00
287818,357.60,-1.29,-1.91,0.97,1.01,2.29,3.37,2.30,4.19,0.00,80.00,3.00
287850,357.68,-1.28,-1.91,1.01,1.00,2.34,3.33,2.28,4.25,0.00,80.00,3.00
287879,357.72,-1.28,-1.91,0.96,0.96,2.33,3.24,2.25,4.24,0.00,80.00,3.00
287909,357.66,-1.28,-1.91,0.85,0.90,2.38,3.20,2.18,4.29,0.00,80.00,3.00
287938,357.67,-1.28,-1.90,0.86,0.86,2.45,3.18,2.14,4.35,0.00,80.00,3.00
287967,357.64,-1.27,-1.90,0.84,0.79,2.46,3.20,2.06,4.36,0.00,80.00,3.00
288005,357.63,-1.27,-1.90,0.85,0.79,2.40,3.22,2.07,4.31,0.00,80.00,3.00
288034,357.64,-1.28,-1.91,0.80,0.78,2.36,3.16,2.06,4.27,0.00,80.00,3.00
288066,357.64,-1.28,-1.91,0.92,0.83,2.38,3.28,2.11,4.29,0.00,80.00,3.00
288095,357.60,-1.28,-1.91,0.88,0.87,2.31,3.28,2.15,4.23,0.00,80.00,3.00
288125,357.49,-1.28,-1.92,0.86,0.91,2.23,3.37,2.18,4.15,0.00,80.00,3.00
288154,357.54,-1.28,-1.92,0.83,0.91,2.23,3.29,2.19,4.15,0.00,80.00,3.00
288196,357.60,-1.27,-1.92,0.80,0.89,2.30,3.20,2.17,4.22,0.00,80.00,3.00
288226,357.62,-1.27,-1.93,0.77,0.89,2.26,3.15,2.16,4.19,0.00,80.00,3.00
288255,357.65,-1.28,-1.93,0.72,0.88,2.19,3.07,2.16,4.12,0.00,80.00,3.00
288287,357.68,-1.27,-1.93,0.86,0.88,2.24,3.19,2.15,4.17,0.00,80.00,3.00
288316,357.76,-1.26,-1.92,0.82,0.88,2.25,3.06,2.15,4.17,0.00,80.00,3.00
288345,357.83,-1.26,-1.92,0.79,0.91,2.18,2.96,2.17,4.10,0.00,80.00,3.00
288375,357.80,-1.26,-1.92,0.78,0.88,2.23,2.97,2.15,4.15,0.00,80.00,3.00
288404,357.73,-1.26,-1.92,0.70,0.87,2.29,2.97,2.12,4.20,0.00,80.00,3.00
288433,357.71,-1.26,-1.92,0.53,0.91,2.33,2.82,2.17,4.25,0.00,80.00,3.00
288462,357.72,-1.26,-1.91,0.47,0.93,2.35,2.74,2.19,4.26,0.00,80.00,3.00
288495,357.74,-1.25,-1.91,0.52,0.92,2.45,2.78,2.17,4.36,0.00,80.00,3.00
288524,357.70,-1.25,-1.90,0.44,0.91,2.42,2.75,2.16,4.32,0.00,80.00,3.00
288553,357.84,-1.24,-1.89,0.59,0.92,2.42,2.76,2.16,4.31,0.00,80.00,3.00
288582,357.91,-1.24,-1.89,0.70,0.83,2.37,2.79,2.07,4.26,0.00,80.00,3.00
288612,357.91,-1.24,-1.89,0.66,0.80,2.38,2.75,2.04,4.27,0.00,80.00,3.00
288641,357.93,-1.24,-1.89,0.60,0.81,2.38,2.67,2.05,4.27,0.00,80.00,3.00
288670,357.93,-1.25,-1.89,0.61,0.82,2.35,2.68,2.06,4.24,0.00,80.00,3.00
288702,357.91,-1.25,-1.89,0.65,0.84,2.35,2.74,2.09,4.24,0.00,80.00,3.00
288731,357.96,-1.25,-1.89,0.67,0.83,2.30,2.71,2.08,4.19,0.00,80.00,3.00
288761,357.95,-1.25,-1.88,0.62,0.87,2.38,2.66,2.12,4.26,0.00,80.00,3.00
288790,357.96,-1.26,-1.88,0.71,0.87,2.37,2.75,2.13,4.24,0.00,80.00,3.00
288819,358.04,-1.25,-1.88,0.70,0.86,2.33,2.65,2.11,4.21,0.00,80.00,3.00
288848,358.03,-1.25,-1.87,0.71,0.85,2.36,2.68,2.10,4.23,0.00,80.00,3.00
288891,357.97,-1.25,-1.87,0.67,0.88,2.35,2.70,2.13,4.22,0.00,80.00,3.00
288923,357.98,-1.25,-1.86,0.76,0.92,2.36,2.78,2.17,4.23,0.00,80.00,3.00
288952,358.00,-1.24,-1.86,0.79,0.91,2.34,2.80,2.16,4.20,0.00,80.00,3.00
288982,358.02,-1.24,-1.88,0.78,0.91,2.32,2.75,2.15,4.20,0.00,80.00,3.00
289011,358.00,-1.24,-1.88,0.83,0.91,2.30,2.84,2.15,4.19,0.00,80.00,3.00
289040,357.98,-1.25,-1.88,0.85,0.95,2.29,2.87,2.19,4.17,0.00,80.00,3.00
289069,357.95,-1.24,-1.88,0.91,0.91,2.27,2.95,2.15,4.15,0.00,80.00,3.00
289098,357.97,-1.25,-1.89,0.86,0.92,2.25,2.89,2.17,4.13,0.00,80.00,3.00
289131,358.05,-1.24,-1.88,0.82,0.92,2.23,2.77,2.16,4.11,0.00,80.00,3.00
289160,358.14,-1.25,-1.88,0.87,0.98,2.27,2.73,2.23,4.15,0.00,80.00,3.00
289189,358.23,-1.26,-1.88,0.85,0.99,2.27,2.62,2.24,4.14,0.00,80.00,3.00
289218,358.20,-1.26,-1.88,0.89,1.02,2.31,2.68,2.28,4.20,0.00,80.00,3.00
289247,358.21,-1.26,-1.89,0.89,1.03,2.33,2.68,2.29,4.22,0.00,80.00,3.00
289277,358.16,-1.26,-1.89,0.97,1.06,2.37,2.81,2.32,4.26,0.00,80.00,3.00
289306,358.16,-1.27,-1.89,1.01,1.06,2.39,2.85,2.32,4.28,0.00,80.00,3.00
289338,358.09,-1.27,-1.89,0.98,1.01,2.38,2.89,2.28,4.27,0.00,80.00,3.00
289367,358.07,-1.27,-1.89,1.04,0.97,2.36,2.98,2.25,4.25,0.00,80.00,3.00
289397,358.00,-1.27,-1.88,1.01,0.92,2.31,3.01,2.20,4.19,0.00,80.00,3.00
289426,358.08,-1.27,-1.88,0.95,0.92,2.30,2.88,2.19,4.18,0.00,80.00,3.00
289455,358.06,-1.27,-1.89,0.81,0.90,2.29,2.76,2.17,4.18,0.00,80.00,3.00
289484,358.00,-1.27,-1.89,0.80,0.91,2.28,2.79,2.18,4.17,0.00,80.00,3.00
289513,357.99,-1.27,-1.88,0.74,0.94,2.32,2.74,2.20,4.21,0.00,80.00,3.00
289559,358.01,-1.26,-1.87,0.79,0.93,2.35,2.78,2.19,4.22,0.00,80.00,3.00
289588,358.05,-1.25,-1.88,0.80,1.01,2.32,2.75,2.26,4.19,0.00,80.00,3.00
289617,358.07,-1.24,-1.88,0.90,1.06,2.37,2.83,2.30,4.25,0.00,80.00,3.00
289655,358.08,-1.25,-1.87,0.98,1.08,2.42,2.91,2.33,4.29,0.00,80.00,3.00
289684,358.06,-1.24,-1.87,1.03,1.05,2.46,2.97,2.30,4.33,0.00,80.00,3.00
289714,357.99,-1.25,-1.87,1.03,1.02,2.46,3.05,2.27,4.33,0.00,80.00,3.00
289743,357.97,-1.24,-1.87,0.96,1.00,2.49,2.99,2.24,4.36,0.00,80.00,3.00
289775,357.95,-1.24,-1.87,0.91,0.91,2.53,2.96,2.15,4.39,0.00,80.00,3.00
289804,357.93,-1.24,-1.87,0.79,0.85,2.41,2.86,2.09,4.28,0.00,80.00,3.00
289833,357.89,-1.25,-1.87,0.64,0.81,2.33,2.75,2.06,4.20,0.00,80.00,3.00
289862,357.85,-1.25,-1.87,0.69,0.77,2.33,2.84,2.02,4.19,0.00,80.00,3.00
289891,357.84,-1.25,-1.86,0.73,0.76,2.29,2.90,2.00,4.16,0.00,80.00,3.00
289921,357.91,-1.25,-1.87,0.78,0.80,2.24,2.86,2.06,4.11,0.00,80.00,3.00
289950,357.94,-1.26,-1.87,0.79,0.77,2.28,2.85,2.03,4.15,0.00,80.00,3.00
289982,357.93,-1.26,-1.87,0.80,0.80,2.28,2.87,2.06,4.15,0.00,80.00,3.00
290011,357.95,-1.27,-1.88,0.74,0.81,2.32,2.80,2.08,4.19,0.00,80.00,3.00
290040,357.98,-1.28,-1.88,0.69,0.82,2.34,2.70,2.10,4.22,0.00,80.00,3.00
290069,357.96,-1.28,-1.89,0.61,0.80,2.43,2.65,2.08,4.32,0.00,80.00,3.00
290099,357.93,-1.28,-1.90,0.60,0.81,2.48,2.67,2.09,4.37,0.00,80.00,3.00
290128,357.97,-1.29,-1.91,0.73,0.81,2.50,2.75,2.09,4.41,0.00,80.00,3.00
290157,357.98,-1.28,-1.91,0.77,0.80,2.51,2.78,2.08,4.42,0.00,80.00,3.00
290189,358.01,-1.28,-1.91,0.75,0.84,2.50,2.74,2.12,4.41,0.00,80.00,3.00
290231,357.99,-1.27,-1.91,0.75,0.88,2.48,2.76,2.16,4.39,0.00,80.00,3.00
290261,357.98,-1.27,-1.91,0.78,0.92,2.43,2.80,2.19,4.33,0.00,80.00,3.00
290290,357.92,-1.27,-1.91,0.73,0.88,2.46,2.81,2.15,4.37,0.00,80.00,3.00
290319,357.87,-1.27,-1.90,0.69,0.83,2.45,2.82,2.11,4.36,0.00,80.00,3.00
290348,357.92,-1.27,-1.90,0.66,0.86,2.46,2.74,2.14,4.36,0.00,80.00,3.00
290377,358.00,-1.28,-1.90,0.78,0.84,2.48,2.78,2.12,4.38,0.00,80.00,3.00
290409,358.04,-1.28,-1.91,0.82,0.81,2.46,2.78,2.08,4.37,0.00,80.00,3.00
290438,358.05,-1.28,-1.91,0.85,0.79,2.44,2.80,2.07,4.34,0.00,80.00,3.00
290467,358.04,-1.29,-1.90,0.85,0.81,2.36,2.81,2.10,4.27,0.00,80.00,3.00
290497,357.97,-1.29,-1.90,0.77,0.88,2.35,2.80,2.17,4.25,0.00,80.00,3.00
290526,357.99,-1.30,-1.90,0.57,0.86,2.35,2.58,2.16,4.24,0.00,80.00,3.00
290555,357.95,-1.29,-1.90,0.57,0.81,2.40,2.61,2.10,4.29,0.00,80.00,3.00
290584,357.93,-1.30,-1.90,0.50,0.78,2.43,2.57,2.08,4.33,0.00,80.00,3.00
290616,357.85,-1.29,-1.89,0.37,0.76,2.54,2.52,2.06,4.43,0.00,80.00,3.00
290645,357.78,-1.30,-1.89,0.39,0.72,2.54,2.60,2.01,4.44,0.00,80.00,3.00
290674,357.73,-1.30,-1.89,0.49,0.69,2.48,2.77,1.98,4.38,0.00,80.00,3.00
290704,357.69,-1.29,-1.89,0.58,0.77,2.44,2.89,2.06,4.34,0.00,80.00,3.00
290733,357.72,-1.29,-1.88,0.58,0.84,2.40,2.87,2.13,4.28,0.00,80.00,3.00
290762,357.75,-1.29,-1.88,0.68,0.88,2.39,2.94,2.17,4.26,0.00,80.00,3.00
290791,357.75,-1.30,-1.88,0.76,0.91,2.36,3.00,2.20,4.25,0.00,80.00,3.00
290823,357.72,-1.30,-1.89,0.63,0.93,2.30,2.91,2.22,4.19,0.00,80.00,3.00
290852,357.79,-1.30,-1.89,0.69,0.90,2.31,2.90,2.20,4.20,0.00,80.00,3.00
290882,357.78,-1.31,-1.89,0.72,0.85,2.30,2.93,2.15,4.19,0.00,80.00,3.00
290924,357.85,-1.31,-1.89,0.72,0.86,2.29,2.87,2.17,4.18,0.00,80.00,3.00
290953,357.78,-1.30,-1.88,0.75,0.85,2.29,2.98,2.16,4.18,0.00,80.00,3.00
290982,357.77,-1.31,-1.89,0.76,0.88,2.34,2.99,2.19,4.22,0.00,80.00,3.00
291011,357.81,-1.31,-1.89,0.85,0.88,2.41,3.03,2.20,4.30,0.00,80.00,3.00
291043,357.74,-1.32,-1.88,0.79,0.91,2.46,3.05,2.23,4.34,0.00,80.00,3.00
291072,357.71,-1.34,-1.89,0.67,0.90,2.45,2.95,2.24,4.34,0.00,80.00,3.00
291101,357.68,-1.34,-1.89,0.63,0.84,2.47,2.95,2.19,4.36,0.00,80.00,3.00
291131,357.65,-1.35,-1.89,0.79,0.91,2.44,3.13,2.26,4.33,0.00,80.00,3.00
291160,357.73,-1.35,-1.89,0.79,0.92,2.45,3.07,2.27,4.34,0.00,80.00,3.00
291189,357.74,-1.35,-1.90,0.83,0.89,2.39,3.09,2.24,4.29,0.00,80.00,3.00
291218,357.83,-1.35,-1.90,0.98,0.90,2.41,3.15,2.25,4.31,0.00,80.00,3.00
291250,357.90,-1.35,-1.89,1.10,0.91,2.43,3.20,2.26,4.32,0.00,80.00,3.00
291295,357.84,-1.35,-1.90,1.03,0.91,2.42,3.19,2.26,4.32,0.00,80.00,3.00
291324,357.83,-1.35,-1.90,0.94,0.88,2.43,3.11,2.23,4.32,0.00,80.00,3.00
291354,357.86,-1.35,-1.89,0.95,0.92,2.46,3.09,2.27,4.35,0.00,80.00,3.00
291383,357.86,-1.35,-1.90,0.85,0.92,2.40,2.98,2.28,4.31,0.00,80.00,3.00
291412,357.85,-1.35,-1.90,0.81,0.94,2.43,2.96,2.29,4.33,0.00,80.00,3.00
291441,357.91,-1.34,-1.90,0.80,0.93,2.41,2.89,2.27,4.31,0.00,80.00,3.00
291473,357.85,-1.34,-1.92,0.80,0.88,2.40,2.95,2.22,4.32,0.00,80.00,3.00
291502,357.83,-1.33,-1.92,0.81,0.85,2.39,2.98,2.18,4.31,0.00,80.00,3.00
291531,357.76,-1.33,-1.91,0.82,0.81,2.43,3.06,2.15,4.33,0.00,80.00,3.00
291560,357.80,-1.33,-1.90,0.75,0.78,2.37,2.95,2.11,4.27,0.00,80.00,3.00
291602,357.77,-1.33,-1.90,0.75,0.83,2.38,2.98,2.16,4.28,0.00,80.00,3.00
291632,357.79,-1.33,-1.89,0.75,0.82,2.35,2.96,2.15,4.25,0.00,80.00,3.00
291661,357.75,-1.33,-1.89,0.87,0.82,2.34,3.12,2.15,4.23,0.00,80.00,3.00
291693,357.78,-1.33,-1.89,0.87,0.85,2.31,3.09,2.18,4.20,0.00,80.00,3.00
291722,357.74,-1.32,-1.89,0.87,0.89,2.37,3.12,2.22,4.26,0.00,80.00,3.00
291751,357.81,-1.33,-1.89,0.86,0.80,2.38,3.06,2.13,4.26,0.00,80.00,3.00
291780,357.78,-1.33,-1.89,0.81,0.82,2.32,3.03,2.15,4.21,0.00,80.00,3.00
291809,357.81,-1.33,-1.89,0.76,0.87,2.31,2.95,2.19,4.20,0.00,80.00,3.00
291838,357.90,-1.32,-1.89,0.50,0.89,2.28,2.60,2.21,4.17,0.00,80.00,3.00
291867,357.76,-1.32,-1.89,0.48,0.85,2.23,2.72,2.17,4.12,0.00,80.00,3.00
291900,357.71,-1.32,-1.89,0.44,0.88,2.21,2.73,2.20,4.10,0.00,80.00,3.00
291929,357.74,-1.32,-1.89,0.48,0.87,2.31,2.74,2.20,4.20,0.00,80.00,3.00
291958,357.69,-1.32,-1.89,0.45,0.85,2.35,2.76,2.18,4.24,0.00,80.00,3.00
291987,357.68,-1.32,-1.89,0.67,0.85,2.33,2.99,2.17,4.22,0.00,80.00,3.00
292016,357.75,-1.32,-1.89,0.69,0.81,2.38,2.93,2.13,4.27,0.00,80.00,3.00
292045,357.78,-1.32,-1.88,0.74,0.79,2.41,2.96,2.11,4.29,0.00,80.00,3.00
292074,357.77,-1.33,-1.88,0.69,0.84,2.46,2.93,2.16,4.34,0.00,80.00,3.00
292106,357.82,-1.33,-1.87,0.70,0.81,2.37,2.88,2.13,4.24,0.00,80.00,3.00
292136,357.89,-1.33,-1.87,0.72,0.80,2.38,2.83,2.13,4.25,0.00,80.00,3.00
292165,357.90,-1.32,-1.88,0.54,0.84,2.32,2.65,2.16,4.20,0.00,80.00,3.00
292194,357.91,-1.33,-1.88,0.55,0.89,2.27,2.64,2.22,4.15,0.00,80.00,3.00
292223,357.90,-1.32,-1.89,0.50,0.90,2.31,2.60,2.23,4.20,0.00,80.00,3.00
292252,357.86,-1.32,-1.89,0.52,0.93,2.29,2.66,2.26,4.18,0.00,80.00,3.00
292294,357.82,-1.33,-1.90,0.48,0.94,2.30,2.66,2.27,4.20,0.00,80.00,3.00
292326,357.78,-1.32,-1.90,0.50,0.89,2.39,2.72,2.21,4.29,0.00,80.00,3.00
292356,357.83,-1.32,-1.90,0.64,0.79,2.42,2.81,2.11,4.32,0.00,80.00,3.00
292385,357.88,-1.32,-1.90,0.65,0.77,2.46,2.77,2.09,4.36,0.00,80.00,3.00
292414,357.85,-1.31,-1.90,0.62,0.78,2.48,2.77,2.09,4.38,0.00,80.00,3.00
292443,357.80,-1.31,-1.91,0.64,0.80,2.51,2.84,2.11,4.42,0.00,80.00,3.00
292472,357.86,-1.32,-1.91,0.74,0.82,2.52,2.89,2.14,4.43,0.00,80.00,3.00
292501,357.85,-1.31,-1.91,0.72,0.85,2.52,2.86,2.16,4.43,0.00,80.00,3.00
292533,357.91,-1.31,-1.91,0.82,0.91,2.52,2.91,2.22,4.43,0.00,80.00,3.00
292562,357.95,-1.30,-1.91,0.91,0.92,2.46,2.96,2.22,4.38,0.00,80.00,3.00
292591,357.96,-1.30,-1.92,0.95,0.90,2.44,2.99,2.21,4.35,0.00,80.00,3.00
292621,357.99,-1.30,-1.91,0.96,0.87,2.38,2.97,2.18,4.29,0.00,80.00,3.00
292650,357.97,-1.31,-1.91,0.93,0.83,2.34,2.96,2.14,4.25,0.00,80.00,3.00
292679,357.94,-1.31,-1.90,0.82,0.83,2.30,2.88,2.15,4.21,0.00,80.00,3.00
292708,357.95,-1.31,-1.90,0.82,0.87,2.32,2.88,2.18,4.22,0.00,80.00,3.00
292740,357.95,-1.31,-1.91,0.79,0.82,2.32,2.84,2.14,4.23,0.00,80.00,3.00
292769,357.87,-1.32,-1.91,0.76,0.80,2.35,2.90,2.12,4.27,0.00,80.00,3.00
292798,357.88,-1.32,-1.91,0.76,0.81,2.39,2.88,2.12,4.30,0.00,80.00,3.00
292827,357.89,-1.32,-1.91,0.77,0.81,2.45,2.87,2.13,4.36,0.00,80.00,3.00
292856,357.84,-1.31,-1.92,0.75,0.77,2.45,2.91,2.08,4.37,0.00,80.00,3.00
292885,357.86,-1.31,-1.91,0.76,0.78,2.46,2.90,2.08,4.37,0.00,80.00,3.00
292915,357.92,-1.31,-1.91,0.73,0.79,2.55,2.80,2.10,4.45,0.00,80.00,3.00
292968,357.90,-1.31,-1.90,0.72,0.86,2.54,2.82,2.17,4.44,0.00,80.00,3.00
292997,357.93,-1.31,-1.89,0.76,0.87,2.50,2.83,2.17,4.39,0.00,80.00,3.00
293027,357.94,-1.31,-1.89,0.76,0.91,2.52,2.82,2.22,4.41,0.00,80.00,3.00
293056,357.98,-1.32,-1.89,0.80,0.96,2.49,2.82,2.27,4.38,0.00,80.00,3.00
293085,357.94,-1.31,-1.89,0.88,0.95,2.44,2.94,2.26,4.33,0.00,80.00,3.00
293114,358.00,-1.32,-1.89,0.89,0.96,2.39,2.89,2.28,4.28,0.00,80.00,3.00
293143,358.03,-1.32,-1.89,0.91,0.93,2.37,2.88,2.25,4.26,0.00,80.00,3.00
293175,358.08,-1.32,-1.88,0.87,0.91,2.32,2.79,2.23,4.20,0.00,80.00,3.00
293204,358.07,-1.32,-1.88,0.89,0.93,2.27,2.82,2.26,4.15,0.00,80.00,3.00
293233,358.12,-1.33,-1.88,0.73,0.88,2.26,2.61,2.21,4.14,0.00,80.00,3.00
293262,358.10,-1.32,-1.87,0.74,0.90,2.29,2.64,2.22,4.17,0.00,80.00,3.00
293291,358.13,-1.32,-1.88,0.73,0.96,2.31,2.60,2.28,4.19,0.00,80.00,3.00
293320,358.12,-1.32,-1.88,0.75,0.98,2.35,2.63,2.30,4.23,0.00,80.00,3.00
293350,358.07,-1.33,-1.88,0.78,0.93,2.37,2.70,2.25,4.25,0.00,80.00,3.00
293382,358.12,-1.32,-1.89,0.85,0.93,2.35,2.73,2.25,4.24,0.00,80.00,3.00
293411,358.19,-1.32,-1.89,0.94,0.94,2.36,2.75,2.26,4.26,0.00,80.00,3.00
293440,358.15,-1.31,-1.89,0.96,0.93,2.32,2.81,2.25,4.20,0.00,80.00,3.00
293469,358.15,-1.31,-1.88,0.92,0.90,2.31,2.77,2.21,4.19,0.00,80.00,3.00
293498,358.15,-1.30,-1.88,0.94,0.94,2.26,2.79,2.23,4.14,0.00,80.00,3.00
293527,358.19,-1.30,-1.88,0.87,0.94,2.25,2.68,2.24,4.13,0.00,80.00,3.00
293556,358.21,-1.31,-1.89,0.84,0.97,2.23,2.63,2.28,4.12,0.00,80.00,3.00
293588,358.20,-1.30,-1.90,0.89,0.95,2.26,2.68,2.25,4.16,0.00,80.00,3.00
293631,358.16,-1.30,-1.90,0.80,0.95,2.32,2.64,2.25,4.22,0.00,80.00,3.00
293660,358.10,-1.30,-1.91,0.74,0.93,2.33,2.64,2.24,4.24,0.00,80.00,3.00
293689,358.06,-1.31,-1.90,0.76,0.95,2.31,2.70,2.25,4.21,0.00,80.00,3.00
293719,358.03,-1.30,-1.90,0.78,0.92,2.37,2.76,2.21,4.27,0.00,80.00,3.00
293748,358.02,-1.30,-1.90,0.81,0.85,2.43,2.79,2.15,4.33,0.00,80.00,3.00
293777,358.08,-1.30,-1.91,0.88,0.88,2.39,2.80,2.17,4.30,0.00,80.00,3.00
293809,358.12,-1.29,-1.91,0.91,0.89,2.40,2.78,2.18,4.31,0.00,80.00,3.00
293838,358.16,-1.29,-1.91,0.97,0.88,2.45,2.81,2.17,4.36,0.00,80.00,3.00
293867,358.15,-1.30,-1.91,1.02,0.91,2.46,2.88,2.21,4.37,0.00,80.00,3.00
293896,358.12,-1.30,-1.90,1.04,0.98,2.38,2.92,2.28,4.28,0.00,80.00,3.00
293925,358.17,-1.30,-1.89,0.97,0.95,2.40,2.80,2.25,4.29,0.00,80.00,3.00
293955,358.20,-1.31,-1.90,0.92,0.96,2.39,2.72,2.26,4.29,0.00,80.00,3.00
293984,358.20,-1.29,-1.89,0.87,0.90,2.35,2.67,2.20,4.25,0.00,80.00,3.00
294016,358.20,-1.30,-1.89,0.80,0.85,2.34,2.60,2.14,4.23,0.00,80.00,3.00
294045,358.18,-1.29,-1.89,0.78,0.82,2.31,2.61,2.11,4.21,0.00,80.00,3.00
294074,358.17,-1.30,-1.89,0.78,0.85,2.32,2.61,2.14,4.21,0.00,80.00,3.00
294103,358.18,-1.30,-1.90,0.76,0.85,2.29,2.59,2.14,4.19,0.00,80.00,3.00
294132,358.13,-1.29,-1.91,0.93,0.84,2.27,2.80,2.14,4.17,0.00,80.00,3.00
294161,358.19,-1.29,-1.91,0.96,0.85,2.28,2.77,2.14,4.19,0.00,80.00,3.00
294191,358.20,-1.28,-1.91,0.98,0.85,2.34,2.78,2.13,4.25,0.00,80.00,3.00
294223,358.20,-1.28,-1.90,0.95,0.84,2.37,2.75,2.11,4.28,0.00,80.00,3.00
294251,358.14,-1.27,-1.89,0.90,0.83,2.40,2.76,2.10,4.29,0.00,80.00,3.00
294280,358.21,-1.27,-1.89,0.92,0.89,2.39,2.71,2.16,4.28,0.00,80.00,3.00
294323,358.20,-1.27,-1.88,0.79,0.92,2.43,2.59,2.19,4.31,0.00,80.00,3.00
294352,358.23,-1.27,-1.88,0.69,0.97,2.39,2.46,2.24,4.27,0.00,80.00,3.00
294381,358.20,-1.27,-1.87,0.59,0.98,2.39,2.39,2.25,4.27,0.00,80.00,3.00
294410,358.24,-1.27,-1.89,0.64,0.93,2.41,2.40,2.20,4.30,0.00,80.00,3.00
294442,358.29,-1.27,-1.90,0.66,0.93,2.40,2.37,2.19,4.29,0.00,80.00,3.00
294471,358.30,-1.27,-1.90,0.62,0.85,2.40,2.31,2.12,4.30,0.00,80.00,3.00
294500,358.27,-1.27,-1.90,0.68,0.83,2.42,2.42,2.10,4.33,0.00,80.00,3.00
294528,358.32,-1.27,-1.90,0.77,0.78,2.37,2.45,2.04,4.27,0.00,80.00,3.00
294557,358.32,-1.27,-1.90,0.79,0.81,2.32,2.47,2.08,4.23,0.00,80.00,3.00
294595,358.33,-1.27,-1.91,0.79,0.80,2.33,2.46,2.07,4.23,0.00,80.00,3.00
294624,358.27,-1.27,-1.91,0.88,0.80,2.33,2.61,2.07,4.24,0.00,80.00,3.00
294656,358.23,-1.26,-1.91,0.87,0.82,2.33,2.64,2.08,4.24,0.00,80.00,3.00
294685,358.20,-1.26,-1.92,0.88,0.87,2.40,2.68,2.13,4.32,0.00,80.00,3.00
294714,358.17,-1.26,-1.92,0.91,0.91,2.43,2.73,2.18,4.35,0.00,80.00,3.00
294744,358.13,-1.26,-1.93,0.83,0.91,2.44,2.69,2.17,4.37,0.00,80.00,3.00
294773,358.12,-1.26,-1.94,0.78,0.93,2.40,2.66,2.19,4.34,0.00,80.00,3.00
294802,358.06,-1.26,-1.93,0.73,0.97,2.39,2.67,2.23,4.33,0.00,80.00,3.00
294832,358.07,-1.27,-1.93,0.69,0.94,2.31,2.63,2.21,4.24,0.00,80.00,3.00
294864,358.03,-1.27,-1.93,0.61,0.90,2.28,2.59,2.17,4.21,0.00,80.00,3.00
294893,357.98,-1.27,-1.93,0.66,0.88,2.23,2.67,2.15,4.16,0.00,80.00,3.00
294923,357.99,-1.27,-1.92,0.69,0.90,2.27,2.71,2.17,4.19,0.00,80.00,3.00
294952,358.07,-1.27,-1.93,0.70,0.92,2.30,2.63,2.20,4.23,0.00,80.00,3.00
294995,358.15,-1.28,-1.93,0.66,0.90,2.28,2.51,2.18,4.21,0.00,80.00,3.00
295024,358.13,-1.28,-1.94,0.65,0.90,2.37,2.52,2.18,4.31,0.00,80.00,3.00
295053,358.09,-1.27,-1.94,0.74,0.93,2.42,2.65,2.20,4.36,0.00,80.00,3.00
295086,358.04,-1.28,-1.94,0.70,0.95,2.42,2.66,2.22,4.36,0.00,80.00,3.00
295115,358.12,-1.28,-1.93,0.73,0.94,2.42,2.61,2.22,4.35,0.00,80.00,3.00
295144,358.13,-1.28,-1.93,0.75,0.96,2.38,2.62,2.24,4.32,0.00,80.00,3.00
295173,358.18,-1.28,-1.93,0.77,0.97,2.41,2.59,2.25,4.35,0.00,80.00,3.00
295202,358.19,-1.28,-1.94,0.69,0.99,2.39,2.50,2.27,4.33,0.00,80.00,3.00
295232,358.24,-1.29,-1.93,0.67,0.99,2.44,2.43,2.28,4.37,0.00,80.00,3.00
295261,358.27,-1.29,-1.93,0.65,1.06,2.45,2.38,2.35,4.38,0.00,80.00,3.00
295293,358.24,-1.28,-1.93,0.70,1.04,2.47,2.46,2.32,4.40,0.00,80.00,3.00
295322,358.25,-1.29,-1.92,0.70,0.97,2.44,2.44,2.25,4.36,0.00,80.00,3.00
295351,358.29,-1.28,-1.92,0.69,0.95,2.36,2.40,2.24,4.28,0.00,80.00,3.00
295381,358.32,-1.28,-1.91,0.66,0.97,2.30,2.34,2.25,4.21,0.00,80.00,3.00
295410,358.30,-1.28,-1.92,0.59,0.89,2.30,2.29,2.17,4.22,0.00,80.00,3.00
295439,358.29,-1.28,-1.93,0.54,0.84,2.31,2.25,2.12,4.24,0.00,80.00,3.00
295468,358.32,-1.28,-1.92,0.52,0.85,2.38,2.21,2.13,4.30,0.00,80.00,3.00
295501,358.34,-1.28,-1.93,0.58,0.89,2.40,2.25,2.17,4.33,0.00,80.00,3.00
295530,358.29,-1.28,-1.92,0.63,0.84,2.43,2.34,2.13,4.36,0.00,80.00,3.00
295559,358.25,-1.28,-1.92,0.62,0.87,2.45,2.37,2.14,4.37,0.00,80.00,3.00
295588,358.20,-1.28,-1.92,0.66,0.86,2.49,2.46,2.14,4.41,0.00,80.00,3.00
295618,358.21,-1.28,-1.92,0.61,0.87,2.43,2.40,2.15,4.35,0.00,80.00,3.00
295661,358.21,-1.28,-1.91,0.66,0.80,2.44,2.45,2.08,4.36,0.00,80.00,3.00
295690,358.24,-1.28,-1.91,0.69,0.83,2.37,2.44,2.12,4.28,0.00,80.00,3.00
295722,358.23,-1.28,-1.92,0.74,0.83,2.37,2.51,2.11,4.29,0.00,80.00,3.00
295751,358.25,-1.29,-1.92,0.82,0.85,2.33,2.58,2.14,4.25,0.00,80.00,3.00
295781,358.28,-1.29,-1.93,0.88,0.89,2.29,2.60,2.18,4.21,0.00,80.00,3.00
295810,358.27,-1.29,-1.93,0.90,0.92,2.28,2.63,2.21,4.20,0.00,80.00,3.00
295839,358.29,-1.28,-1.93,0.85,0.96,2.29,2.56,2.25,4.22,0.00,80.00,3.00
295868,358.31,-1.28,-1.94,0.85,0.97,2.33,2.54,2.26,4.27,0.00,80.00,3.00
295897,358.32,-1.29,-1.94,0.72,0.99,2.32,2.41,2.27,4.26,0.00,80.00,3.00
295930,358.22,-1.29,-1.93,0.70,1.03,2.38,2.47,2.31,4.31,0.00,80.00,3.00
295959,358.19,-1.29,-1.92,0.71,1.04,2.44,2.52,2.33,4.37,0.00,80.00,3.00
295988,358.17,-1.30,-1.92,0.71,1.01,2.47,2.54,2.30,4.39,0.00,80.00,3.00
296017,358.18,-1.30,-1.91,0.71,0.99,2.45,2.53,2.28,4.36,0.00,80.00,3.00
296046,358.12,-1.30,-1.91,0.76,0.97,2.46,2.64,2.27,4.37,0.00,80.00,3.00
296076,358.14,-1.30,-1.91,0.84,0.97,2.50,2.71,2.27,4.41,0.00,80.00,3.00
296105,358.16,-1.30,-1.90,0.83,0.99,2.41,2.67,2.29,4.31,0.00,80.00,3.00
296137,358.12,-1.30,-1.91,0.78,1.02,2.34,2.66,2.32,4.25,0.00,80.00,3.00
296166,358.19,-1.30,-1.90,0.77,1.06,2.37,2.58,2.36,4.27,0.00,80.00,3.00
296196,358.25,-1.30,-1.90,0.71,1.09,2.38,2.46,2.39,4.28,0.00,80.00,3.00
296225,358.27,-1.30,-1.90,0.57,1.10,2.31,2.31,2.40,4.20,0.00,80.00,3.00
296262,358.27,-1.30,-1.89,0.54,1.07,2.32,2.27,2.37,4.20,0.00,80.00,3.00
296292,358.33,-1.30,-1.89,0.55,1.06,2.34,2.22,2.36,4.23,0.00,80.00,3.00
296335,358.38,-1.30,-1.88,0.64,1.03,2.42,2.26,2.34,4.30,0.00,80.00,3.00
296367,358.42,-1.30,-1.89,0.69,1.01,2.44,2.27,2.31,4.33,0.00,80.00,3.00
296396,358.36,-1.29,-1.89,0.70,0.95,2.47,2.33,2.24,4.37,0.00,80.00,3.00
296425,358.41,-1.31,-1.89,0.79,0.97,2.50,2.38,2.28,4.39,0.00,80.00,3.00
296454,358.34,-1.30,-1.89,0.76,0.93,2.49,2.42,2.24,4.38,0.00,80.00,3.00
296484,358.29,-1.29,-1.89,0.89,0.91,2.48,2.60,2.20,4.37,0.00,80.00,3.00
296513,358.23,-1.29,-1.89,0.91,0.88,2.40,2.68,2.17,4.29,0.00,80.00,3.00
296542,358.21,-1.30,-1.89,0.78,0.87,2.30,2.58,2.17,4.19,0.00,80.00,3.00
296574,358.19,-1.31,-1.88,0.78,0.82,2.35,2.59,2.13,4.22,0.00,80.00,3.00
296603,358.18,-1.30,-1.88,0.65,0.82,2.34,2.48,2.12,4.22,0.00,80.00,3.00
296632,358.13,-1.30,-1.87,0.57,0.79,2.33,2.44,2.09,4.20,0.00,80.00,3.00
296661,358.18,-1.29,-1.87,0.46,0.81,2.30,2.28,2.11,4.17,0.00,80.00,3.00
296691,358.16,-1.29,-1.87,0.49,0.83,2.33,2.32,2.13,4.21,0.00,80.00,3.00
296720,358.22,-1.29,-1.87,0.53,0.90,2.35,2.31,2.19,4.22,0.00,80.00,3.00
296749,358.22,-1.29,-1.87,0.55,0.91,2.35,2.33,2.20,4.23,0.00,80.00,3.00
296781,358.22,-1.28,-1.88,0.59,0.95,2.33,2.38,2.23,4.21,0.00,80.00,3.00
296810,358.20,-1.29,-1.89,0.53,0.97,2.36,2.34,2.26,4.24,0.00,80.00,3.00
296839,358.12,-1.28,-1.89,0.58,0.98,2.43,2.46,2.27,4.32,0.00,80.00,3.00
296869,358.13,-1.29,-1.89,0.63,1.01,2.44,2.50,2.30,4.33,0.00,80.00,3.00
296898,358.09,-1.29,-1.89,0.56,0.97,2.33,2.47,2.25,4.22,0.00,80.00,3.00
296927,358.10,-1.29,-1.88,0.50,0.95,2.30,2.41,2.24,4.19,0.00,80.00,3.00
296956,358.08,-1.30,-1.88,0.50,0.89,2.30,2.42,2.19,4.18,0.00,80.00,3.00
297002,358.05,-1.29,-1.87,0.53,0.90,2.17,2.49,2.18,4.04,0.00,80.00,3.00
297031,358.04,-1.29,-1.88,0.51,0.89,2.15,2.46,2.18,4.02,0.00,80.00,3.00
297060,358.06,-1.28,-1.87,0.50,0.89,2.21,2.44,2.17,4.09,0.00,80.00,3.00
297089,358.03,-1.29,-1.87,0.58,0.96,2.27,2.55,2.24,4.14,0.00,80.00,3.00
297119,358.02,-1.28,-1.87,0.70,0.99,2.28,2.68,2.27,4.15,0.00,80.00,3.00
297148,357.99,-1.27,-1.87,0.79,1.01,2.35,2.80,2.28,4.22,0.00,80.00,3.00
297177,357.95,-1.27,-1.87,0.78,1.04,2.36,2.83,2.31,4.22,0.00,80.00,3.00
297209,357.92,-1.27,-1.87,0.76,1.05,2.33,2.83,2.32,4.20,0.00,80.00,3.00
297238,357.92,-1.27,-1.87,0.76,1.01,2.35,2.84,2.28,4.22,0.00,80.00,3.00
297267,357.88,-1.26,-1.88,0.78,1.00,2.37,2.89,2.26,4.24,0.00,80.00,3.00
297296,357.85,-1.27,-1.87,0.71,0.96,2.31,2.86,2.22,4.18,0.00,80.00,3.00
297325,357.85,-1.27,-1.88,0.73,0.93,2.32,2.88,2.20,4.20,0.00,80.00,3.00
297355,357.82,-1.27,-1.87,0.76,0.93,2.42,2.94,2.20,4.29,0.00,80.00,3.00
297384,357.77,-1.27,-1.86,0.75,0.93,2.35,2.98,2.20,4.21,0.00,80.00,3.00
297416,357.82,-1.27,-1.86,0.79,0.87,2.30,2.98,2.14,4.16,0.00,80.00,3.00
297445,357.81,-1.28,-1.87,0.78,0.82,2.29,2.97,2.11,4.16,0.00,80.00,3.00
297474,357.79,-1.28,-1.82,0.82,0.80,2.26,3.03,2.08,4.09,0.00,80.00,3.00
297503,357.81,-1.28,-1.78,0.85,0.75,2.27,3.04,2.03,4.05,0.00,80.00,3.00
297533,357.80,-1.28,-1.75,0.88,0.77,2.22,3.07,2.05,3.97,0.00,80.00,3.00
297562,357.79,-1.28,-1.72,0.75,0.79,2.23,2.96,2.07,3.95,0.00,80.00,3.00
297591,357.73,-1.28,-1.72,0.72,0.86,2.23,2.98,2.14,3.95,0.00,80.00,3.00
297623,357.70,-1.28,-1.73,0.74,0.93,2.30,3.03,2.21,4.03,0.00,80.00,3.00
297666,357.79,-1.28,-1.73,0.70,1.02,2.37,2.91,2.30,4.10,0.00,80.00,3.00
297695,357.70,-1.28,-1.74,0.68,1.03,2.40,2.98,2.30,4.15,0.00,80.00,3.00
297724,357.64,-1.27,-1.76,0.69,1.00,2.39,3.05,2.27,4.16,0.00,80.00,3.00
297754,357.64,-1.27,-1.76,0.82,0.95,2.43,3.18,2.22,4.20,0.00,80.00,3.00
297783,357.65,-1.27,-1.77,0.80,0.91,2.47,3.15,2.18,4.24,0.00,80.00,3.00
297812,357.54,-1.27,-1.77,0.78,0.94,2.45,3.25,2.21,4.22,0.00,80.00,3.00
297844,357.50,-1.27,-1.77,0.84,0.88,2.42,3.34,2.15,4.19,0.00,80.00,3.00
297873,357.53,-1.28,-1.76,0.84,0.86,2.41,3.31,2.13,4.18,0.00,80.00,3.00
297911,357.67,-1.27,-1.76,0.83,0.88,2.35,3.16,2.15,4.11,0.00,80.00,3.00
297940,357.64,-1.26,-1.76,0.84,0.85,2.33,3.19,2.11,4.09,0.00,80.00,3.00
297969,357.65,-1.27,-1.76,0.77,0.79,2.30,3.12,2.06,4.05,0.00,80.00,3.00
297998,357.68,-1.28,-1.76,0.78,0.81,2.30,3.10,2.09,4.06,0.00,80.00,3.00
298027,357.72,-1.27,-1.76,0.83,0.83,2.29,3.11,2.11,4.05,0.00,80.00,3.00
298059,357.73,-1.27,-1.77,0.79,0.84,2.28,3.06,2.11,4.05,0.00,80.00,3.00
298088,357.80,-1.26,-1.78,0.70,0.86,2.31,2.89,2.11,4.08,0.00,80.00,3.00
298118,357.77,-1.26,-1.78,0.64,0.92,2.31,2.88,2.18,4.10,0.00,80.00,3.00
298147,357.79,-1.26,-1.78,0.77,0.90,2.29,2.98,2.15,4.08,0.00,80.00,3.00
298176,357.74,-1.27,-1.79,0.69,0.85,2.34,2.95,2.12,4.13,0.00,80.00,3.00
298205,357.78,-1.26,-1.79,0.66,0.82,2.36,2.88,2.08,4.15,0.00,80.00,3.00
298234,357.74,-1.26,-1.80,0.75,0.83,2.40,3.01,2.08,4.20,0.00,80.00,3.00
298266,357.73,-1.26,-1.80,0.90,0.81,2.35,3.17,2.07,4.16,0.00,80.00,3.00
298295,357.71,-1.27,-1.79,0.91,0.82,2.42,3.20,2.09,4.21,0.00,80.00,3.00
298338,357.72,-1.27,-1.79,0.83,0.86,2.43,3.10,2.12,4.22,0.00,80.00,3.00
298367,357.73,-1.27,-1.79,0.83,0.85,2.36,3.10,2.12,4.15,0.00,80.00,3.00
298396,357.72,-1.26,-1.79,0.82,0.82,2.32,3.10,2.08,4.11,0.00,80.00,3.00
298425,357.70,-1.27,-1.79,0.79,0.79,2.30,3.08,2.06,4.09,0.00,80.00,3.00
298454,357.68,-1.26,-1.79,0.68,0.85,2.26,3.00,2.10,4.05,0.00,80.00,3.00
298486,357.68,-1.26,-1.80,0.66,0.84,2.20,2.98,2.10,3.99,0.00,80.00,3.00
298516,357.67,-1.27,-1.80,0.73,0.83,2.24,3.06,2.10,4.04,0.00,80.00,3.00
298545,357.64,-1.27,-1.80,0.80,0.86,2.30,3.16,2.13,4.09,0.00,80.00,3.00
298574,357.69,-1.27,-1.80,0.69,0.93,2.30,3.00,2.20,4.10,0.00,80.00,3.00
298603,357.75,-1.28,-1.81,0.64,0.85,2.38,2.89,2.13,4.19,0.00,80.00,3.00
298632,357.84,-1.28,-1.81,0.69,0.91,2.43,2.86,2.19,4.24,0.00,80.00,3.00
298661,357.88,-1.29,-1.80,0.67,0.90,2.43,2.79,2.19,4.24,0.00,80.00,3.00
298693,357.91,-1.29,-1.81,0.60,0.87,2.42,2.70,2.16,4.23,0.00,80.00,3.00
298722,357.89,-1.29,-1.81,0.57,0.84,2.36,2.69,2.13,4.17,0.00,80.00,3.00
298751,357.90,-1.29,-1.81,0.68,0.85,2.31,2.78,2.14,4.12,0.00,80.00,3.00
298780,357.93,-1.29,-1.80,0.66,0.86,2.28,2.72,2.14,4.08,0.00,80.00,3.00
298810,357.89,-1.29,-1.81,0.55,0.80,2.25,2.66,2.09,4.06,0.00,80.00,3.00
298839,357.78,-1.29,-1.80,0.66,0.82,2.25,2.87,2.11,4.05,0.00,80.00,3.00
298868,357.77,-1.29,-1.80,0.63,0.83,2.26,2.87,2.12,4.06,0.00,80.00,3.00
298900,357.84,-1.28,-1.81,0.72,0.86,2.31,2.88,2.15,4.12,0.00,80.00,3.00
298929,357.82,-1.28,-1.82,0.73,0.85,2.40,2.91,2.13,4.22,0.00,80.00,3.00
298958,357.83,-1.27,-1.81,0.80,0.86,2.45,2.97,2.13,4.27,0.00,80.00,3.00
299001,357.84,-1.26,-1.86,0.77,0.85,2.46,2.92,2.11,4.32,0.00,80.00,3.00
299030,357.78,-1.26,-1.91,0.75,0.86,2.47,2.98,2.12,4.38,0.00,80.00,3.00
299059,357.85,-1.25,-1.95,0.79,0.90,2.53,2.94,2.15,4.49,0.00,80.00,3.00
299088,357.87,-1.25,-1.98,0.72,0.92,2.49,2.86,2.17,4.47,0.00,80.00,3.00
299120,357.83,-1.24,-1.99,0.81,0.93,2.49,2.98,2.17,4.48,0.00,80.00,3.00
299149,357.81,-1.24,-1.98,0.87,0.93,2.49,3.06,2.18,4.47,0.00,80.00,3.00
299178,357.77,-1.24,-1.97,0.85,0.97,2.42,3.08,2.21,4.39,0.00,80.00,3.00
299207,357.77,-1.25,-1.96,0.78,0.94,2.36,3.01,2.18,4.32,0.00,80.00,3.00
299236,357.72,-1.25,-1.95,0.75,0.91,2.32,3.03,2.16,4.27,0.00,80.00,3.00
299265,357.76,-1.24,-1.95,0.75,0.92,2.27,2.99,2.16,4.23,0.00,80.00,3.00
299295,357.78,-1.24,-1.95,0.66,0.88,2.22,2.88,2.13,4.17,0.00,80.00,3.00
299327,357.81,-1.25,-1.96,0.63,0.86,2.18,2.82,2.11,4.14,0.00,80.00,3.00
299356,357.85,-1.25,-1.97,0.68,0.88,2.21,2.83,2.14,4.19,0.00,80.00,3.00
299385,357.77,-1.25,-1.98,0.68,0.90,2.22,2.91,2.15,4.20,0.00,80.00,3.00
299414,357.77,-1.25,-1.98,0.71,0.84,2.24,2.94,2.09,4.22,0.00,80.00,3.00
299443,357.76,-1.25,-1.99,0.69,0.83,2.26,2.93,2.07,4.25,0.00,80.00,3.00
299472,357.70,-1.24,-1.99,0.75,0.81,2.31,3.05,2.06,4.30,0.00,80.00,3.00
299501,357.66,-1.24,-1.98,0.76,0.88,2.29,3.11,2.12,4.28,0.00,80.00,3.00
299549,357.66,-1.24,-1.98,0.73,0.87,2.28,3.07,2.11,4.26,0.00,80.00,3.00
299578,357.70,-1.25,-1.98,0.68,0.84,2.31,2.97,2.09,4.30,0.00,80.00,3.00
299607,357.69,-1.25,-1.98,0.60,0.90,2.32,2.90,2.15,4.30,0.00,80.00,3.00
299636,357.72,-1.25,-1.98,0.62,0.94,2.32,2.90,2.18,4.30,0.00,80.00,3.00
299679,357.74,-1.25,-1.99,0.62,0.93,2.27,2.88,2.18,4.26,0.00,80.00,3.00
299708,357.72,-1.26,-1.99,0.66,0.93,2.30,2.94,2.19,4.29,0.00,80.00,3.00
299737,357.72,-1.27,-1.97,0.68,0.91,2.28,2.96,2.18,4.26,0.00,80.00,3.00
299769,357.70,-1.27,-1.96,0.68,0.92,2.18,2.99,2.18,4.14,0.00,80.00,3.00
299799,357.71,-1.27,-1.96,0.73,0.89,2.15,3.01,2.16,4.11,0.00,80.00,3.00
299828,357.71,-1.26,-1.96,0.67,0.92,2.22,2.96,2.18,4.17,0.00,80.00,3.00
299857,357.74,-1.26,-1.96,0.71,0.91,2.24,2.97,2.17,4.20,0.00,80.00,3.00
299886,357.73,-1.26,-1.97,0.80,0.96,2.27,3.07,2.22,4.24,0.00,80.00,3.00
299915,357.75,-1.26,-1.97,0.86,0.99,2.30,3.11,2.25,4.27,0.00,80.00,3.00
299944,357.78,-1.27,-1.98,0.87,1.04,2.38,3.10,2.31,4.36,0.00,80.00,3.00
299976,357.77,-1.26,-1.98,0.89,1.01,2.32,3.13,2.27,4.30,0.00,80.00,3.00
300005,357.78,-1.26,-1.98,0.88,0.98,2.33,3.10,2.23,4.31,0.00,80.00,3.00
300034,357.81,-1.26,-1.98,0.85,0.93,2.31,3.03,2.18,4.29,0.00,80.00,3.00
300063,357.88,-1.26,-1.98,0.78,0.85,2.29,2.90,2.11,4.27,0.00,80.00,3.00
300092,357.90,-1.25,-1.98,0.85,0.84,2.27,2.95,2.10,4.24,0.00,80.00,3.00
300122,357.86,-1.24,-1.97,0.81,0.89,2.26,2.95,2.13,4.23,0.00,80.00,3.00
300151,357.82,-1.25,-1.98,0.84,0.86,2.25,3.02,2.12,4.23,0.00,80.00,3.00
300183,357.78,-1.25,-1.98,0.85,0.84,2.22,3.07,2.09,4.20,0.00,80.00,3.00
300212,357.85,-1.25,-1.98,0.83,0.81,2.24,2.98,2.06,4.22,0.00,80.00,3.00
300241,357.83,-1.25,-1.98,0.90,0.80,2.27,3.07,2.06,4.26,0.00,80.00,3.00
300270,357.77,-1.26,-1.98,0.88,0.79,2.34,3.11,2.05,4.32,0.00,80.00,3.00
300299,357.73,-1.26,-1.98,0.86,0.77,2.34,3.13,2.03,4.32,0.00,80.00,3.00
300342,357.78,-1.25,-1.98,0.79,0.76,2.36,3.01,2.02,4.34,0.00,80.00,3.00
300371,357.86,-1.25,-1.98,0.79,0.82,2.38,2.94,2.07,4.35,0.00,80.00,3.00
300403,357.89,-1.25,-1.97,0.67,0.88,2.35,2.78,2.13,4.33,0.00,80.00,3.00
300432,357.86,-1.25,-1.97,0.58,0.90,2.39,2.72,2.15,4.36,0.00,80.00,3.00
300461,357.87,-1.25,-1.96,0.51,0.87,2.36,2.64,2.12,4.32,0.00,80.00,3.00
300490,357.86,-1.25,-1.95,0.63,0.92,2.36,2.77,2.18,4.31,0.00,80.00,3.00
300519,357.83,-1.26,-1.95,0.76,0.93,2.35,2.93,2.19,4.30,0.00,80.00,3.00
300549,357.88,-1.26,-1.94,0.84,0.91,2.36,2.96,2.17,4.31,0.00,80.00,3.00
300578,357.85,-1.26,-1.93,0.89,0.92,2.35,3.04,2.19,4.28,0.00,80.00,3.00
300610,357.88,-1.27,-1.93,1.03,0.93,2.36,3.15,2.20,4.29,0.00,80.00,3.00
300639,357.91,-1.27,-1.94,1.00,0.90,2.40,3.10,2.18,4.34,0.00,80.00,3.00
300668,357.91,-1.27,-1.94,0.92,0.90,2.43,3.01,2.17,4.37,0.00,80.00,3.00
300697,357.81,-1.28,-1.95,0.83,0.91,2.35,3.02,2.19,4.30,0.00,80.00,3.00
300726,357.83,-1.27,-1.95,0.77,0.88,2.32,2.94,2.15,4.27,0.00,80.00,3.00
300755,357.86,-1.28,-1.96,0.78,0.89,2.33,2.91,2.16,4.28,0.00,80.00,3.00
300784,357.78,-1.28,-1.95,0.82,0.91,2.25,3.04,2.20,4.20,0.00,80.00,3.00
300816,357.78,-1.28,-1.94,0.78,0.95,2.20,2.99,2.23,4.15,0.00,80.00,3.00
300845,357.80,-1.28,-1.93,0.73,0.91,2.15,2.93,2.19,4.08,0.00,80.00,3.00
300875,357.78,-1.27,-1.92,0.70,0.91,2.18,2.92,2.18,4.10,0.00,80.00,3.00
300904,357.84,-1.28,-1.91,0.76,0.94,2.21,2.92,2.21,4.12,0.00,80.00,3.00
300933,357.77,-1.27,-1.91,0.76,0.89,2.24,2.99,2.17,4.15,0.00,80.00,3.00
300962,357.73,-1.27,-1.90,0.67,0.83,2.22,2.94,2.10,4.12,0.00,80.00,3.00
301005,357.82,-1.28,-1.91,0.75,0.81,2.22,2.93,2.08,4.13,0.00,80.00,3.00
301037,357.85,-1.29,-1.91,0.93,0.87,2.24,3.09,2.16,4.15,0.00,80.00,3.00
301065,357.87,-1.29,-1.91,0.94,0.90,2.25,3.07,2.19,4.17,0.00,80.00,3.00
301094,357.83,-1.28,-1.92,0.92,0.91,2.24,3.08,2.19,4.16,0.00,80.00,3.00
301123,357.83,-1.28,-1.92,0.87,0.91,2.26,3.03,2.19,4.17,0.00,80.00,3.00
301152,357.90,-1.28,-1.91,0.85,0.90,2.33,2.95,2.18,4.24,0.00,80.00,3.00
301181,357.87,-1.28,-1.90,0.76,0.88,2.35,2.89,2.15,4.25,0.00,80.00,3.00
301218,357.86,-1.27,-1.89,0.66,0.80,2.38,2.80,2.06,4.27,0.00,80.00,3.00
301255,357.83,-1.28,-1.90,0.57,0.75,2.46,2.73,2.03,4.35,0.00,80.00,3.00
301284,357.89,-1.28,-1.91,0.60,0.76,2.39,2.71,2.04,4.30,0.00,80.00,3.00
301313,357.88,-1.28,-1.92,0.73,0.76,2.41,2.84,2.04,4.33,0.00,80.00,3.00
301342,357.92,-1.28,-1.91,0.79,0.74,2.40,2.88,2.02,4.32,0.00,80.00,3.00
301371,357.90,-1.28,-1.91,0.83,0.81,2.45,2.94,2.09,4.36,0.00,80.00,3.00
301399,357.96,-1.28,-1.91,0.86,0.83,2.39,2.90,2.11,4.30,0.00,80.00,3.00
301428,357.90,-1.29,-1.91,0.88,0.87,2.42,2.98,2.16,4.33,0.00,80.00,3.00
301460,357.89,-1.29,-1.90,0.82,0.86,2.47,2.93,2.15,4.38,0.00,80.00,3.00
301489,357.84,-1.30,-1.90,0.72,0.87,2.55,2.88,2.17,4.46,0.00,80.00,3.00
301519,357.86,-1.30,-1.91,0.75,0.83,2.56,2.89,2.13,4.47,0.00,80.00,3.00
301548,357.82,-1.30,-1.91,0.71,0.80,2.60,2.89,2.10,4.51,0.00,80.00,3.00
301577,357.77,-1.30,-1.90,0.70,0.80,2.59,2.93,2.11,4.49,0.00,80.00,3.00
301606,357.71,-1.31,-1.90,0.68,0.80,2.50,2.97,2.11,4.40,0.00,80.00,3.00
301650,357.74,-1.31,-1.90,0.76,0.81,2.42,3.02,2.12,4.32,0.00,80.00,3.00
301682,357.71,-1.31,-1.89,0.77,0.85,2.41,3.06,2.16,4.31,0.00,80.00,3.00
301711,357.75,-1.30,-1.89,0.75,0.89,2.38,3.00,2.20,4.27,0.00,80.00,3.00
301741,357.70,-1.30,-1.89,0.79,0.89,2.29,3.09,2.19,4.18,0.00,80.00,3.00
301770,357.71,-1.29,-1.89,0.80,0.90,2.30,3.09,2.19,4.19,0.00,80.00,3.00
301799,357.81,-1.29,-1.89,0.92,0.92,2.39,3.11,2.21,4.27,0.00,80.00,3.00
301828,357.77,-1.29,-1.89,0.82,0.94,2.37,3.05,2.23,4.26,0.00,80.00,3.00
301858,357.72,-1.29,-1.89,0.81,0.88,2.39,3.09,2.17,4.28,0.00,80.00,3.00
301890,357.77,-1.30,-1.89,0.87,0.89,2.38,3.10,2.18,4.27,0.00,80.00,3.00
301919,357.83,-1.30,-1.89,0.86,0.85,2.39,3.02,2.15,4.28,0.00,80.00,3.00
301948,357.81,-1.30,-1.89,0.89,0.80,2.36,3.08,2.10,4.25,0.00,80.00,3.00
301978,357.81,-1.30,-1.90,0.95,0.80,2.39,3.13,2.11,4.29,0.00,80.00,3.00
302007,357.84,-1.31,-1.91,0.94,0.82,2.34,3.10,2.13,4.24,0.00,80.00,3.00
302036,357.84,-1.31,-1.91,0.91,0.81,2.36,3.07,2.12,4.27,0.00,80.00,3.00
302065,357.83,-1.31,-1.91,1.02,0.83,2.35,3.19,2.14,4.26,0.00,80.00,3.00
302093,357.80,-1.31,-1.92,1.00,0.92,2.36,3.21,2.24,4.29,0.00,80.00,3.00
302122,357.80,-1.31,-1.92,0.92,0.92,2.29,3.11,2.23,4.22,0.00,80.00,3.00
302151,357.83,-1.31,-1.93,0.83,0.93,2.34,3.00,2.24,4.26,0.00,80.00,3.00
302180,357.83,-1.31,-1.92,0.76,0.93,2.39,2.92,2.24,4.31,0.00,80.00,3.00
302210,357.93,-1.31,-1.91,0.70,0.97,2.41,2.77,2.28,4.32,0.00,80.00,3.00
302239,357.93,-1.31,-1.90,0.71,0.92,2.38,2.77,2.23,4.28,0.00,80.00,3.00
302268,357.92,-1.31,-1.90,0.74,0.90,2.44,2.82,2.21,4.35,0.00,80.00,3.00
302312,357.95,-1.31,-1.89,0.74,0.90,2.51,2.79,2.21,4.41,0.00,80.00,3.00
302344,357.93,-1.31,-1.90,0.81,0.90,2.42,2.88,2.21,4.32,0.00,80.00,3.00
302373,357.91,-1.30,-1.90,0.89,0.90,2.36,2.99,2.20,4.26,0.00,80.00,3.00
302402,357.92,-1.31,-1.90,0.96,0.80,2.39,3.05,2.11,4.30,0.00,80.00,3.00
302432,357.90,-1.30,-1.91,0.95,0.81,2.40,3.05,2.12,4.31,0.00,80.00,3.00
302461,357.95,-1.30,-1.92,0.92,0.81,2.36,2.97,2.11,4.28,0.00,80.00,3.00
302490,358.00,-1.30,-1.92,0.94,0.82,2.41,2.93,2.12,4.33,0.00,80.00,3.00
302519,358.02,-1.30,-1.92,0.92,0.78,2.37,2.90,2.08,4.29,0.00,80.00,3.00
302551,357.99,-1.30,-1.91,0.90,0.80,2.40,2.91,2.10,4.31,0.00,80.00,3.00
302581,357.93,-1.29,-1.91,0.83,0.84,2.39,2.90,2.13,4.30,0.00,80.00,3.00
302610,357.90,-1.30,-1.90,0.75,0.86,2.41,2.85,2.15,4.31,0.00,80.00,3.00
302639,357.82,-1.30,-1.91,0.78,0.91,2.40,2.96,2.22,4.31,0.00,80.00,3.00
302668,357.72,-1.31,-1.91,0.84,0.92,2.42,3.12,2.23,4.33,0.00,80.00,3.00
302698,357.73,-1.31,-1.92,0.80,0.95,2.45,3.07,2.26,4.37,0.00,80.00,3.00
302727,357.77,-1.31,-1.93,0.82,0.96,2.43,3.05,2.27,4.36,0.00,80.00,3.00
302759,357.73,-1.31,-1.93,0.87,0.96,2.39,3.14,2.27,4.32,0.00,80.00,3.00
302788,357.76,-1.30,-1.93,0.93,0.93,2.39,3.17,2.23,4.31,0.00,80.00,3.00
302817,357.70,-1.30,-1.93,0.88,0.86,2.37,3.18,2.16,4.30,0.00,80.00,3.00
302855,357.65,-1.30,-1.93,0.89,0.89,2.36,3.24,2.19,4.29,0.00,80.00,3.00
302884,357.66,-1.31,-1.94,0.89,0.88,2.33,3.23,2.19,4.27,0.00,80.00,3.00
302913,357.61,-1.30,-1.95,0.90,0.83,2.35,3.29,2.13,4.30,0.00,80.00,3.00
302957,357.68,-1.30,-1.96,0.92,0.82,2.31,3.24,2.11,4.27,0.00,80.00,3.00
302989,357.68,-1.30,-1.96,0.95,0.83,2.30,3.27,2.13,4.25,0.00,80.00,3.00
303018,357.72,-1.30,-1.96,0.87,0.84,2.23,3.15,2.14,4.20,0.00,80.00,3.00
303048,357.70,-1.29,-1.97,0.81,0.84,2.18,3.11,2.13,4.15,0.00,80.00,3.00
303077,357.59,-1.29,-2.02,0.77,0.87,2.17,3.18,2.17,4.19,0.00,80.00,3.00
303106,357.56,-1.31,-2.10,0.68,0.87,2.18,3.13,2.18,4.28,0.00,80.00,3.00
303135,357.40,-1.29,-2.31,0.70,0.89,2.26,3.30,2.18,4.57,0.00,80.00,3.00
303164,357.23,-1.28,-2.51,0.75,0.90,2.28,3.52,2.18,4.79,0.00,80.00,3.00
303196,357.20,-1.27,-2.60,0.68,0.94,2.23,3.48,2.22,4.83,0.00,80.00,3.00
303226,357.18,-1.28,-2.69,0.70,0.89,2.27,3.51,2.17,4.95,0.00,80.00,3.00
303255,357.18,-1.29,-2.75,0.73,0.94,2.24,3.55,2.23,4.99,0.00,80.00,3.00
303284,357.21,-1.31,-2.71,0.66,0.92,2.25,3.45,2.23,4.97,0.00,80.00,3.00
303313,357.21,-1.32,-2.64,0.68,0.89,2.29,3.47,2.21,4.93,0.00,80.00,3.00
303342,357.26,-1.31,-2.59,0.70,0.74,2.44,3.45,2.05,5.03,0.00,80.00,3.00
303371,357.32,-1.32,-2.57,0.75,0.84,2.51,3.43,2.16,5.08,0.00,80.00,3.00
303404,357.28,-1.31,-2.57,0.81,0.69,2.72,3.53,2.00,5.29,0.00,80.00,3.00
303433,356.90,-1.33,-3.08,0.76,0.70,2.47,3.86,2.03,5.55,0.00,80.00,3.00
303462,356.81,-1.31,-3.19,0.67,0.72,2.47,3.85,2.04,5.67,0.00,80.00,3.00
303491,356.75,-1.34,-3.34,0.72,0.74,2.47,3.97,2.08,5.81,0.00,80.00,3.00
303520,356.75,-1.34,-3.28,0.70,0.95,2.35,3.94,2.30,5.63,0.00,80.00,3.00
303549,356.79,-1.34,-3.19,0.64,0.77,2.19,3.85,2.11,5.38,0.00,80.00,3.00
303579,356.80,-1.33,-3.13,0.60,0.67,2.40,3.80,2.00,5.53,0.00,80.00,3.00
303625,356.82,-1.34,-3.09,0.66,0.54,2.76,3.84,1.88,5.86,0.00,80.00,3.00
303654,356.82,-1.33,-3.08,0.73,0.62,2.54,3.91,1.95,5.62,0.00,80.00,3.00
303683,356.79,-1.33,-3.05,0.67,0.65,2.53,3.87,1.98,5.58,0.00,80.00,3.00
303712,356.84,-1.34,-3.05,0.75,0.39,2.89,3.91,1.73,5.94,0.00,80.00,3.00
303742,356.78,-1.33,-3.05,0.71,0.87,2.68,3.93,2.20,5.72,0.00,80.00,3.00
303771,356.75,-1.33,-3.06,0.66,1.66,2.03,3.91,2.99,5.08,0.00,80.00,3.00
303800,356.78,-1.33,-3.05,0.62,1.70,1.82,3.84,3.03,4.88,0.00,80.00,3.00
303832,356.77,-1.33,-3.05,0.67,1.56,1.99,3.89,2.89,5.04,0.00,80.00,3.00
303861,356.77,-1.33,-3.05,0.60,1.86,1.62,3.84,3.20,4.67,0.00,80.00,3.00
303891,356.83,-1.33,-3.05,0.64,1.60,1.67,3.81,2.93,4.72,0.00,80.00,3.00
303920,356.80,-1.32,-3.05,0.66,0.96,2.12,3.86,2.28,5.17,0.00,80.00,3.00
303949,356.79,-1.32,-3.04,0.75,0.98,2.31,3.96,2.30,5.35,0.00,80.00,3.00
303978,356.78,-1.32,-3.04,0.79,1.05,2.26,4.01,2.37,5.30,0.00,80.00,3.00
304007,356.83,-1.32,-3.04,0.78,0.97,2.29,3.96,2.28,5.33,0.00,80.00,3.00
304039,356.80,-1.31,-3.04,0.84,0.87,2.43,4.04,2.18,5.46,0.00,80.00,3.00
304069,356.84,-1.32,-3.04,0.91,0.91,2.41,4.07,2.23,5.45,0.00,80.00,3.00
304098,356.87,-1.32,-3.04,0.95,0.89,2.39,4.08,2.22,5.43,0.00,80.00,3.00
304127,356.94,-1.32,-3.04,0.78,0.78,2.47,3.84,2.11,5.51,0.00,80.00,3.00
304156,356.89,-1.33,-3.03,0.83,0.79,2.48,3.94,2.11,5.51,0.00,80.00,3.00
304185,356.98,-1.32,-3.03,0.80,0.83,2.44,3.82,2.15,5.47,0.00,80.00,3.00
304214,356.93,-1.33,-3.03,0.69,0.85,2.40,3.77,2.18,5.43,0.00,80.00,3.00
304261,356.95,-1.33,-3.02,0.58,0.82,2.49,3.63,2.15,5.51,0.00,80.00,3.00
304290,356.99,-1.33,-3.02,0.63,0.84,2.45,3.64,2.16,5.47,0.00,80.00,3.00
304319,356.86,-1.33,-3.02,0.70,0.88,2.43,3.84,2.21,5.44,0.00,80.00,3.00
304348,356.95,-1.33,-3.02,0.69,0.85,2.45,3.74,2.18,5.47,0.00,80.00,3.00
304377,356.96,-1.34,-3.02,0.63,0.81,2.39,3.67,2.14,5.41,0.00,80.00,3.00
304407,356.95,-1.33,-3.00,0.69,0.83,2.30,3.73,2.16,5.30,0.00,80.00,3.00
304436,357.00,-1.35,-2.99,0.65,0.84,2.27,3.65,2.19,5.26,0.00,80.00,3.00
304468,356.96,-1.35,-2.98,0.56,0.83,2.27,3.60,2.18,5.25,0.00,80.00,3.00
304506,356.97,-1.34,-2.98,0.62,0.85,2.19,3.65,2.19,5.17,0.00,80.00,3.00
304535,357.02,-1.34,-2.98,0.70,0.89,2.17,3.68,2.23,5.15,0.00,80.00,3.00
304564,357.03,-1.34,-2.97,0.72,0.92,2.25,3.69,2.26,5.22,0.00,80.00,3.00
304593,357.08,-1.34,-2.92,0.82,0.89,2.28,3.74,2.23,5.21,0.00,80.00,3.00
304622,357.08,-1.32,-2.85,0.83,0.94,2.30,3.76,2.26,5.15,0.00,80.00,3.00
304651,357.24,-1.34,-2.63,0.82,0.89,2.37,3.58,2.23,5.00,0.00,80.00,3.00
304683,357.38,-1.35,-2.43,0.78,0.95,2.45,3.40,2.30,4.89,0.00,80.00,3.00
304712,357.45,-1.36,-2.34,0.84,0.95,2.55,3.38,2.30,4.90,0.00,80.00,3.00
304742,357.42,-1.35,-2.26,0.86,0.94,2.53,3.44,2.29,4.80,0.00,80.00,3.00
304771,357.42,-1.35,-2.21,0.77,0.96,2.48,3.36,2.31,4.69,0.00,80.00,3.00
304800,357.39,-1.34,-2.23,0.82,0.99,2.44,3.43,2.33,4.68,0.00,80.00,3.00
304829,357.36,-1.33,-2.30,0.77,1.02,2.33,3.41,2.35,4.63,0.00,80.00,3.00
304858,357.45,-1.34,-2.34,0.76,1.00,2.34,3.31,2.34,4.69,0.00,80.00,3.00
304905,357.45,-1.33,-2.37,0.70,0.96,2.26,3.25,2.29,4.63,0.00,80.00,3.00
304934,357.44,-1.34,-2.37,0.76,0.98,2.26,3.32,2.32,4.63,0.00,80.00,3.00
304963,357.75,-1.32,-1.86,0.79,0.96,2.24,3.05,2.28,4.10,0.00,80.00,3.00
304992,357.80,-1.34,-1.76,0.72,0.94,2.28,2.92,2.27,4.04,0.00,80.00,3.00
305021,357.82,-1.30,-1.62,0.73,0.91,2.38,2.91,2.21,4.00,0.00,80.00,3.00
305050,357.85,-1.30,-1.67,0.78,0.87,2.41,2.92,2.17,4.08,0.00,80.00,3.00
305079,357.83,-1.30,-1.75,0.76,0.88,2.42,2.93,2.18,4.17,0.00,80.00,3.00
305111,357.83,-1.30,-1.81,0.71,0.79,2.43,2.88,2.10,4.24,0.00,80.00,3.00
305140,357.81,-1.30,-1.84,0.71,0.74,2.50,2.90,2.03,4.34,0.00,80.00,3.00
305170,357.83,-1.30,-1.85,0.68,0.78,2.35,2.84,2.07,4.20,0.00,80.00,3.00
305199,357.85,-1.30,-1.88,0.61,0.79,2.34,2.76,2.09,4.22,0.00,80.00,3.00
305228,357.80,-1.30,-1.89,0.65,0.78,2.30,2.85,2.08,4.18,0.00,80.00,3.00
305257,357.81,-1.30,-1.89,0.64,0.79,2.33,2.83,2.09,4.22,0.00,80.00,3.00
305286,357.85,-1.30,-1.88,0.76,0.80,2.35,2.91,2.10,4.23,0.00,80.00,3.00
305318,357.85,-1.30,-1.89,0.73,0.81,2.34,2.88,2.11,4.22,0.00,80.00,3.00
305347,357.87,-1.30,-1.89,0.78,0.83,2.33,2.91,2.12,4.22,0.00,80.00,3.00
305376,357.90,-1.30,-1.89,0.78,0.82,2.33,2.88,2.12,4.22,0.00,80.00,3.00
305406,357.93,-1.31,-1.90,0.72,0.81,2.32,2.80,2.12,4.22,0.00,80.00,3.00
305435,357.89,-1.31,-1.91,0.69,0.84,2.24,2.80,2.15,4.15,0.00,80.00,3.00
305464,357.90,-1.31,-1.91,0.70,0.85,2.24,2.80,2.17,4.15,0.00,80.00,3.00
305493,357.90,-1.32,-1.91,0.70,0.84,2.25,2.80,2.16,4.16,0.00,80.00,3.00
305525,357.85,-1.32,-1.90,0.76,0.81,2.30,2.90,2.13,4.20,0.00,80.00,3.00
305569,357.87,-1.32,-1.91,0.70,0.86,2.28,2.83,2.18,4.19,0.00,80.00,3.00
305598,357.86,-1.32,-1.91,0.80,0.87,2.33,2.94,2.19,4.25,0.00,80.00,3.00
305627,357.81,-1.32,-1.91,0.82,0.87,2.35,3.01,2.19,4.26,0.00,80.00,3.00
305656,357.80,-1.32,-1.91,0.78,0.90,2.29,2.98,2.23,4.20,0.00,80.00,3.00
305685,357.88,-1.32,-1.91,0.85,0.91,2.29,2.97,2.23,4.20,0.00,80.00,3.00
305714,357.90,-1.32,-1.90,0.92,0.91,2.28,3.02,2.23,4.18,0.00,80.00,3.00
305746,357.93,-1.32,-1.90,0.99,0.91,2.31,3.06,2.22,4.20,0.00,80.00,3.00
305775,357.90,-1.31,-1.91,0.99,0.89,2.33,3.09,2.20,4.24,0.00,80.00,3.00
305805,357.89,-1.31,-1.90,0.97,0.88,2.28,3.08,2.19,4.18,0.00,80.00,3.00
305834,357.97,-1.30,-1.90,0.83,0.88,2.30,2.86,2.18,4.20,0.00,80.00,3.00
305863,357.95,-1.29,-1.90,0.72,0.87,2.37,2.77,2.17,4.27,0.00,80.00,3.00
305892,357.98,-1.28,-1.90,0.61,0.82,2.33,2.64,2.11,4.23,0.00,80.00,3.00
305921,358.01,-1.29,-1.91,0.50,0.83,2.36,2.50,2.11,4.28,0.00,80.00,3.00
305953,358.01,-1.28,-1.92,0.48,0.82,2.38,2.46,2.10,4.30,0.00,80.00,3.00
305982,358.04,-1.28,-1.91,0.43,0.82,2.40,2.39,2.11,4.31,0.00,80.00,3.00
306011,358.05,-1.29,-1.92,0.47,0.87,2.34,2.42,2.16,4.26,0.00,80.00,3.00
306040,357.99,-1.29,-1.91,0.48,0.90,2.31,2.49,2.19,4.22,0.00,80.00,3.00
306070,357.98,-1.30,-1.91,0.60,0.93,2.38,2.61,2.23,4.28,0.00,80.00,3.00
306099,357.99,-1.30,-1.90,0.70,0.94,2.33,2.71,2.24,4.24,0.00,80.00,3.00
306128,358.06,-1.30,-1.91,0.74,0.97,2.28,2.68,2.26,4.19,0.00,80.00,3.00
306168,358.01,-1.30,-1.92,0.74,0.91,2.31,2.72,2.21,4.23,0.00,80.00,3.00
306212,358.03,-1.30,-1.93,0.77,0.88,2.31,2.73,2.18,4.24,0.00,80.00,3.00
306241,357.99,-1.30,-1.94,0.83,0.92,2.29,2.83,2.22,4.22,0.00,80.00,3.00
306271,358.01,-1.30,-1.93,0.72,0.93,2.25,2.71,2.22,4.19,0.00,80.00,3.00
306300,358.03,-1.30,-1.93,0.80,0.89,2.28,2.77,2.19,4.21,0.00,80.00,3.00
306329,357.99,-1.29,-1.94,0.85,0.91,2.29,2.86,2.20,4.23,0.00,80.00,3.00
306358,358.01,-1.30,-1.94,0.86,0.99,2.24,2.85,2.29,4.18,0.00,80.00,3.00
306390,357.96,-1.30,-1.94,0.86,1.00,2.24,2.90,2.30,4.18,0.00,80.00,3.00
306419,357.94,-1.32,-1.92,0.84,0.98,2.21,2.90,2.29,4.14,0.00,80.00,3.00
306449,358.03,-1.33,-1.88,0.79,0.92,2.31,2.76,2.26,4.18,0.00,80.00,3.00
306478,358.03,-1.32,-1.85,0.75,0.92,2.41,2.72,2.24,4.26,0.00,80.00,3.00
306507,358.00,-1.31,-1.82,0.84,0.88,2.41,2.85,2.19,4.23,0.00,80.00,3.00
306536,358.06,-1.32,-1.78,0.88,0.87,2.44,2.83,2.19,4.23,0.00,80.00,3.00
306565,357.94,-1.32,-1.78,0.90,0.84,2.47,2.97,2.16,4.25,0.00,80.00,3.00
306597,357.90,-1.33,-1.78,0.90,0.92,2.40,3.00,2.25,4.19,0.00,80.00,3.00
306627,357.94,-1.32,-1.77,0.88,0.92,2.43,2.94,2.24,4.20,0.00,80.00,3.00
306656,357.91,-1.32,-1.77,0.93,0.91,2.43,3.02,2.22,4.20,0.00,80.00,3.00
306685,357.87,-1.32,-1.76,0.85,1.02,2.43,2.98,2.33,4.18,0.00,80.00,3.00
306714,357.90,-1.32,-1.75,0.80,1.11,2.19,2.90,2.43,3.94,0.00,80.00,3.00
306743,357.90,-1.32,-1.75,0.68,1.11,2.23,2.78,2.43,3.97,0.00,80.00,3.00
306772,357.94,-1.32,-1.75,0.74,1.05,2.29,2.80,2.37,4.04,0.00,80.00,3.00
306805,357.91,-1.32,-1.75,0.71,0.97,2.23,2.80,2.29,3.97,0.00,80.00,3.00
306834,357.96,-1.32,-1.75,0.65,0.94,2.17,2.69,2.26,3.91,0.00,80.00,3.00
306877,357.94,-1.31,-1.73,0.63,0.86,2.20,2.69,2.17,3.94,0.00,80.00,3.00
306906,357.90,-1.32,-1.72,0.64,0.88,2.28,2.74,2.20,4.01,0.00,80.00,3.00
306936,357.85,-1.32,-1.72,0.75,0.92,2.22,2.90,2.25,3.94,0.00,80.00,3.00
306965,357.89,-1.33,-1.74,0.71,0.99,2.11,2.82,2.32,3.85,0.00,80.00,3.00
306994,357.88,-1.34,-1.76,0.69,0.99,2.12,2.81,2.33,3.88,0.00,80.00,3.00
307026,357.82,-1.33,-1.78,0.70,0.97,2.19,2.88,2.29,3.97,0.00,80.00,3.00
307055,357.85,-1.33,-1.78,0.72,0.89,2.25,2.87,2.21,4.03,0.00,80.00,3.00
307084,357.82,-1.33,-1.76,0.71,0.85,2.29,2.90,2.17,4.05,0.00,80.00,3.00
307113,357.69,-1.33,-1.75,0.67,0.78,2.34,2.98,2.11,4.09,0.00,80.00,3.00
307142,357.74,-1.33,-1.74,0.80,0.78,2.40,3.06,2.12,4.14,0.00,80.00,3.00
307171,357.76,-1.33,-1.75,0.79,0.81,2.51,3.03,2.15,4.26,0.00,80.00,3.00
307200,357.73,-1.34,-1.75,0.87,0.85,2.53,3.14,2.19,4.29,0.00,80.00,3.00
307232,357.64,-1.34,-1.75,0.90,0.82,2.51,3.26,2.16,4.26,0.00,80.00,3.00
307261,357.59,-1.35,-1.75,0.98,0.81,2.48,3.39,2.16,4.23,0.00,80.00,3.00
307290,357.58,-1.35,-1.75,0.99,0.85,2.51,3.42,2.20,4.26,0.00,80.00,3.00
307320,357.48,-1.35,-1.76,1.08,0.82,2.51,3.60,2.17,4.27,0.00,80.00,3.00
307349,357.43,-1.36,-1.76,1.04,0.74,2.44,3.61,2.10,4.20,0.00,80.00,3.00
307378,357.42,-1.36,-1.76,0.92,0.67,2.44,3.50,2.04,4.20,0.00,80.00,3.00
307407,357.35,-1.37,-1.75,0.92,0.73,2.49,3.57,2.11,4.24,0.00,80.00,3.00
307439,357.23,-1.37,-1.75,0.87,0.76,2.47,3.65,2.13,4.22,0.00,80.00,3.00
307468,357.19,-1.37,-1.75,0.73,0.79,2.50,3.54,2.16,4.25,0.00,80.00,3.00
307511,357.10,-1.37,-1.76,0.73,0.90,2.45,3.63,2.27,4.21,0.00,80.00,3.00
307548,357.02,-1.36,-1.74,0.81,0.97,2.40,3.79,2.33,4.14,0.00,80.00,3.00
307577,357.01,-1.37,-1.73,0.88,0.96,2.37,3.87,2.33,4.10,0.00,80.00,3.00
307606,356.97,-1.36,-1.74,0.83,0.92,2.37,3.86,2.28,4.11,0.00,80.00,3.00
307635,356.99,-1.36,-1.74,0.81,0.92,2.36,3.82,2.29,4.10,0.00,80.00,3.00
307667,356.94,-1.37,-1.74,0.88,0.93,2.33,3.93,2.30,4.07,0.00,80.00,3.00
307697,356.95,-1.37,-1.73,0.74,0.87,2.34,3.79,2.23,4.07,0.00,80.00,3.00
307726,356.91,-1.36,-1.71,0.64,0.90,2.31,3.73,2.26,4.03,0.00,80.00,3.00
307755,356.87,-1.36,-1.71,0.62,0.91,2.29,3.75,2.28,4.00,0.00,80.00,3.00
307784,356.82,-1.37,-1.72,0.81,0.90,2.40,3.99,2.27,4.11,0.00,80.00,3.00
307822,356.73,-1.36,-1.72,0.94,0.86,2.43,4.22,2.22,4.15,0.00,80.00,3.00
307851,356.72,-1.36,-1.72,1.02,0.84,2.43,4.29,2.20,4.14,0.00,80.00,3.00
307882,356.63,-1.35,-1.72,1.13,0.78,2.43,4.50,2.14,4.15,0.00,80.00,3.00
307911,356.56,-1.35,-1.73,1.07,0.84,2.44,4.51,2.19,4.18,0.00,80.00,3.00
307940,356.55,-1.35,-1.74,0.96,0.88,2.37,4.41,2.23,4.11,0.00,80.00,3.00
307969,356.46,-1.34,-1.79,0.86,0.88,2.30,4.40,2.22,4.09,0.00,80.00,3.00
307998,356.42,-1.34,-1.82,0.85,0.91,2.27,4.43,2.25,4.09,0.00,80.00,3.00
308027,356.38,-1.35,-1.84,0.76,0.99,2.30,4.37,2.34,4.14,0.00,80.00,3.00
308056,356.32,-1.35,-1.87,0.77,0.98,2.33,4.46,2.32,4.20,0.00,80.00,3.00
308087,356.34,-1.35,-1.88,0.73,1.00,2.34,4.39,2.35,4.22,0.00,80.00,3.00
308116,356.31,-1.35,-1.88,0.76,1.06,2.34,4.45,2.40,4.22,0.00,80.00,3.00
308145,356.19,-1.35,-1.90,0.73,1.08,2.41,4.55,2.43,4.31,0.00,80.00,3.00
308189,356.23,-1.36,-1.90,0.76,1.06,2.46,4.54,2.42,4.37,0.00,80.00,3.00
308217,356.18,-1.37,-1.91,0.68,1.03,2.45,4.50,2.39,4.36,0.00,80.00,3.00
308246,356.11,-1.37,-1.91,0.61,0.97,2.40,4.50,2.34,4.32,0.00,80.00,3.00
308275,356.08,-1.36,-1.91,0.63,0.90,2.38,4.55,2.26,4.29,0.00,80.00,3.00
308307,355.98,-1.37,-1.91,0.61,0.88,2.36,4.63,2.25,4.27,0.00,80.00,3.00
308336,355.94,-1.37,-1.92,0.58,0.87,2.28,4.65,2.24,4.19,0.00,80.00,3.00
308365,355.86,-1.37,-1.92,0.51,0.86,2.28,4.64,2.24,4.19,0.00,80.00,3.00
308394,355.87,-1.37,-1.93,0.50,0.88,2.28,4.63,2.25,4.20,0.00,80.00,3.00
308424,355.81,-1.36,-1.94,0.55,0.92,2.34,4.74,2.29,4.28,0.00,80.00,3.00
308453,355.74,-1.36,-1.94,0.60,0.84,2.34,4.85,2.20,4.28,0.00,80.00,3.00
308482,355.75,-1.36,-1.91,0.64,0.86,2.33,4.89,2.22,4.24,0.00,80.00,3.00
308514,355.71,-1.35,-1.89,0.70,0.88,2.33,4.99,2.23,4.22,0.00,80.00,3.00
308544,355.67,-1.35,-1.87,0.83,0.93,2.35,5.16,2.28,4.22,0.00,80.00,3.00
308573,355.59,-1.35,-1.88,0.88,0.93,2.30,5.29,2.28,4.18,0.00,80.00,3.00
308602,355.56,-1.34,-1.89,0.85,0.96,2.21,5.29,2.30,4.10,0.00,80.00,3.00
308631,355.61,-1.34,-1.90,0.85,0.97,2.29,5.25,2.31,4.18,0.00,80.00,3.00
308661,355.57,-1.33,-1.90,0.89,0.94,2.26,5.32,2.28,4.15,0.00,80.00,3.00
308690,355.46,-1.33,-1.89,0.82,0.88,2.24,5.36,2.21,4.14,0.00,80.00,3.00
308722,355.45,-1.32,-1.90,0.85,0.86,2.25,5.40,2.18,4.15,0.00,80.00,3.00
308751,355.45,-1.32,-1.91,0.80,0.89,2.17,5.35,2.21,4.08,0.00,80.00,3.00
308781,355.47,-1.30,-1.92,0.82,0.91,2.23,5.34,2.21,4.15,0.00,80.00,3.00
308825,355.41,-1.30,-1.92,0.76,0.92,2.22,5.35,2.22,4.14,0.00,80.00,3.00
308854,355.55,-1.30,-1.91,0.77,0.93,2.26,5.22,2.23,4.17,0.00,80.00,3.00
308883,355.58,-1.29,-1.92,0.70,0.91,2.19,5.13,2.20,4.11,0.00,80.00,3.00
308912,355.56,-1.29,-1.92,0.65,0.90,2.21,5.08,2.19,4.13,0.00,80.00,3.00
308945,355.60,-1.28,-1.92,0.72,0.85,2.26,5.11,2.14,4.18,0.00,80.00,3.00
308974,355.61,-1.29,-1.92,0.77,0.85,2.25,5.16,2.14,4.17,0.00,80.00,3.00
309003,355.54,-1.29,-1.92,0.80,0.86,2.27,5.27,2.15,4.19,0.00,80.00,3.00
309032,355.56,-1.29,-1.92,0.71,0.84,2.29,5.16,2.13,4.20,0.00,80.00,3.00
309061,355.61,-1.29,-1.92,0.73,0.83,2.36,5.12,2.12,4.29,0.00,80.00,3.00
309091,355.56,-1.29,-1.93,0.78,0.85,2.35,5.22,2.14,4.28,0.00,80.00,3.00
309120,355.55,-1.28,-1.93,0.80,0.90,2.31,5.25,2.18,4.23,0.00,80.00,3.00
309152,355.56,-1.28,-1.94,0.78,0.93,2.31,5.22,2.21,4.24,0.00,80.00,3.00
309181,355.55,-1.28,-1.92,0.74,0.95,2.30,5.19,2.23,4.22,0.00,80.00,3.00
309211,355.50,-1.28,-1.93,0.82,0.94,2.26,5.32,2.22,4.19,0.00,80.00,3.00
309240,355.45,-1.27,-1.95,0.74,0.98,2.26,5.29,2.25,4.21,0.00,80.00,3.00
309269,355.48,-1.27,-1.91,0.77,0.98,2.28,5.30,2.25,4.19,0.00,80.00,3.00
309298,355.49,-1.27,-1.91,0.73,0.93,2.30,5.24,2.20,4.21,0.00,80.00,3.00
309327,355.52,-1.26,-1.91,0.82,0.87,2.29,5.30,2.13,4.19,0.00,80.00,3.00
309360,355.51,-1.27,-1.93,0.82,0.97,2.29,5.31,2.24,4.22,0.00,80.00,3.00
309389,355.48,-1.27,-1.96,0.81,0.95,2.27,5.33,2.21,4.22,0.00,80.00,3.00
309418,355.43,-1.26,-1.98,0.82,0.91,2.25,5.39,2.18,4.22,0.00,80.00,3.00
309471,355.38,-1.26,-1.99,0.80,0.86,2.26,5.42,2.12,4.25,0.00,80.00,3.00
309500,355.36,-1.25,-2.00,0.84,0.90,2.36,5.48,2.15,4.36,0.00,80.00,3.00
309529,355.39,-1.25,-1.99,0.84,0.85,2.58,5.45,2.10,4.57,0.00,80.00,3.00
309558,355.41,-1.25,-1.97,0.86,0.70,2.76,5.45,1.96,4.73,0.00,80.00,3.00
309590,355.37,-1.26,-1.96,0.89,0.75,2.69,5.52,2.01,4.65,0.00,80.00,3.00
309619,355.42,-1.26,-1.95,0.89,0.85,2.60,5.47,2.10,4.55,0.00,80.00,3.00
309649,355.39,-1.26,-1.94,0.90,0.87,2.61,5.51,2.13,4.55,0.00,80.00,3.00
309678,355.37,-1.26,-1.94,0.85,0.94,2.48,5.49,2.20,4.42,0.00,80.00,3.00
309707,355.32,-1.26,-1.95,0.86,1.07,2.22,5.55,2.34,4.17,0.00,80.00,3.00
309736,355.35,-1.25,-1.95,0.88,1.00,2.44,5.52,2.25,4.39,0.00,80.00,3.00
309765,355.33,-1.25,-1.99,0.84,0.92,2.52,5.50,2.17,4.51,0.00,80.00,3.00
309797,355.38,-1.24,-2.02,0.80,0.93,2.40,5.42,2.17,4.42,0.00,80.00,3.00
309827,355.43,-1.24,-2.06,0.77,0.91,2.39,5.34,2.15,4.45,0.00,80.00,3.00
309856,355.44,-1.23,-2.07,0.77,0.88,2.42,5.33,2.11,4.49,0.00,80.00,3.00
309885,355.45,-1.23,-2.07,0.78,0.93,2.34,5.34,2.16,4.41,0.00,80.00,3.00
309914,355.40,-1.24,-2.06,0.82,1.00,2.25,5.42,2.24,4.32,0.00,80.00,3.00
309943,355.39,-1.24,-2.06,0.93,0.99,2.29,5.53,2.23,4.35,0.00,80.00,3.00
309973,355.41,-1.24,-2.05,0.93,0.96,2.37,5.53,2.20,4.43,0.00,80.00,3.00
310005,355.36,-1.24,-2.04,0.99,0.94,2.44,5.64,2.18,4.49,0.00,80.00,3.00
310034,355.35,-1.24,-2.03,0.96,0.94,2.49,5.61,2.18,4.51,0.00,80.00,3.00
310063,355.38,-1.24,-2.03,0.89,0.89,2.60,5.51,2.13,4.63,0.00,80.00,3.00
310107,355.40,-1.25,-2.03,0.83,0.87,2.64,5.43,2.12,4.67,0.00,80.00,3.00
310136,355.37,-1.25,-2.04,0.93,0.90,2.60,5.55,2.15,4.64,0.00,80.00,3.00
310165,355.33,-1.25,-2.05,0.92,0.96,2.60,5.59,2.21,4.65,0.00,80.00,3.00
310195,355.35,-1.25,-2.06,0.81,0.95,2.55,5.46,2.20,4.61,0.00,80.00,3.00
310227,355.34,-1.26,-2.05,0.79,0.93,2.50,5.45,2.19,4.54,0.00,80.00,3.00
310256,355.35,-1.26,-2.05,0.78,0.99,2.36,5.43,2.25,4.41,0.00,80.00,3.00
310285,355.31,-1.27,-2.04,0.74,0.92,2.33,5.42,2.18,4.36,0.00,80.00,3.00
310314,355.31,-1.27,-2.03,0.68,0.83,2.37,5.36,2.10,4.41,0.00,80.00,3.00
310344,355.37,-1.27,-2.03,0.73,0.79,2.29,5.36,2.06,4.32,0.00,80.00,3.00
310373,355.33,-1.28,-2.03,0.80,0.83,2.31,5.47,2.11,4.35,0.00,80.00,3.00
310402,355.27,-1.29,-2.03,0.78,0.82,2.36,5.52,2.11,4.38,0.00,80.00,3.00
310434,355.26,-1.29,-2.03,0.81,0.85,2.34,5.55,2.14,4.37,0.00,80.00,3.00
310463,355.25,-1.30,-2.03,0.79,0.89,2.30,5.54,2.18,4.33,0.00,80.00,3.00
310492,355.27,-1.30,-2.02,0.76,0.98,2.33,5.49,2.27,4.35,0.00,80.00,3.00
310522,355.27,-1.29,-2.02,0.87,0.98,2.32,5.61,2.27,4.34,0.00,80.00,3.00
310551,355.27,-1.29,-2.02,0.85,1.02,2.26,5.58,2.31,4.28,0.00,80.00,3.00
310580,355.19,-1.29,-2.03,0.82,1.04,2.28,5.62,2.33,4.31,0.00,80.00,3.00
310609,355.28,-1.29,-2.03,0.77,1.00,2.28,5.49,2.29,4.31,0.00,80.00,3.00
310641,355.29,-1.30,-2.03,0.80,0.95,2.26,5.51,2.25,4.29,0.00,80.00,3.00
310670,355.18,-1.30,-2.02,0.75,0.89,2.25,5.58,2.19,4.27,0.00,80.00,3.00
310699,355.10,-1.29,-2.02,0.66,0.89,2.22,5.56,2.18,4.25,0.00,80.00,3.00
310744,355.18,-1.30,-2.02,0.61,0.85,2.19,5.43,2.15,4.21,0.00,80.00,3.00
310773,355.24,-1.30,-2.01,0.57,0.86,2.22,5.34,2.16,4.23,0.00,80.00,3.00
310802,355.27,-1.30,-2.05,0.58,0.90,2.24,5.32,2.20,4.29,0.00,80.00,3.00
310831,355.26,-1.30,-2.05,0.57,0.94,2.26,5.31,2.24,4.31,0.00,80.00,3.00
310863,355.27,-1.31,-2.04,0.61,0.94,2.29,5.34,2.26,4.33,0.00,80.00,3.00
310892,355.22,-1.31,-2.01,0.71,0.94,2.34,5.49,2.24,4.35,0.00,80.00,3.00
310922,355.22,-1.31,-1.97,0.77,0.92,2.45,5.55,2.23,4.42,0.00,80.00,3.00
310951,355.27,-1.32,-1.94,0.78,0.92,2.42,5.51,2.24,4.35,0.00,80.00,3.00
310980,355.27,-1.32,-1.92,0.82,0.94,2.39,5.55,2.26,4.31,0.00,80.00,3.00
311009,355.28,-1.32,-1.92,0.77,0.91,2.42,5.49,2.24,4.34,0.00,80.00,3.00
311038,355.27,-1.33,-1.93,0.81,0.87,2.34,5.53,2.19,4.27,0.00,80.00,3.00
311070,355.27,-1.33,-1.95,0.83,0.88,2.26,5.56,2.21,4.21,0.00,80.00,3.00
311108,355.29,-1.33,-1.97,0.83,0.85,2.31,5.54,2.18,4.27,0.00,80.00,3.00
311137,355.28,-1.32,-1.98,0.82,0.83,2.30,5.54,2.15,4.28,0.00,80.00,3.00
311166,355.28,-1.33,-1.98,0.89,0.78,2.36,5.62,2.11,4.35,0.00,80.00,3.00
311195,355.28,-1.33,-1.98,0.83,0.80,2.46,5.55,2.13,4.44,0.00,80.00,3.00
311224,355.26,-1.32,-1.97,0.81,0.80,2.53,5.55,2.13,4.51,0.00,80.00,3.00
311253,355.21,-1.33,-1.96,0.81,0.82,2.53,5.60,2.15,4.49,0.00,80.00,3.00
311286,355.27,-1.34,-1.93,0.93,0.91,2.53,5.67,2.24,4.46,0.00,80.00,3.00
311315,355.24,-1.35,-1.89,0.79,0.95,2.55,5.55,2.30,4.44,0.00,80.00,3.00
311344,355.22,-1.35,-1.86,0.81,1.04,2.55,5.59,2.40,4.41,0.00,80.00,3.00
311388,355.22,-1.36,-1.85,0.86,1.14,2.51,5.64,2.50,4.35,0.00,80.00,3.00
311417,355.21,-1.36,-1.85,0.88,1.12,2.47,5.68,2.48,4.31,0.00,80.00,3.00
311446,355.20,-1.36,-1.86,0.82,1.02,2.45,5.62,2.38,4.31,0.00,80.00,3.00
311475,355.23,-1.35,-1.87,0.82,1.00,2.43,5.59,2.35,4.29,0.00,80.00,3.00
311508,355.23,-1.36,-1.88,0.86,0.93,2.35,5.63,2.29,4.23,0.00,80.00,3.00
311537,355.23,-1.35,-1.90,0.88,0.87,2.28,5.65,2.22,4.17,0.00,80.00,3.00
311566,355.20,-1.36,-1.91,0.86,0.77,2.25,5.66,2.13,4.16,0.00,80.00,3.00
311595,355.19,-1.36,-1.91,0.79,0.77,2.25,5.60,2.13,4.16,0.00,80.00,3.00
311624,355.22,-1.35,-1.91,0.84,0.77,2.22,5.61,2.13,4.12,0.00,80.00,3.00
311653,355.31,-1.35,-1.89,0.76,0.80,2.29,5.45,2.15,4.18,0.00,80.00,3.00
311682,355.42,-1.35,-1.89,0.79,0.80,2.33,5.38,2.16,4.22,0.00,80.00,3.00
311715,355.38,-1.35,-1.89,0.88,0.84,2.39,5.50,2.19,4.28,0.00,80.00,3.00
311744,355.39,-1.35,-1.90,0.92,0.86,2.36,5.54,2.21,4.26,0.00,80.00,3.00
311773,355.35,-1.35,-1.88,0.91,0.89,2.44,5.56,2.24,4.32,0.00,80.00,3.00
311802,355.37,-1.35,-1.89,1.03,0.84,2.45,5.65,2.19,4.35,0.00,80.00,3.00
311831,355.36,-1.34,-1.90,1.00,0.93,2.44,5.63,2.27,4.34,0.00,80.00,3.00
311860,355.30,-1.33,-1.89,0.86,0.95,2.42,5.57,2.28,4.32,0.00,80.00,3.00
311889,355.29,-1.34,-1.89,0.76,0.97,2.42,5.47,2.31,4.31,0.00,80.00,3.00
311922,355.28,-1.34,-1.89,0.73,0.98,2.40,5.46,2.32,4.29,0.00,80.00,3.00
311951,355.21,-1.34,-1.90,0.78,1.02,2.36,5.57,2.36,4.26,0.00,80.00,3.00
311980,355.16,-1.34,-1.89,0.70,1.03,2.33,5.54,2.37,4.22,0.00,80.00,3.00
312024,355.17,-1.34,-1.89,0.74,1.01,2.30,5.57,2.36,4.19,0.00,80.00,3.00
312053,355.19,-1.34,-1.89,0.78,1.00,2.30,5.59,2.34,4.19,0.00,80.00,3.00
312082,355.21,-1.34,-1.89,0.89,0.96,2.28,5.69,2.29,4.17,0.00,80.00,3.00
312111,355.26,-1.35,-1.88,0.85,0.94,2.28,5.60,2.29,4.15,0.00,80.00,3.00
312143,355.22,-1.34,-1.89,0.94,0.90,2.28,5.73,2.24,4.16,0.00,80.00,3.00
312172,355.22,-1.34,-1.89,0.91,0.94,2.22,5.69,2.28,4.10,0.00,80.00,3.00
312201,355.33,-1.34,-1.89,0.87,0.87,2.28,5.54,2.21,4.17,0.00,80.00,3.00
312231,355.41,-1.34,-1.90,0.91,0.87,2.31,5.50,2.21,4.21,0.00,80.00,3.00
312260,355.39,-1.34,-1.91,0.88,0.92,2.31,5.48,2.26,4.21,0.00,80.00,3.00
312289,355.40,-1.34,-1.90,0.76,0.93,2.34,5.36,2.26,4.24,0.00,80.00,3.00
312318,355.34,-1.34,-1.90,0.68,0.91,2.38,5.34,2.25,4.28,0.00,80.00,3.00
312350,355.38,-1.34,-1.90,0.70,0.96,2.35,5.32,2.30,4.25,0.00,80.00,3.00
312379,355.39,-1.34,-1.92,0.67,0.97,2.34,5.28,2.32,4.25,0.00,80.00,3.00
312408,355.45,-1.34,-1.92,0.61,0.97,2.40,5.15,2.31,4.31,0.00,80.00,3.00
312437,355.45,-1.35,-1.93,0.57,0.99,2.44,5.12,2.34,4.37,0.00,80.00,3.00
312467,355.41,-1.34,-1.94,0.64,0.97,2.46,5.23,2.31,4.40,0.00,80.00,3.00
312496,355.42,-1.34,-1.94,0.67,0.92,2.51,5.25,2.26,4.45,0.00,80.00,3.00
312525,355.43,-1.34,-1.94,0.72,0.87,2.45,5.29,2.21,4.39,0.00,80.00,3.00
312557,355.38,-1.34,-1.93,0.74,0.87,2.39,5.36,2.21,4.32,0.00,80.00,3.00
312586,355.38,-1.34,-1.93,0.77,0.85,2.33,5.40,2.18,4.26,0.00,80.00,3.00
312615,355.35,-1.33,-1.93,0.83,0.85,2.30,5.48,2.19,4.23,0.00,80.00,3.00
312659,355.34,-1.34,-1.93,0.83,0.82,2.37,5.49,2.16,4.29,0.00,80.00,3.00
312688,355.34,-1.34,-1.92,0.82,0.86,2.39,5.48,2.20,4.31,0.00,80.00,3.00
312718,355.39,-1.34,-1.92,0.71,0.85,2.45,5.32,2.19,4.37,0.00,80.00,3.00
312747,355.40,-1.34,-1.92,0.69,0.84,2.45,5.29,2.18,4.37,0.00,80.00,3.00
312787,355.45,-1.33,-1.93,0.64,0.85,2.46,5.19,2.18,4.39,0.00,80.00,3.00
312816,355.44,-1.33,-1.93,0.67,0.87,2.45,5.23,2.20,4.38,0.00,80.00,3.00
312845,355.42,-1.33,-1.94,0.66,0.94,2.40,5.25,2.27,4.34,0.00,80.00,3.00
312875,355.45,-1.32,-1.93,0.83,0.95,2.39,5.39,2.27,4.32,0.00,80.00,3.00
312904,355.46,-1.33,-1.93,0.81,0.96,2.45,5.35,2.29,4.37,0.00,80.00,3.00
312933,355.43,-1.33,-1.92,0.79,0.91,2.38,5.36,2.25,4.30,0.00,80.00,3.00
312962,355.47,-1.33,-1.91,0.74,0.92,2.42,5.27,2.25,4.34,0.00,80.00,3.00
312994,355.47,-1.33,-1.90,0.77,0.93,2.47,5.31,2.26,4.37,0.00,80.00,3.00
313023,355.47,-1.33,-1.89,0.60,0.90,2.37,5.13,2.23,4.26,0.00,80.00,3.00
313052,355.50,-1.33,-1.89,0.64,0.93,2.41,5.14,2.26,4.30,0.00,80.00,3.00
313081,355.60,-1.33,-1.89,0.67,1.02,2.42,5.08,2.35,4.32,0.00,80.00,3.00
313110,355.64,-1.33,-1.90,0.70,1.05,2.36,5.06,2.38,4.26,0.00,80.00,3.00
313139,355.57,-1.33,-1.90,0.63,1.04,2.37,5.06,2.37,4.27,0.00,80.00,3.00
313169,355.51,-1.33,-1.90,0.68,1.01,2.38,5.16,2.34,4.29,0.00,80.00,3.00
313201,355.46,-1.33,-1.89,0.74,1.02,2.39,5.27,2.35,4.28,0.00,80.00,3.00
313230,355.40,-1.33,-1.89,0.76,1.02,2.35,5.36,2.34,4.23,0.00,80.00,3.00
313259,355.41,-1.32,-1.89,0.70,0.95,2.29,5.29,2.27,4.17,0.00,80.00,3.00
313303,355.41,-1.32,-1.90,0.71,0.91,2.32,5.30,2.24,4.22,0.00,80.00,3.00
313332,355.41,-1.33,-1.89,0.84,0.94,2.35,5.43,2.27,4.24,0.00,80.00,3.00
313361,355.38,-1.33,-1.88,0.73,0.96,2.35,5.35,2.30,4.23,0.00,80.00,3.00
313390,355.39,-1.34,-1.88,0.70,0.99,2.32,5.31,2.33,4.20,0.00,80.00,3.00
313422,355.39,-1.34,-1.89,0.73,0.97,2.26,5.35,2.30,4.15,0.00,80.00,3.00
313451,355.39,-1.33,-1.89,0.77,0.96,2.27,5.38,2.29,4.16,0.00,80.00,3.00
313480,355.41,-1.33,-1.89,0.83,0.96,2.25,5.42,2.30,4.13,0.00,80.00,3.00
313509,355.43,-1.33,-1.89,0.80,0.94,2.26,5.37,2.27,4.15,0.00,80.00,3.00
313539,355.45,-1.33,-1.89,0.91,0.89,2.27,5.46,2.22,4.16,0.00,80.00,3.00
313568,355.44,-1.33,-1.90,0.89,0.89,2.30,5.44,2.22,4.20,0.00,80.00,3.00
313597,355.42,-1.33,-1.91,0.90,0.91,2.37,5.48,2.24,4.27,0.00,80.00,3.00
313629,355.41,-1.34,-1.91,0.84,0.91,2.43,5.42,2.24,4.34,0.00,80.00,3.00
313658,355.39,-1.33,-1.90,0.86,0.97,2.42,5.47,2.31,4.32,0.00,80.00,3.00
313687,355.38,-1.34,-1.91,0.85,1.01,2.43,5.47,2.34,4.34,0.00,80.00,3.00
313716,355.38,-1.33,-1.90,0.84,0.96,2.42,5.46,2.30,4.32,0.00,80.00,3.00
313745,355.38,-1.34,-1.90,0.82,0.98,2.52,5.44,2.32,4.42,0.00,80.00,3.00
313774,355.38,-1.34,-1.90,0.89,1.00,2.50,5.52,2.34,4.40,0.00,80.00,3.00
313803,355.39,-1.34,-1.90,0.82,1.01,2.44,5.43,2.35,4.34,0.00,80.00,3.00
313836,355.46,-1.34,-1.90,0.83,0.95,2.39,5.37,2.29,4.29,0.00,80.00,3.00
313865,355.48,-1.34,-1.90,0.82,0.92,2.48,5.34,2.25,4.38,0.00,80.00,3.00
313894,355.55,-1.34,-1.89,0.86,0.96,2.48,5.32,2.29,4.37,0.00,80.00,3.00
313938,355.55,-1.34,-1.89,0.86,0.90,2.43,5.30,2.24,4.31,0.00,80.00,3.00
313967,355.60,-1.33,-1.89,0.86,0.85,2.37,5.26,2.18,4.26,0.00,80.00,3.00
313996,355.57,-1.33,-1.89,0.93,0.88,2.36,5.36,2.21,4.25,0.00,80.00,3.00
314025,355.57,-1.33,-1.89,0.86,0.94,2.41,5.29,2.27,4.30,0.00,80.00,3.00
314057,355.56,-1.33,-1.90,0.85,0.92,2.36,5.29,2.24,4.25,0.00,80.00,3.00
314086,355.63,-1.33,-1.89,0.76,0.94,2.35,5.13,2.27,4.24,0.00,80.00,3.00
314115,355.71,-1.34,-1.89,0.68,1.05,2.35,4.98,2.38,4.25,0.00,80.00,3.00
314144,355.78,-1.33,-1.90,0.69,1.04,2.46,4.90,2.37,4.36,0.00,80.00,3.00
314173,355.78,-1.33,-1.90,0.74,1.01,2.44,4.96,2.34,4.33,0.00,80.00,3.00
314203,355.80,-1.33,-1.91,0.72,0.96,2.38,4.93,2.29,4.29,0.00,80.00,3.00
314232,355.76,-1.32,-1.91,0.79,0.99,2.37,5.03,2.32,4.28,0.00,80.00,3.00
314264,355.77,-1.32,-1.92,0.82,0.96,2.30,5.05,2.28,4.22,0.00,80.00,3.00
314293,355.79,-1.33,-1.92,0.78,0.94,2.22,4.99,2.28,4.13,0.00,80.00,3.00
314322,355.75,-1.33,-1.92,0.79,0.88,2.24,5.03,2.21,4.16,0.00,80.00,3.00
314351,355.80,-1.33,-1.92,0.85,0.88,2.29,5.05,2.21,4.20,0.00,80.00,3.00
314380,355.80,-1.33,-1.91,0.83,0.85,2.24,5.03,2.18,4.15,0.00,80.00,3.00
314417,355.87,-1.33,-1.91,0.81,0.80,2.25,4.93,2.13,4.17,0.00,80.00,3.00
314446,355.88,-1.33,-1.92,0.83,0.77,2.31,4.94,2.10,4.23,0.00,80.00,3.00
314478,355.81,-1.33,-1.92,0.84,0.81,2.39,5.03,2.13,4.31,0.00,80.00,3.00
314507,355.78,-1.33,-1.92,0.76,0.84,2.31,4.98,2.17,4.23,0.00,80.00,3.00
314537,355.79,-1.32,-1.93,0.83,0.91,2.25,5.04,2.24,4.18,0.00,80.00,3.00
314580,355.76,-1.33,-1.93,0.82,0.94,2.29,5.06,2.27,4.22,0.00,80.00,3.00
314610,355.69,-1.32,-1.92,0.84,0.96,2.30,5.14,2.28,4.22,0.00,80.00,3.00
314639,355.62,-1.32,-1.91,0.95,0.94,2.32,5.33,2.26,4.23,0.00,80.00,3.00
314668,355.65,-1.32,-1.92,0.98,0.90,2.27,5.34,2.22,4.19,0.00,80.00,3.00
314699,355.64,-1.33,-1.92,0.95,0.96,2.32,5.31,2.29,4.24,0.00,80.00,3.00
314728,355.67,-1.33,-1.93,1.04,0.94,2.42,5.37,2.27,4.35,0.00,80.00,3.00
314757,355.70,-1.33,-1.94,0.96,0.89,2.38,5.25,2.22,4.32,0.00,80.00,3.00
314786,355.66,-1.33,-1.94,0.87,0.92,2.37,5.21,2.25,4.31,0.00,80.00,3.00
314815,355.68,-1.33,-1.95,0.80,0.93,2.42,5.12,2.25,4.36,0.00,80.00,3.00
314844,355.71,-1.33,-1.95,0.80,0.87,2.51,5.10,2.19,4.46,0.00,80.00,3.00
314873,355.73,-1.33,-1.95,0.64,0.85,2.42,4.91,2.18,4.37,0.00,80.00,3.00
314910,355.77,-1.33,-1.95,0.65,0.86,2.40,4.88,2.19,4.35,0.00,80.00,3.00
314939,355.78,-1.33,-1.95,0.68,0.86,2.37,4.91,2.19,4.31,0.00,80.00,3.00
314968,355.78,-1.33,-1.95,0.63,0.89,2.41,4.85,2.22,4.36,0.00,80.00,3.00
314997,355.83,-1.33,-1.95,0.66,0.91,2.44,4.83,2.24,4.39,0.00,80.00,3.00
315025,355.84,-1.32,-1.95,0.65,0.90,2.42,4.81,2.22,4.36,0.00,80.00,3.00
315054,355.78,-1.31,-1.94,0.68,0.89,2.42,4.90,2.20,4.36,0.00,80.00,3.00
315083,355.82,-1.30,-1.94,0.69,0.89,2.42,4.87,2.19,4.35,0.00,80.00,3.00
315115,355.83,-1.30,-1.94,0.72,0.88,2.39,4.89,2.18,4.33,0.00,80.00,3.00
315144,355.85,-1.29,-1.93,0.78,0.90,2.35,4.93,2.19,4.29,0.00,80.00,3.00
315189,355.89,-1.29,-1.93,0.74,0.89,2.26,4.85,2.18,4.19,0.00,80.00,3.00
315219,355.96,-1.30,-1.93,0.70,0.89,2.30,4.74,2.18,4.23,0.00,80.00,3.00
315248,355.97,-1.30,-1.93,0.62,0.92,2.34,4.65,2.21,4.27,0.00,80.00,3.00
315277,355.95,-1.30,-1.92,0.75,0.95,2.38,4.80,2.25,4.31,0.00,80.00,3.00
315306,356.02,-1.30,-1.92,0.77,0.87,2.38,4.76,2.17,4.30,0.00,80.00,3.00
315339,356.02,-1.30,-1.91,0.77,0.88,2.39,4.76,2.18,4.30,0.00,80.00,3.00
315368,356.02,-1.30,-1.91,0.77,0.92,2.36,4.75,2.22,4.27,0.00,80.00,3.00
315397,356.05,-1.31,-1.91,0.92,0.93,2.32,4.86,2.24,4.23,0.00,80.00,3.00
315426,355.98,-1.30,-1.91,0.93,0.88,2.22,4.95,2.18,4.13,0.00,80.00,3.00
315455,355.96,-1.31,-1.92,0.71,0.86,2.17,4.75,2.17,4.09,0.00,80.00,3.00
315485,355.94,-1.30,-1.91,0.71,0.82,2.15,4.77,2.13,4.07,0.00,80.00,3.00
315514,355.96,-1.31,-1.91,0.67,0.79,2.23,4.72,2.10,4.14,0.00,80.00,3.00
315546,355.93,-1.30,-1.91,0.56,0.79,2.23,4.64,2.09,4.14,0.00,80.00,3.00
315575,355.90,-1.30,-1.91,0.59,0.83,2.35,4.69,2.13,4.25,0.00,80.00,3.00
315604,355.92,-1.30,-1.92,0.74,0.87,2.37,4.82,2.16,4.29,0.00,80.00,3.00
315634,355.88,-1.29,-1.92,0.76,0.94,2.35,4.88,2.23,4.28,0.00,80.00,3.00
315663,355.87,-1.30,-1.92,0.83,0.97,2.38,4.97,2.27,4.30,0.00,80.00,3.00
315692,355.82,-1.30,-1.92,0.82,0.99,2.32,5.00,2.29,4.23,0.00,80.00,3.00
315721,355.88,-1.29,-1.91,0.72,1.00,2.32,4.84,2.29,4.22,0.00,80.00,3.00
315753,355.92,-1.29,-1.91,0.76,1.01,2.22,4.85,2.30,4.13,0.00,80.00,3.00
315799,355.94,-1.29,-1.90,0.82,0.96,2.23,4.88,2.25,4.13,0.00,80.00,3.00
315828,355.94,-1.29,-1.90,0.84,0.90,2.21,4.90,2.19,4.12,0.00,80.00,3.00
315857,355.97,-1.29,-1.90,0.90,0.93,2.21,4.93,2.23,4.12,0.00,80.00,3.00
315887,355.94,-1.30,-1.91,0.84,0.86,2.19,4.89,2.16,4.10,0.00,80.00,3.00
315916,355.90,-1.30,-1.91,0.90,0.86,2.19,5.00,2.16,4.10,0.00,80.00,3.00
315945,355.83,-1.30,-1.91,0.83,0.84,2.23,5.00,2.15,4.14,0.00,80.00,3.00
315977,355.89,-1.30,-1.91,0.72,0.88,2.23,4.83,2.18,4.14,0.00,80.00,3.00
316007,355.91,-1.30,-1.91,0.69,0.89,2.29,4.78,2.19,4.21,0.00,80.00,3.00
316045,355.93,-1.31,-1.92,0.66,0.91,2.36,4.73,2.21,4.28,0.00,80.00,3.00
316074,355.95,-1.31,-1.92,0.70,0.94,2.43,4.75,2.26,4.35,0.00,80.00,3.00
316103,356.01,-1.31,-1.92,0.68,0.95,2.47,4.67,2.26,4.39,0.00,80.00,3.00
316132,356.05,-1.31,-1.92,0.69,0.94,2.44,4.64,2.26,4.36,0.00,80.00,3.00
316162,356.08,-1.32,-1.92,0.64,0.93,2.37,4.56,2.25,4.29,0.00,80.00,3.00
316194,356.14,-1.31,-1.92,0.58,0.91,2.30,4.44,2.22,4.22,0.00,80.00,3.00
316223,356.13,-1.31,-1.91,0.56,0.91,2.27,4.44,2.23,4.18,0.00,80.00,3.00
316252,356.07,-1.31,-1.90,0.52,0.89,2.26,4.45,2.21,4.16,0.00,80.00,3.00
316282,356.04,-1.32,-1.90,0.51,0.94,2.17,4.47,2.26,4.07,0.00,80.00,3.00
316311,356.10,-1.32,-1.90,0.63,0.95,2.25,4.53,2.27,4.15,0.00,80.00,3.00
316340,356.09,-1.32,-1.89,0.72,0.96,2.27,4.64,2.28,4.15,0.00,80.00,3.00
316369,356.09,-1.32,-1.89,0.75,0.99,2.28,4.65,2.30,4.16,0.00,80.00,3.00
316402,356.15,-1.31,-1.88,0.82,0.99,2.27,4.67,2.30,4.15,0.00,80.00,3.00
316456,356.14,-1.32,-1.89,0.92,0.96,2.32,4.78,2.28,4.21,0.00,80.00,3.00
316485,356.05,-1.32,-1.90,0.80,0.94,2.29,4.76,2.26,4.19,0.00,80.00,3.00
316514,356.12,-1.32,-1.90,0.72,0.89,2.30,4.60,2.21,4.20,0.00,80.00,3.00
316543,356.12,-1.32,-1.89,0.60,0.90,2.33,4.48,2.22,4.22,0.00,80.00,3.00
316573,356.15,-1.32,-1.89,0.60,0.86,2.33,4.45,2.19,4.22,0.00,80.00,3.00
316602,356.23,-1.32,-1.89,0.64,0.86,2.40,4.41,2.18,4.29,0.00,80.00,3.00
316634,356.21,-1.33,-1.89,0.63,0.83,2.42,4.42,2.16,4.31,0.00,80.00,3.00
316663,356.21,-1.33,-1.89,0.77,0.88,2.47,4.55,2.21,4.36,0.00,80.00,3.00
316692,356.20,-1.34,-1.89,0.78,0.91,2.48,4.58,2.24,4.37,0.00,80.00,3.00
316722,356.19,-1.35,-1.89,0.85,0.93,2.43,4.65,2.27,4.32,0.00,80.00,3.00
316751,356.17,-1.34,-1.89,0.82,0.92,2.34,4.65,2.26,4.24,0.00,80.00,3.00
316780,356.15,-1.33,-1.89,0.80,0.91,2.35,4.65,2.24,4.24,0.00,80.00,3.00
316809,356.17,-1.33,-1.90,0.84,0.87,2.33,4.67,2.20,4.22,0.00,80.00,3.00
316841,356.08,-1.32,-1.90,0.87,0.88,2.32,4.79,2.20,4.22,0.00,80.00,3.00
316871,356.05,-1.33,-1.91,0.84,0.88,2.33,4.80,2.20,4.24,0.00,80.00,3.00
316900,355.99,-1.32,-1.91,0.77,0.84,2.40,4.78,2.16,4.30,0.00,80.00,3.00
316929,355.93,-1.32,-1.91,0.86,0.82,2.48,4.93,2.14,4.39,0.00,80.00,3.00
316958,355.89,-1.33,-1.90,0.84,0.86,2.49,4.95,2.19,4.40,0.00,80.00,3.00
316987,355.94,-1.32,-1.90,0.75,0.91,2.51,4.81,2.23,4.41,0.00,80.00,3.00
317017,355.97,-1.32,-1.90,0.81,0.87,2.44,4.84,2.19,4.34,0.00,80.00,3.00
317064,355.99,-1.32,-1.91,0.83,0.90,2.34,4.84,2.22,4.25,0.00,80.00,3.00
317093,356.06,-1.33,-1.92,0.83,0.91,2.25,4.78,2.25,4.17,0.00,80.00,3.00
317123,356.08,-1.33,-1.91,0.80,0.85,2.32,4.72,2.18,4.24,0.00,80.00,3.00
317152,356.07,-1.34,-1.93,0.81,0.84,2.35,4.74,2.18,4.28,0.00,80.00,3.00
317181,356.07,-1.33,-1.95,0.75,0.82,2.37,4.68,2.15,4.32,0.00,80.00,3.00
317210,356.02,-1.33,-2.00,0.65,0.90,2.41,4.63,2.23,4.42,0.00,80.00,3.00
317239,356.02,-1.33,-2.05,0.53,0.93,2.46,4.52,2.26,4.51,0.00,80.00,3.00
317271,356.01,-1.33,-2.09,0.41,1.00,2.43,4.40,2.34,4.51,0.00,80.00,3.00
317300,356.00,-1.34,-2.11,0.36,1.01,2.33,4.36,2.35,4.44,0.00,80.00,3.00
317330,355.99,-1.34,-2.13,0.45,0.96,2.36,4.45,2.30,4.49,0.00,80.00,3.00
317359,355.97,-1.34,-2.12,0.52,0.93,2.35,4.55,2.27,4.47,0.00,80.00,3.00
317388,355.98,-1.34,-2.10,0.66,0.88,2.35,4.68,2.22,4.44,0.00,80.00,3.00
317417,355.98,-1.34,-2.08,0.75,0.95,2.27,4.76,2.29,4.35,0.00,80.00,3.00
317447,356.00,-1.34,-2.06,0.73,1.03,2.05,4.74,2.37,4.12,0.00,80.00,3.00
317479,356.02,-1.33,-2.08,0.77,1.07,2.01,4.75,2.40,4.09,0.00,80.00,3.00
317508,356.00,-1.33,-2.09,0.75,1.03,2.09,4.74,2.36,4.18,0.00,80.00,3.00
317537,356.07,-1.33,-2.09,0.75,1.01,2.12,4.68,2.34,4.21,0.00,80.00,3.00
317566,356.10,-1.33,-2.07,0.76,0.99,2.17,4.65,2.32,4.25,0.00,80.00,3.00
317595,356.16,-1.32,-2.07,0.85,0.83,2.47,4.70,2.15,4.54,0.00,80.00,3.00
317624,356.13,-1.32,-2.06,0.88,0.82,2.63,4.75,2.14,4.69,0.00,80.00,3.00
317654,356.10,-1.31,-2.06,0.89,0.96,2.43,4.78,2.27,4.49,0.00,80.00,3.00
317697,356.10,-1.31,-2.08,0.85,1.01,2.31,4.74,2.32,4.39,0.00,80.00,3.00
317735,356.07,-1.31,-2.08,0.82,1.00,2.32,4.76,2.31,4.40,0.00,80.00,3.00
317764,356.16,-1.30,-2.07,0.84,0.96,2.34,4.68,2.26,4.41,0.00,80.00,3.00
317793,356.16,-1.30,-2.07,0.85,0.98,2.23,4.68,2.27,4.30,0.00,80.00,3.00
317823,356.25,-1.30,-2.07,0.77,0.94,2.27,4.51,2.24,4.34,0.00,80.00,3.00
317852,356.17,-1.30,-2.07,0.74,0.82,2.38,4.58,2.12,4.45,0.00,80.00,3.00
317881,356.14,-1.30,-2.07,0.74,0.81,2.43,4.60,2.11,4.50,0.00,80.00,3.00
317910,356.10,-1.29,-2.06,0.71,0.88,2.40,4.61,2.17,4.46,0.00,80.00,3.00
317942,356.08,-1.29,-2.08,0.73,0.79,2.37,4.65,2.08,4.44,0.00,80.00,3.00
317972,356.11,-1.29,-2.07,0.76,0.77,2.38,4.64,2.06,4.46,0.00,80.00,3.00
318001,356.17,-1.29,-2.06,0.92,0.77,2.29,4.75,2.06,4.35,0.00,80.00,3.00
318030,356.15,-1.29,-2.06,0.96,0.81,2.25,4.81,2.10,4.31,0.00,80.00,3.00
318060,356.11,-1.29,-2.07,1.02,0.80,2.21,4.91,2.09,4.27,0.00,80.00,3.00
318089,356.10,-1.29,-2.06,0.95,0.91,2.26,4.86,2.20,4.32,0.00,80.00,3.00
318118,356.04,-1.29,-2.06,0.88,0.91,2.32,4.84,2.20,4.38,0.00,80.00,3.00
318150,356.00,-1.29,-2.07,0.80,0.94,2.34,4.80,2.23,4.41,0.00,80.00,3.00
318179,356.01,-1.29,-2.06,0.60,0.91,2.40,4.59,2.20,4.46,0.00,80.00,3.00
318208,356.01,-1.28,-2.07,0.56,0.86,2.46,4.56,2.15,4.54,0.00,80.00,3.00
318238,355.99,-1.28,-2.07,0.56,0.85,2.38,4.57,2.12,4.45,0.00,80.00,3.00
318267,355.95,-1.29,-2.07,0.62,0.82,2.32,4.68,2.10,4.39,0.00,80.00,3.00
318296,355.95,-1.30,-2.08,0.64,0.81,2.29,4.69,2.11,4.37,0.00,80.00,3.00
318341,355.91,-1.30,-2.08,0.71,0.91,2.28,4.80,2.21,4.36,0.00,80.00,3.00
318373,355.95,-1.31,-2.09,0.89,0.99,2.18,4.94,2.30,4.27,0.00,80.00,3.00
318402,355.99,-1.30,-2.09,0.90,0.97,2.25,4.91,2.27,4.35,0.00,80.00,3.00
318431,356.01,-1.30,-2.10,0.81,0.98,2.28,4.80,2.28,4.38,0.00,80.00,3.00
318460,355.99,-1.29,-2.10,0.76,1.00,2.39,4.78,2.29,4.48,0.00,80.00,3.00
318490,355.99,-1.29,-2.12,0.70,1.00,2.36,4.71,2.29,4.48,0.00,80.00,3.00
318519,355.95,-1.30,-2.12,0.63,0.91,2.36,4.68,2.21,4.48,0.00,80.00,3.00
318548,355.96,-1.30,-2.12,0.58,0.92,2.37,4.62,2.23,4.49,0.00,80.00,3.00
318580,355.91,-1.31,-2.11,0.62,0.93,2.37,4.71,2.23,4.49,0.00,80.00,3.00
318609,355.89,-1.30,-2.11,0.77,0.95,2.37,4.88,2.25,4.48,0.00,80.00,3.00
318638,355.88,-1.29,-2.12,0.85,0.92,2.41,4.97,2.21,4.53,0.00,80.00,3.00
318667,355.88,-1.28,-2.10,0.87,0.91,2.43,4.99,2.19,4.53,0.00,80.00,3.00
318697,355.85,-1.29,-2.07,0.89,0.90,2.50,5.04,2.19,4.57,0.00,80.00,3.00
318726,355.86,-1.29,-2.02,0.89,0.93,2.51,5.03,2.22,4.53,0.00,80.00,3.00
318755,355.92,-1.30,-1.98,0.90,0.94,2.52,4.98,2.23,4.50,0.00,80.00,3.00
318787,355.87,-1.29,-1.96,0.81,0.90,2.47,4.95,2.19,4.42,0.00,80.00,3.00
318816,355.87,-1.29,-1.94,0.82,0.93,2.37,4.95,2.21,4.31,0.00,80.00,3.00
318845,355.84,-1.29,-1.93,0.79,0.94,2.32,4.95,2.24,4.25,0.00,80.00,3.00
318875,355.81,-1.29,-1.93,0.78,0.98,2.31,4.97,2.28,4.24,0.00,80.00,3.00
318904,355.80,-1.30,-1.95,0.76,0.96,2.22,4.96,2.26,4.17,0.00,80.00,3.00
318933,355.73,-1.29,-1.97,0.83,0.96,2.17,5.10,2.25,4.14,0.00,80.00,3.00
318977,355.79,-1.29,-1.98,0.90,0.98,2.21,5.11,2.26,4.19,0.00,80.00,3.00
319010,355.71,-1.29,-1.96,0.92,0.95,2.32,5.21,2.23,4.28,0.00,80.00,3.00
319039,355.67,-1.29,-1.95,0.90,0.90,2.28,5.23,2.20,4.23,0.00,80.00,3.00
319068,355.60,-1.29,-1.96,0.90,0.86,2.25,5.30,2.16,4.21,0.00,80.00,3.00
319097,355.55,-1.29,-1.97,0.83,0.85,2.30,5.29,2.14,4.27,0.00,80.00,3.00
319126,355.50,-1.29,-1.98,0.74,0.84,2.33,5.23,2.13,4.31,0.00,80.00,3.00
319155,355.50,-1.29,-1.98,0.51,0.85,2.34,5.01,2.14,4.33,0.00,80.00,3.00
319184,355.50,-1.29,-1.97,0.55,0.84,2.30,5.05,2.14,4.27,0.00,80.00,3.00
319216,355.50,-1.30,-1.95,0.57,0.86,2.36,5.07,2.16,4.32,0.00,80.00,3.00
319246,355.43,-1.31,-1.95,0.65,0.86,2.45,5.21,2.17,4.40,0.00,80.00,3.00
319275,355.32,-1.31,-1.96,0.68,0.86,2.48,5.36,2.17,4.44,0.00,80.00,3.00
319304,355.29,-1.31,-1.98,0.74,0.80,2.50,5.45,2.11,4.48,0.00,80.00,3.00
319333,355.22,-1.31,-1.98,0.80,0.85,2.46,5.59,2.16,4.45,0.00,80.00,3.00
319362,355.30,-1.31,-1.98,0.79,0.91,2.47,5.49,2.22,4.45,0.00,80.00,3.00
319400,355.38,-1.32,-1.99,0.77,0.88,2.45,5.39,2.20,4.44,0.00,80.00,3.00
319432,355.41,-1.32,-1.99,0.78,0.86,2.34,5.36,2.18,4.33,0.00,80.00,3.00
319461,355.37,-1.31,-1.96,0.76,0.87,2.25,5.40,2.18,4.21,0.00,80.00,3.00
319490,355.34,-1.32,-1.91,0.81,0.88,2.24,5.47,2.20,4.15,0.00,80.00,3.00
319519,355.40,-1.33,-1.89,0.78,0.83,2.25,5.38,2.16,4.14,0.00,80.00,3.00
319548,355.31,-1.33,-1.87,0.85,0.80,2.15,5.54,2.13,4.02,0.00,80.00,3.00
319592,355.30,-1.34,-1.87,0.84,0.82,2.11,5.54,2.16,3.98,0.00,80.00,3.00
319622,355.24,-1.34,-1.88,0.79,0.82,2.17,5.55,2.16,4.05,0.00,80.00,3.00
319653,355.29,-1.34,-1.89,0.82,0.83,2.23,5.53,2.18,4.12,0.00,80.00,3.00
319683,355.32,-1.34,-1.90,0.73,0.90,2.18,5.41,2.24,4.08,0.00,80.00,3.00
319712,355.28,-1.34,-1.91,0.67,0.91,2.30,5.39,2.26,4.21,0.00,80.00,3.00
319741,355.29,-1.35,-1.92,0.62,0.90,2.34,5.33,2.24,4.26,0.00,80.00,3.00
319770,355.28,-1.35,-1.93,0.66,0.86,2.36,5.38,2.21,4.29,0.00,80.00,3.00
319799,355.31,-1.34,-1.93,0.71,0.87,2.44,5.40,2.21,4.37,0.00,80.00,3.00
319828,355.25,-1.34,-1.93,0.64,0.89,2.42,5.39,2.24,4.35,0.00,80.00,3.00
319860,355.25,-1.35,-1.93,0.73,0.83,2.43,5.48,2.18,4.36,0.00,80.00,3.00
319889,355.19,-1.34,-1.92,0.73,0.85,2.36,5.54,2.19,4.28,0.00,80.00,3.00
319918,355.15,-1.35,-1.92,0.71,0.90,2.31,5.56,2.25,4.23,0.00,80.00,3.00
319947,355.20,-1.35,-1.92,0.62,0.88,2.23,5.42,2.23,4.15,0.00,80.00,3.00
319976,355.24,-1.36,-1.92,0.69,0.81,2.35,5.45,2.17,4.27,0.00,80.00,3.00
320006,355.22,-1.35,-1.91,0.61,0.83,2.31,5.39,2.18,4.22,0.00,80.00,3.00
320035,355.18,-1.35,-1.91,0.58,0.85,2.33,5.39,2.20,4.24,0.00,80.00,3.00
320067,355.11,-1.34,-1.91,0.59,0.85,2.39,5.47,2.19,4.30,0.00,80.00,3.00
320096,355.17,-1.34,-1.91,0.59,0.85,2.35,5.42,2.19,4.26,0.00,80.00,3.00
320125,355.13,-1.35,-1.90,0.61,0.89,2.26,5.49,2.24,4.16,0.00,80.00,3.00
320154,355.09,-1.35,-1.90,0.68,0.91,2.20,5.59,2.26,4.09,0.00,80.00,3.00
320183,355.07,-1.35,-1.90,0.74,0.92,2.25,5.68,2.27,4.15,0.00,80.00,3.00
320228,355.10,-1.35,-1.91,0.71,0.94,2.26,5.62,2.29,4.17,0.00,80.00,3.00
320257,355.10,-1.34,-1.91,0.73,0.89,2.26,5.63,2.24,4.17,0.00,80.00,3.00
320289,355.08,-1.35,-1.91,0.74,0.89,2.29,5.66,2.24,4.20,0.00,80.00,3.00
320318,355.14,-1.34,-1.91,0.82,0.88,2.30,5.68,2.22,4.20,0.00,80.00,3.00
320347,355.16,-1.34,-1.90,0.76,0.90,2.37,5.60,2.25,4.27,0.00,80.00,3.00
320376,355.19,-1.34,-1.89,0.76,0.85,2.31,5.57,2.19,4.21,0.00,80.00,3.00
320405,355.16,-1.34,-1.88,0.81,0.80,2.31,5.65,2.14,4.19,0.00,80.00,3.00
320434,355.10,-1.34,-1.87,0.84,0.84,2.35,5.74,2.18,4.23,0.00,80.00,3.00
320463,355.14,-1.33,-1.87,0.88,0.84,2.38,5.74,2.17,4.25,0.00,80.00,3.00
320495,355.12,-1.34,-1.87,0.90,0.78,2.36,5.78,2.12,4.23,0.00,80.00,3.00
320525,355.15,-1.34,-1.87,0.80,0.77,2.35,5.65,2.11,4.22,0.00,80.00,3.00
320554,355.09,-1.33,-1.87,0.84,0.83,2.34,5.75,2.16,4.22,0.00,80.00,3.00
320583,355.04,-1.33,-1.88,0.78,0.86,2.28,5.73,2.18,4.16,0.00,80.00,3.00
320612,355.12,-1.33,-1.89,0.70,0.85,2.25,5.57,2.18,4.14,0.00,80.00,3.00
320641,355.12,-1.33,-1.89,0.69,0.85,2.26,5.57,2.18,4.15,0.00,80.00,3.00
320670,355.12,-1.34,-1.90,0.64,0.87,2.24,5.52,2.20,4.14,0.00,80.00,3.00
320702,355.07,-1.34,-1.92,0.72,0.88,2.29,5.65,2.22,4.20,0.00,80.00,3.00
320731,355.07,-1.35,-1.93,0.79,0.88,2.31,5.72,2.22,4.23,0.00,80.00,3.00
320760,355.16,-1.34,-1.93,0.89,0.87,2.35,5.73,2.21,4.28,0.00,80.00,3.00
320789,355.19,-1.34,-1.92,0.90,0.90,2.43,5.70,2.24,4.36,0.00,80.00,3.00
320834,355.21,-1.35,-1.91,0.93,0.93,2.49,5.73,2.27,4.40,0.00,80.00,3.00
320863,355.25,-1.35,-1.91,0.91,0.94,2.51,5.66,2.29,4.42,0.00,80.00,3.00
320892,355.29,-1.35,-1.91,0.90,0.96,2.47,5.61,2.31,4.38,0.00,80.00,3.00
320924,355.25,-1.34,-1.90,0.77,0.92,2.44,5.52,2.26,4.34,0.00,80.00,3.00
320953,355.27,-1.34,-1.91,0.71,0.90,2.40,5.44,2.24,4.30,0.00,80.00,3.00
320982,355.29,-1.35,-1.92,0.71,0.87,2.38,5.42,2.22,4.31,0.00,80.00,3.00
321011,355.33,-1.35,-1.97,0.78,0.85,2.30,5.45,2.20,4.27,0.00,80.00,3.00
321049,355.26,-1.35,-2.00,0.80,0.80,2.26,5.54,2.15,4.26,0.00,80.00,3.00
321078,355.30,-1.34,-2.04,0.75,0.78,2.30,5.44,2.12,4.34,0.00,80.00,3.00
321107,355.31,-1.33,-2.04,0.77,0.84,2.33,5.46,2.17,4.36,0.00,80.00,3.00
321139,355.36,-1.32,-2.03,0.76,0.85,2.26,5.40,2.18,4.30,0.00,80.00,3.00
321168,355.39,-1.32,-2.02,0.79,0.86,2.34,5.40,2.18,4.35,0.00,80.00,3.00
321197,355.39,-1.32,-2.00,0.76,0.82,2.35,5.37,2.14,4.35,0.00,80.00,3.00
321226,355.44,-1.32,-1.99,0.74,0.84,2.32,5.30,2.16,4.31,0.00,80.00,3.00
321255,355.42,-1.32,-1.98,0.80,0.84,2.29,5.37,2.16,4.27,0.00,80.00,3.00
321284,355.42,-1.32,-1.98,0.82,0.80,2.32,5.40,2.13,4.30,0.00,80.00,3.00
321313,355.38,-1.33,-1.99,0.80,0.75,2.36,5.41,2.08,4.36,0.00,80.00,3.00
321345,355.40,-1.32,-2.00,0.77,0.80,2.34,5.37,2.12,4.34,0.00,80.00,3.00
321374,355.42,-1.31,-2.00,0.83,0.80,2.37,5.41,2.11,4.37,0.00,80.00,3.00
321403,355.47,-1.31,-1.99,0.84,0.78,2.36,5.37,2.09,4.36,0.00,80.00,3.00
321432,355.45,-1.31,-1.99,0.89,0.74,2.42,5.43,2.05,4.41,0.00,80.00,3.00
321477,355.35,-1.32,-1.98,0.80,0.74,2.38,5.45,2.06,4.36,0.00,80.00,3.00
321506,355.35,-1.31,-1.98,0.70,0.79,2.28,5.35,2.10,4.26,0.00,80.00,3.00
321535,355.37,-1.32,-1.98,0.62,0.78,2.35,5.25,2.10,4.33,0.00,80.00,3.00
321567,355.38,-1.32,-1.99,0.57,0.78,2.31,5.18,2.10,4.29,0.00,80.00,3.00
321596,355.39,-1.32,-1.98,0.56,0.75,2.35,5.18,2.07,4.33,0.00,80.00,3.00
321625,355.39,-1.32,-1.98,0.59,0.80,2.25,5.20,2.13,4.23,0.00,80.00,3.00
321654,355.44,-1.32,-1.98,0.68,0.87,2.35,5.24,2.19,4.33,0.00,80.00,3.00
321682,355.49,-1.32,-1.97,0.75,0.87,2.34,5.26,2.19,4.31,0.00,80.00,3.00
321711,355.47,-1.32,-1.95,0.81,0.85,2.30,5.35,2.17,4.25,0.00,80.00,3.00
321740,355.47,-1.32,-1.95,0.84,0.90,2.32,5.37,2.22,4.27,0.00,80.00,3.00
321772,355.49,-1.31,-1.95,0.82,0.89,2.38,5.33,2.20,4.33,0.00,80.00,3.00
321801,355.48,-1.31,-1.95,0.77,0.86,2.41,5.28,2.17,4.36,0.00,80.00,3.00
321830,355.43,-1.32,-1.95,0.70,0.82,2.41,5.27,2.13,4.35,0.00,80.00,3.00
321858,355.42,-1.32,-1.94,0.71,0.80,2.43,5.29,2.12,4.38,0.00,80.00,3.00
321887,355.39,-1.32,-1.94,0.70,0.80,2.45,5.31,2.13,4.39,0.00,80.00,3.00
321916,355.38,-1.32,-1.94,0.73,0.75,2.49,5.35,2.07,4.43,0.00,80.00,3.00
321945,355.43,-1.31,-1.93,0.70,0.75,2.45,5.27,2.06,4.39,0.00,80.00,3.00
321977,355.42,-1.32,-1.93,0.75,0.79,2.46,5.33,2.11,4.39,0.00,80.00,3.00
322006,355.41,-1.32,-1.94,0.74,0.82,2.43,5.33,2.14,4.37,0.00,80.00,3.00
322035,355.44,-1.33,-1.94,0.70,0.86,2.37,5.27,2.18,4.32,0.00,80.00,3.00
322081,355.51,-1.33,-1.95,0.69,0.90,2.33,5.19,2.23,4.28,0.00,80.00,3.00
322110,355.57,-1.34,-1.94,0.67,0.95,2.36,5.10,2.29,4.30,0.00,80.00,3.00
322139,355.54,-1.34,-1.92,0.69,0.97,2.31,5.15,2.31,4.23,0.00,80.00,3.00
322168,355.54,-1.33,-1.92,0.78,0.98,2.24,5.24,2.31,4.15,0.00,80.00,3.00
322201,355.50,-1.32,-1.91,0.83,1.01,2.17,5.33,2.33,4.08,0.00,80.00,3.00
322230,355.56,-1.32,-1.90,0.81,1.00,2.25,5.25,2.32,4.15,0.00,80.00,3.00
322259,355.55,-1.32,-1.89,0.81,0.98,2.24,5.26,2.30,4.13,0.00,80.00,3.00
322288,355.52,-1.32,-1.89,0.85,0.97,2.20,5.33,2.30,4.09,0.00,80.00,3.00
322318,355.49,-1.32,-1.89,0.84,0.91,2.27,5.36,2.23,4.16,0.00,80.00,3.00
322347,355.53,-1.32,-1.89,0.86,0.86,2.37,5.33,2.18,4.26,0.00,80.00,3.00
322376,355.49,-1.32,-1.89,0.83,0.86,2.29,5.34,2.19,4.17,0.00,80.00,3.00
322408,355.46,-1.32,-1.88,0.81,0.87,2.25,5.35,2.19,4.13,0.00,80.00,3.00
322438,355.43,-1.32,-1.88,0.74,0.87,2.24,5.31,2.19,4.12,0.00,80.00,3.00
322467,355.36,-1.32,-1.89,0.69,0.86,2.21,5.32,2.18,4.10,0.00,80.00,3.00
322496,355.32,-1.32,-1.91,0.66,0.85,2.17,5.35,2.17,4.08,0.00,80.00,3.00
322525,355.30,-1.31,-1.91,0.67,0.92,2.12,5.37,2.23,4.03,0.00,80.00,3.00
322555,355.31,-1.31,-1.91,0.72,0.88,2.20,5.41,2.19,4.11,0.00,80.00,3.00
322584,355.33,-1.32,-1.91,0.79,0.89,2.26,5.46,2.20,4.17,0.00,80.00,3.00
322616,355.37,-1.32,-1.91,0.83,0.93,2.25,5.47,2.25,4.15,0.00,80.00,3.00
322645,355.40,-1.33,-1.90,0.87,1.00,2.28,5.48,2.33,4.18,0.00,80.00,3.00
322699,355.31,-1.33,-1.92,0.80,0.98,2.41,5.48,2.31,4.33,0.00,80.00,3.00
322728,355.30,-1.33,-1.92,0.75,0.98,2.41,5.45,2.31,4.33,0.00,80.00,3.00
322758,355.28,-1.32,-1.93,0.71,0.98,2.42,5.43,2.30,4.35,0.00,80.00,3.00
322787,355.31,-1.32,-1.92,0.62,0.88,2.44,5.31,2.21,4.35,0.00,80.00,3.00
322816,355.39,-1.32,-1.92,0.64,0.82,2.45,5.25,2.14,4.37,0.00,80.00,3.00
322848,355.39,-1.32,-1.90,0.64,0.80,2.33,5.24,2.12,4.23,0.00,80.00,3.00
322878,355.40,-1.33,-1.90,0.64,0.88,2.28,5.24,2.21,4.17,0.00,80.00,3.00
322907,355.35,-1.34,-1.91,0.63,0.89,2.34,5.28,2.23,4.25,0.00,80.00,3.00
322936,355.34,-1.34,-1.91,0.70,0.92,2.24,5.36,2.27,4.16,0.00,80.00,3.00
322965,355.35,-1.35,-1.91,0.75,0.99,2.19,5.40,2.33,4.10,0.00,80.00,3.00
322994,355.42,-1.34,-1.91,0.75,0.91,2.22,5.33,2.26,4.13,0.00,80.00,3.00
323024,355.44,-1.34,-1.90,0.70,0.87,2.23,5.26,2.20,4.13,0.00,80.00,3.00
323056,355.46,-1.34,-1.88,0.67,0.87,2.25,5.22,2.21,4.12,0.00,80.00,3.00
323085,355.48,-1.33,-1.87,0.63,0.85,2.33,5.15,2.18,4.20,0.00,80.00,3.00
323114,355.48,-1.33,-1.86,0.50,0.90,2.42,5.02,2.23,4.28,0.00,80.00,3.00
323143,355.47,-1.33,-1.86,0.47,0.92,2.41,4.99,2.25,4.27,0.00,80.00,3.00
323173,355.43,-1.33,-1.87,0.47,0.95,2.53,5.04,2.29,4.40,0.00,80.00,3.00
323202,355.41,-1.33,-1.88,0.41,0.91,2.50,5.00,2.24,4.39,0.00,80.00,3.00
323231,355.43,-1.34,-1.88,0.51,0.88,2.34,5.08,2.22,4.22,0.00,80.00,3.00
323263,355.44,-1.34,-1.89,0.53,0.89,2.30,5.09,2.23,4.19,0.00,80.00,3.00
323308,355.47,-1.34,-1.89,0.58,0.88,2.23,5.12,2.21,4.11,0.00,80.00,3.00
323338,355.43,-1.34,-1.89,0.65,0.92,2.31,5.22,2.26,4.20,0.00,80.00,3.00
323367,355.45,-1.34,-1.88,0.64,0.94,2.23,5.20,2.28,4.11,0.00,80.00,3.00
323396,355.44,-1.35,-1.89,0.75,0.92,2.32,5.31,2.27,4.20,0.00,80.00,3.00
323425,355.40,-1.34,-1.90,0.78,1.00,2.38,5.39,2.35,4.28,0.00,80.00,3.00
323454,355.48,-1.35,-1.90,0.80,1.02,2.40,5.33,2.36,4.29,0.00,80.00,3.00
323486,355.48,-1.35,-1.91,0.74,1.00,2.36,5.26,2.35,4.28,0.00,80.00,3.00
323516,355.49,-1.34,-1.91,0.77,0.98,2.36,5.28,2.32,4.27,0.00,80.00,3.00
323545,355.50,-1.34,-1.90,0.85,0.97,2.37,5.35,2.31,4.27,0.00,80.00,3.00
323574,355.49,-1.33,-1.89,0.90,0.94,2.20,5.41,2.28,4.09,0.00,80.00,3.00
323603,355.46,-1.34,-1.89,0.90,0.95,2.25,5.44,2.29,4.14,0.00,80.00,3.00
323632,355.45,-1.34,-1.89,0.99,0.89,2.33,5.54,2.22,4.21,0.00,80.00,3.00
323662,355.42,-1.34,-1.90,0.93,0.91,2.32,5.51,2.24,4.22,0.00,80.00,3.00
323694,355.43,-1.34,-1.91,0.95,0.92,2.37,5.53,2.26,4.28,0.00,80.00,3.00
323723,355.41,-1.35,-1.92,0.84,0.95,2.35,5.44,2.31,4.27,0.00,80.00,3.00
323752,355.39,-1.36,-1.94,0.73,0.95,2.42,5.34,2.31,4.36,0.00,80.00,3.00
323781,355.42,-1.36,-1.94,0.71,0.96,2.43,5.29,2.32,4.37,0.00,80.00,3.00
323811,355.39,-1.36,-1.94,0.62,0.98,2.39,5.23,2.34,4.33,0.00,80.00,3.00
323840,355.49,-1.36,-1.94,0.67,0.93,2.37,5.18,2.29,4.31,0.00,80.00,3.00
323869,355.47,-1.36,-1.94,0.52,0.98,2.39,5.05,2.34,4.33,0.00,80.00,3.00
323917,355.49,-1.36,-1.94,0.56,0.98,2.43,5.07,2.33,4.38,0.00,80.00,3.00
323946,355.52,-1.36,-1.95,0.55,0.98,2.41,5.02,2.34,4.36,0.00,80.00,3.00
323975,355.61,-1.37,-1.95,0.62,0.92,2.40,5.02,2.30,4.35,0.00,80.00,3.00
324004,355.65,-1.37,-1.95,0.74,0.89,2.44,5.09,2.26,4.38,0.00,80.00,3.00
324034,355.74,-1.36,-1.93,0.71,0.91,2.44,4.97,2.27,4.38,0.00,80.00,3.00
324063,355.70,-1.36,-1.93,0.85,0.85,2.47,5.15,2.21,4.40,0.00,80.00,3.00
324092,355.68,-1.37,-1.93,0.92,0.82,2.53,5.24,2.19,4.45,0.00,80.00,3.00
324124,355.66,-1.37,-1.92,0.90,0.80,2.46,5.24,2.16,4.38,0.00,80.00,3.00
324153,355.64,-1.37,-1.92,0.89,0.86,2.45,5.25,2.23,4.37,0.00,80.00,3.00
324182,355.61,-1.37,-1.92,0.76,0.89,2.45,5.16,2.26,4.37,0.00,80.00,3.00
324212,355.59,-1.38,-1.92,0.74,0.91,2.36,5.14,2.28,4.28,0.00,80.00,3.00
324241,355.58,-1.38,-1.92,0.70,0.88,2.30,5.12,2.26,4.22,0.00,80.00,3.00
324270,355.63,-1.38,-1.92,0.75,0.91,2.40,5.12,2.29,4.31,0.00,80.00,3.00
324299,355.59,-1.38,-1.92,0.74,0.91,2.36,5.15,2.29,4.29,0.00,80.00,3.00
324340,355.53,-1.39,-1.92,0.76,0.90,2.32,5.24,2.29,4.25,0.00,80.00,3.00
324369,355.51,-1.40,-1.91,0.79,0.87,2.28,5.28,2.26,4.19,0.00,80.00,3.00
324398,355.55,-1.38,-1.90,0.81,0.90,2.31,5.27,2.29,4.21,0.00,80.00,3.00
324427,355.55,-1.38,-1.89,0.81,0.91,2.32,5.27,2.28,4.22,0.00,80.00,3.00
324456,355.60,-1.37,-1.89,0.75,0.93,2.32,5.14,2.30,4.22,0.00,80.00,3.00
324485,355.63,-1.38,-1.90,0.78,0.92,2.35,5.14,2.30,4.25,0.00,80.00,3.00
324515,355.64,-1.38,-1.91,0.75,0.91,2.37,5.11,2.29,4.28,0.00,80.00,3.00
324563,355.54,-1.38,-1.92,0.79,0.93,2.34,5.25,2.31,4.26,0.00,80.00,3.00
324592,355.49,-1.38,-1.93,0.76,0.90,2.28,5.27,2.28,4.21,0.00,80.00,3.00
324621,355.52,-1.38,-1.94,0.79,0.89,2.26,5.26,2.27,4.20,0.00,80.00,3.00
324650,355.58,-1.37,-1.96,0.78,0.93,2.28,5.20,2.30,4.23,0.00,80.00,3.00
324679,355.56,-1.37,-1.95,0.80,0.96,2.29,5.24,2.33,4.25,0.00,80.00,3.00
324708,355.57,-1.37,-1.94,0.72,0.91,2.26,5.15,2.29,4.20,0.00,80.00,3.00
324738,355.62,-1.37,-1.94,0.71,0.91,2.22,5.09,2.28,4.15,0.00,80.00,3.00
324770,355.60,-1.37,-1.95,0.78,0.91,2.30,5.19,2.29,4.24,0.00,80.00,3.00
324799,355.58,-1.37,-1.95,0.78,0.88,2.28,5.20,2.25,4.23,0.00,80.00,3.00
324828,355.58,-1.37,-1.95,0.77,0.77,2.27,5.19,2.14,4.22,0.00,80.00,3.00
324857,355.62,-1.36,-1.96,0.75,0.79,2.35,5.13,2.15,4.31,0.00,80.00,3.00
324886,355.57,-1.36,-1.97,0.70,0.82,2.40,5.13,2.18,4.37,0.00,80.00,3.00
324916,355.47,-1.36,-1.98,0.64,0.83,2.31,5.17,2.19,4.29,0.00,80.00,3.00
324945,355.53,-1.35,-1.98,0.68,0.86,2.31,5.15,2.21,4.29,0.00,80.00,3.00
324977,355.48,-1.35,-1.98,0.64,0.89,2.29,5.16,2.25,4.26,0.00,80.00,3.00
325006,355.44,-1.35,-1.97,0.63,0.90,2.24,5.19,2.25,4.21,0.00,80.00,3.00
325035,355.44,-1.35,-1.98,0.70,0.93,2.21,5.26,2.28,4.19,0.00,80.00,3.00
325064,355.43,-1.35,-1.99,0.76,0.88,2.29,5.32,2.24,4.28,0.00,80.00,3.00
325093,355.42,-1.35,-1.99,0.74,0.91,2.34,5.32,2.26,4.33,0.00,80.00,3.00
325122,355.45,-1.35,-1.99,0.71,0.88,2.39,5.25,2.23,4.38,0.00,80.00,3.00
325168,355.48,-1.36,-1.98,0.77,0.84,2.48,5.29,2.19,4.46,0.00,80.00,3.00
325200,355.46,-1.36,-1.97,0.83,0.85,2.49,5.36,2.20,4.47,0.00,80.00,3.00
325229,355.49,-1.36,-1.96,0.79,0.89,2.42,5.29,2.24,4.38,0.00,80.00,3.00
325258,355.52,-1.35,-1.95,0.83,0.93,2.35,5.31,2.28,4.29,0.00,80.00,3.00
325287,355.53,-1.34,-1.94,0.83,0.96,2.33,5.30,2.30,4.27,0.00,80.00,3.00
325316,355.52,-1.33,-1.95,0.84,0.95,2.30,5.33,2.28,4.25,0.00,80.00,3.00
325346,355.60,-1.33,-1.96,0.74,0.93,2.31,5.15,2.26,4.27,0.00,80.00,3.00
325375,355.54,-1.34,-1.96,0.79,0.89,2.28,5.25,2.24,4.24,0.00,80.00,3.00
325407,355.55,-1.34,-1.96,0.78,0.83,2.29,5.23,2.17,4.26,0.00,80.00,3.00
325436,355.55,-1.34,-1.96,0.82,0.72,2.26,5.26,2.06,4.22,0.00,80.00,3.00
325465,355.46,-1.34,-1.95,0.74,0.77,2.20,5.28,2.11,4.15,0.00,80.00,3.00
325494,355.40,-1.33,-1.94,0.83,0.82,2.15,5.44,2.15,4.09,0.00,80.00,3.00
325523,355.41,-1.33,-1.95,0.79,0.81,2.21,5.39,2.14,4.15,0.00,80.00,3.00
325553,355.32,-1.33,-1.95,0.87,0.80,2.23,5.54,2.13,4.19,0.00,80.00,3.00
325582,355.33,-1.32,-1.95,0.80,0.84,2.28,5.47,2.17,4.23,0.00,80.00,3.00
325614,355.36,-1.31,-1.96,0.74,0.88,2.36,5.37,2.19,4.32,0.00,80.00,3.00
325643,355.38,-1.32,-1.95,0.79,0.84,2.36,5.42,2.15,4.31,0.00,80.00,3.00
325672,355.34,-1.31,-1.96,0.73,0.86,2.38,5.40,2.17,4.34,0.00,80.00,3.00
325701,355.31,-1.31,-1.96,0.71,0.87,2.31,5.40,2.18,4.27,0.00,80.00,3.00
325730,355.40,-1.31,-1.95,0.65,0.86,2.31,5.25,2.17,4.26,0.00,80.00,3.00
325775,355.44,-1.31,-1.96,0.61,0.87,2.26,5.18,2.18,4.22,0.00,80.00,3.00
325805,355.40,-1.31,-1.96,0.58,0.89,2.26,5.18,2.20,4.22,0.00,80.00,3.00
325837,355.35,-1.31,-1.97,0.54,0.88,2.26,5.19,2.19,4.23,0.00,80.00,3.00
325866,355.40,-1.30,-1.96,0.62,0.91,2.33,5.22,2.21,4.29,0.00,80.00,3.00
325895,355.44,-1.29,-1.97,0.67,0.92,2.41,5.24,2.22,4.38,0.00,80.00,3.00
325924,355.45,-1.29,-1.98,0.70,0.92,2.44,5.25,2.22,4.42,0.00,80.00,3.00
325953,355.47,-1.30,-1.98,0.75,0.93,2.55,5.28,2.23,4.52,0.00,80.00,3.00
325982,355.42,-1.31,-1.98,0.73,0.92,2.56,5.31,2.23,4.54,0.00,80.00,3.00
326020,355.38,-1.29,-1.97,0.73,0.91,2.53,5.35,2.20,4.50,0.00,80.00,3.00
326052,355.32,-1.29,-1.96,0.59,0.89,2.45,5.27,2.18,4.41,0.00,80.00,3.00
326081,355.40,-1.28,-1.95,0.58,0.91,2.40,5.19,2.19,4.36,0.00,80.00,3.00
326110,355.39,-1.29,-1.96,0.55,0.87,2.28,5.17,2.16,4.24,0.00,80.00,3.00
326139,355.38,-1.29,-1.96,0.68,0.85,2.25,5.31,2.14,4.21,0.00,80.00,3.00
326168,355.37,-1.31,-1.95,0.74,0.90,2.25,5.37,2.21,4.19,0.00,80.00,3.00
326197,355.40,-1.32,-1.95,0.77,0.93,2.25,5.37,2.24,4.20,0.00,80.00,3.00
326226,355.38,-1.32,-1.95,0.88,0.99,2.28,5.50,2.31,4.23,0.00,80.00,3.00
326258,355.33,-1.32,-1.95,0.81,0.98,2.27,5.48,2.30,4.22,0.00,80.00,3.00
326287,355.34,-1.32,-1.94,0.76,1.02,2.39,5.42,2.33,4.33,0.00,80.00,3.00
326316,355.30,-1.32,-1.93,0.71,1.00,2.45,5.41,2.32,4.38,0.00,80.00,3.00
326346,355.25,-1.33,-1.93,0.66,0.98,2.46,5.41,2.30,4.39,0.00,80.00,3.00
326391,355.29,-1.33,-1.92,0.68,0.92,2.45,5.39,2.25,4.37,0.00,80.00,3.00
326420,355.32,-1.33,-1.91,0.65,0.90,2.56,5.32,2.23,4.47,0.00,80.00,3.00
326449,355.35,-1.34,-1.91,0.73,0.91,2.57,5.38,2.25,4.49,0.00,80.00,3.00
326481,355.36,-1.34,-1.92,0.78,0.91,2.49,5.42,2.26,4.40,0.00,80.00,3.00
326510,355.38,-1.34,-1.92,0.74,0.88,2.39,5.36,2.22,4.31,0.00,80.00,3.00
326539,355.43,-1.34,-1.92,0.88,0.87,2.35,5.45,2.21,4.27,0.00,80.00,3.00
326568,355.44,-1.34,-1.92,0.87,0.85,2.35,5.43,2.19,4.26,0.00,80.00,3.00
326597,355.43,-1.34,-1.92,0.86,0.85,2.28,5.43,2.19,4.20,0.00,80.00,3.00
326627,355.44,-1.33,-1.91,0.75,0.80,2.21,5.31,2.13,4.12,0.00,80.00,3.00
326656,355.44,-1.33,-1.91,0.84,0.86,2.25,5.40,2.19,4.15,0.00,80.00,3.00
326688,355.39,-1.34,-1.92,0.66,0.89,2.29,5.27,2.22,4.21,0.00,80.00,3.00
326717,355.36,-1.34,-1.93,0.67,0.88,2.31,5.31,2.22,4.24,0.00,80.00,3.00
326746,355.28,-1.33,-1.95,0.71,0.87,2.25,5.43,2.20,4.19,0.00,80.00,3.00
326775,355.31,-1.33,-1.95,0.71,0.91,2.25,5.40,2.24,4.20,0.00,80.00,3.00
326804,355.28,-1.34,-1.95,0.73,0.98,2.27,5.45,2.32,4.22,0.00,80.00,3.00
326833,355.32,-1.34,-1.94,0.87,0.93,2.31,5.55,2.27,4.25,0.00,80.00,3.00
326862,355.29,-1.33,-1.93,0.85,0.92,2.37,5.55,2.25,4.30,0.00,80.00,3.00
326895,355.28,-1.33,-1.94,0.87,0.91,2.34,5.60,2.24,4.28,0.00,80.00,3.00
326924,355.29,-1.32,-1.95,0.83,0.88,2.40,5.54,2.20,4.35,0.00,80.00,3.00
326953,355.29,-1.32,-1.95,0.76,0.85,2.40,5.47,2.17,4.35,0.00,80.00,3.00
326998,355.32,-1.32,-1.96,0.66,0.83,2.35,5.34,2.16,4.31,0.00,80.00,3.00
327027,355.31,-1.32,-1.97,0.80,0.88,2.32,5.50,2.20,4.29,0.00,80.00,3.00
327056,355.33,-1.33,-1.97,0.79,0.91,2.34,5.46,2.24,4.30,0.00,80.00,3.00
327085,355.34,-1.33,-1.97,0.83,0.91,2.36,5.49,2.25,4.33,0.00,80.00,3.00
327117,355.37,-1.35,-1.96,0.90,0.95,2.30,5.53,2.30,4.26,0.00,80.00,3.00
327146,355.30,-1.35,-1.95,0.91,0.93,2.28,5.60,2.28,4.23,0.00,80.00,3.00
327176,355.30,-1.34,-1.96,0.89,0.91,2.27,5.59,2.25,4.23,0.00,80.00,3.00
327205,355.31,-1.33,-1.96,0.78,0.90,2.26,5.47,2.23,4.22,0.00,80.00,3.00
327234,355.31,-1.32,-1.96,0.76,0.92,2.18,5.45,2.24,4.14,0.00,80.00,3.00
327263,355.26,-1.32,-1.96,0.76,0.89,2.24,5.50,2.21,4.20,0.00,80.00,3.00
327292,355.23,-1.32,-1.96,0.69,0.90,2.31,5.46,2.22,4.26,0.00,80.00,3.00
327324,355.20,-1.32,-1.95,0.79,0.89,2.40,5.59,2.21,4.35,0.00,80.00,3.00
327353,355.29,-1.32,-1.93,0.83,0.81,2.40,5.54,2.14,4.34,0.00,80.00,3.00
327382,355.23,-1.33,-1.92,0.89,0.83,2.45,5.65,2.16,4.37,0.00,80.00,3.00
327411,355.17,-1.33,-1.91,0.83,0.84,2.41,5.66,2.17,4.32,0.00,80.00,3.00
327440,355.16,-1.33,-1.90,0.75,0.82,2.45,5.59,2.15,4.35,0.00,80.00,3.00
327469,355.19,-1.33,-1.91,0.66,0.81,2.37,5.47,2.14,4.28,0.00,80.00,3.00
327498,355.16,-1.33,-1.93,0.61,0.84,2.31,5.45,2.17,4.24,0.00,80.00,3.00
327530,355.06,-1.34,-1.94,0.63,0.87,2.29,5.57,2.20,4.23,0.00,80.00,3.00
327560,355.08,-1.34,-1.96,0.63,0.84,2.25,5.55,2.18,4.22,0.00,80.00,3.00
327605,355.10,-1.35,-1.98,0.69,0.87,2.24,5.59,2.22,4.22,0.00,80.00,3.00
327634,355.13,-1.34,-1.99,0.83,0.93,2.23,5.69,2.27,4.22,0.00,80.00,3.00
327671,355.11,-1.33,-1.98,0.88,0.94,2.27,5.77,2.27,4.25,0.00,80.00,3.00
327700,355.13,-1.32,-1.97,0.85,0.93,2.34,5.72,2.25,4.32,0.00,80.00,3.00
327730,355.15,-1.32,-1.97,0.85,0.98,2.37,5.69,2.30,4.33,0.00,80.00,3.00
327762,355.12,-1.32,-1.96,0.80,0.94,2.41,5.68,2.27,4.37,0.00,80.00,3.00
327791,355.12,-1.32,-1.96,0.89,0.92,2.37,5.77,2.24,4.34,0.00,80.00,3.00
327820,355.10,-1.31,-1.97,0.88,0.90,2.38,5.77,2.22,4.35,0.00,80.00,3.00
327849,355.09,-1.32,-1.96,0.86,0.90,2.36,5.78,2.22,4.33,0.00,80.00,3.00
327878,355.11,-1.31,-1.97,0.82,0.89,2.29,5.71,2.20,4.25,0.00,80.00,3.00
327907,355.06,-1.31,-1.97,0.82,0.94,2.23,5.75,2.25,4.21,0.00,80.00,3.00
327936,355.07,-1.31,-1.98,0.67,0.93,2.26,5.60,2.24,4.23,0.00,80.00,3.00
327968,355.09,-1.30,-1.98,0.65,1.00,2.25,5.56,2.30,4.23,0.00,80.00,3.00
327997,355.04,-1.30,-1.99,0.60,1.04,2.23,5.56,2.35,4.21,0.00,80.00,3.00
328026,355.07,-1.31,-1.99,0.64,1.08,2.31,5.57,2.38,4.30,0.00,80.00,3.00
328055,355.07,-1.31,-1.98,0.73,1.09,2.27,5.66,2.41,4.25,0.00,80.00,3.00
328084,355.03,-1.31,-1.98,0.80,1.14,2.29,5.77,2.45,4.27,0.00,80.00,3.00
328113,355.03,-1.32,-1.98,0.84,1.14,2.27,5.81,2.46,4.25,0.00,80.00,3.00
328143,355.04,-1.32,-1.98,0.86,1.04,2.37,5.83,2.36,4.36,0.00,80.00,3.00
328175,355.04,-1.33,-1.99,0.93,1.03,2.40,5.89,2.35,4.38,0.00,80.00,3.00
328220,355.07,-1.32,-1.98,0.91,0.98,2.38,5.84,2.30,4.36,0.00,80.00,3.00
328249,355.13,-1.32,-1.98,0.93,0.95,2.42,5.80,2.27,4.40,0.00,80.00,3.00
328278,355.19,-1.32,-1.97,0.94,0.89,2.45,5.75,2.20,4.42,0.00,80.00,3.00
328307,355.13,-1.32,-1.97,0.93,0.88,2.44,5.79,2.19,4.41,0.00,80.00,3.00
328336,355.19,-1.32,-1.96,0.93,0.85,2.35,5.75,2.17,4.31,0.00,80.00,3.00
328365,355.12,-1.32,-1.96,0.86,0.79,2.35,5.74,2.11,4.31,0.00,80.00,3.00
328397,355.06,-1.33,-1.96,0.88,0.74,2.35,5.81,2.07,4.31,0.00,80.00,3.00
328426,355.05,-1.33,-1.95,0.83,0.72,2.32,5.78,2.05,4.28,0.00,80.00,3.00
328455,355.02,-1.33,-1.95,0.71,0.76,2.22,5.69,2.09,4.17,0.00,80.00,3.00
328484,355.05,-1.32,-1.94,0.78,0.80,2.28,5.73,2.12,4.22,0.00,80.00,3.00
328513,355.06,-1.32,-1.94,0.85,0.85,2.24,5.79,2.17,4.18,0.00,80.00,3.00
328541,355.08,-1.33,-1.94,0.75,0.86,2.21,5.67,2.18,4.15,0.00,80.00,3.00
328570,354.99,-1.32,-1.93,0.67,0.88,2.24,5.68,2.21,4.18,0.00,80.00,3.00
328621,354.98,-1.32,-1.93,0.79,0.92,2.31,5.81,2.24,4.24,0.00,80.00,3.00
328649,354.97,-1.30,-1.93,0.80,0.94,2.39,5.84,2.25,4.32,0.00,80.00,3.00
328678,355.03,-1.30,-1.93,0.71,0.94,2.38,5.69,2.25,4.31,0.00,80.00,3.00
328707,355.00,-1.31,-1.93,0.77,0.96,2.45,5.77,2.27,4.37,0.00,80.00,3.00
328736,354.98,-1.32,-1.92,0.84,1.01,2.45,5.86,2.33,4.38,0.00,80.00,3.00
328765,355.00,-1.32,-1.93,0.81,1.00,2.44,5.81,2.32,4.37,0.00,80.00,3.00
328794,355.00,-1.32,-1.93,0.72,0.97,2.46,5.71,2.29,4.39,0.00,80.00,3.00
328825,355.03,-1.32,-1.93,0.73,0.95,2.39,5.70,2.27,4.32,0.00,80.00,3.00
328855,355.03,-1.31,-1.92,0.70,1.00,2.39,5.68,2.31,4.31,0.00,80.00,3.00
328884,354.92,-1.31,-1.93,0.62,0.97,2.32,5.70,2.28,4.26,0.00,80.00,3.00
328913,354.96,-1.31,-1.95,0.70,0.95,2.32,5.75,2.26,4.26,0.00,80.00,3.00
328942,354.99,-1.31,-1.94,0.79,0.94,2.29,5.80,2.25,4.23,0.00,80.00,3.00
328971,354.99,-1.30,-1.95,0.93,0.95,2.27,5.94,2.24,4.21,0.00,80.00,3.00
329017,355.01,-1.30,-1.94,0.87,0.89,2.28,5.86,2.19,4.22,0.00,80.00,3.00
329049,355.07,-1.29,-1.93,0.87,0.86,2.25,5.81,2.16,4.19,0.00,80.00,3.00
329078,355.17,-1.30,-1.94,0.93,0.85,2.26,5.77,2.15,4.20,0.00,80.00,3.00
329107,355.11,-1.30,-1.95,0.84,0.79,2.24,5.73,2.10,4.18,0.00,80.00,3.00
329136,355.11,-1.30,-1.94,0.73,0.76,2.27,5.62,2.06,4.21,0.00,80.00,3.00
329166,355.10,-1.30,-1.94,0.58,0.75,2.26,5.49,2.05,4.20,0.00,80.00,3.00
329195,355.17,-1.31,-1.94,0.67,0.74,2.23,5.49,2.05,4.17,0.00,80.00,3.00
329224,355.16,-1.31,-1.93,0.61,0.79,2.28,5.45,2.10,4.22,0.00,80.00,3.00
329256,355.11,-1.32,-1.94,0.61,0.82,2.23,5.50,2.14,4.17,0.00,80.00,3.00
329294,355.13,-1.31,-1.94,0.70,0.96,2.18,5.58,2.28,4.12,0.00,80.00,3.00
329323,355.18,-1.32,-1.95,0.83,0.99,2.19,5.66,2.31,4.14,0.00,80.00,3.00
329352,355.16,-1.32,-1.96,0.74,1.04,2.25,5.58,2.36,4.21,0.00,80.00,3.00
329381,355.28,-1.32,-1.97,0.78,1.05,2.21,5.50,2.37,4.18,0.00,80.00,3.00
329411,355.28,-1.32,-1.97,0.79,1.04,2.28,5.51,2.36,4.25,0.00,80.00,3.00
329440,355.39,-1.31,-1.96,0.77,1.02,2.28,5.38,2.33,4.25,0.00,80.00,3.00
329472,355.32,-1.31,-1.95,0.73,0.97,2.31,5.41,2.28,4.26,0.00,80.00,3.00
329501,355.33,-1.32,-1.93,0.65,0.90,2.28,5.32,2.21,4.21,0.00,80.00,3.00
329531,355.40,-1.32,-1.90,0.73,0.88,2.32,5.32,2.20,4.22,0.00,80.00,3.00
329560,355.45,-1.33,-1.90,0.66,0.86,2.31,5.21,2.19,4.21,0.00,80.00,3.00
329589,355.49,-1.32,-1.91,0.67,0.89,2.33,5.18,2.21,4.24,0.00,80.00,3.00
329618,355.57,-1.32,-1.92,0.69,0.88,2.36,5.12,2.21,4.28,0.00,80.00,3.00
329647,355.62,-1.32,-1.93,0.76,0.94,2.40,5.15,2.26,4.33,0.00,80.00,3.00
329680,355.61,-1.31,-1.93,0.79,0.99,2.42,5.18,2.31,4.36,0.00,80.00,3.00
329709,355.59,-1.31,-1.94,0.82,0.96,2.40,5.23,2.27,4.34,0.00,80.00,3.00
329738,355.60,-1.31,-1.93,0.91,0.97,2.45,5.31,2.28,4.38,0.00,80.00,3.00
329767,355.59,-1.31,-1.92,1.08,1.01,2.40,5.49,2.32,4.32,0.00,80.00,3.00
329797,355.56,-1.31,-1.93,1.03,0.99,2.39,5.48,2.30,4.31,0.00,80.00,3.00
329826,355.56,-1.31,-1.93,1.01,0.96,2.40,5.45,2.27,4.33,0.00,80.00,3.00
329855,355.56,-1.30,-1.94,0.91,0.96,2.42,5.36,2.26,4.35,0.00,80.00,3.00
329887,355.55,-1.30,-1.94,0.84,0.97,2.39,5.29,2.27,4.33,0.00,80.00,3.00
329930,355.61,-1.30,-1.94,0.73,0.91,2.38,5.12,2.20,4.32,0.00,80.00,3.00
329959,355.67,-1.30,-1.93,0.57,0.89,2.45,4.90,2.19,4.39,0.00,80.00,3.00
329988,355.65,-1.29,-1.94,0.53,0.92,2.47,4.88,2.21,4.40,0.00,80.00,3.00
330017,355.62,-1.30,-1.94,0.65,0.87,2.45,5.03,2.18,4.39,0.00,80.00,3.00
330046,355.64,-1.30,-1.93,0.65,0.85,2.44,5.01,2.15,4.38,0.00,80.00,3.00
330075,355.63,-1.29,-1.93,0.70,0.94,2.45,5.07,2.23,4.39,0.00,80.00,3.00
330108,355.64,-1.29,-1.93,0.74,0.97,2.48,5.10,2.26,4.41,0.00,80.00,3.00
330137,355.61,-1.29,-1.93,0.76,1.01,2.44,5.15,2.30,4.37,0.00,80.00,3.00
330166,355.61,-1.29,-1.93,0.73,0.96,2.42,5.12,2.25,4.35,0.00,80.00,3.00
330195,355.59,-1.30,-1.94,0.77,1.04,2.40,5.18,2.34,4.34,0.00,80.00,3.00
330224,355.63,-1.29,-1.94,0.71,0.97,2.45,5.08,2.26,4.39,0.00,80.00,3.00
330254,355.66,-1.30,-1.94,0.67,0.91,2.38,5.01,2.21,4.32,0.00,80.00,3.00
330283,355.65,-1.30,-1.93,0.63,0.88,2.32,4.98,2.17,4.26,0.00,80.00,3.00
330331,355.69,-1.30,-1.93,0.61,0.88,2.32,4.92,2.18,4.26,0.00,80.00,3.00
330360,355.66,-1.30,-1.93,0.63,0.85,2.30,4.97,2.15,4.22,0.00,80.00,3.00
330389,355.68,-1.30,-1.93,0.56,0.88,2.30,4.88,2.18,4.22,0.00,80.00,3.00
330418,355.73,-1.30,-1.93,0.59,0.89,2.34,4.86,2.19,4.27,0.00,80.00,3.00
330448,355.67,-1.30,-1.94,0.56,0.97,2.39,4.89,2.27,4.33,0.00,80.00,3.00
330477,355.69,-1.30,-1.95,0.61,0.92,2.44,4.92,2.21,4.39,0.00,80.00,3.00
330506,355.67,-1.30,-1.95,0.61,0.91,2.43,4.93,2.21,4.38,0.00,80.00,3.00
330538,355.65,-1.30,-1.94,0.60,0.89,2.37,4.96,2.18,4.31,0.00,80.00,3.00
330567,355.63,-1.29,-1.94,0.61,0.87,2.31,4.98,2.17,4.24,0.00,80.00,3.00
330597,355.62,-1.29,-1.92,0.68,0.79,2.23,5.06,2.08,4.15,0.00,80.00,3.00
330626,355.70,-1.29,-1.91,0.72,0.80,2.18,5.03,2.09,4.09,0.00,80.00,3.00
330655,355.65,-1.29,-1.90,0.78,0.82,2.10,5.14,2.11,4.00,0.00,80.00,3.00
330684,355.69,-1.29,-1.90,0.79,0.84,2.18,5.11,2.13,4.07,0.00,80.00,3.00
330713,355.61,-1.29,-1.89,0.88,0.86,2.28,5.27,2.16,4.17,0.00,80.00,3.00
330746,355.54,-1.29,-1.90,0.92,0.91,2.24,5.38,2.20,4.14,0.00,80.00,3.00
330775,355.65,-1.29,-1.91,0.95,0.94,2.28,5.31,2.23,4.19,0.00,80.00,3.00
330804,355.66,-1.29,-1.93,0.89,0.99,2.34,5.23,2.28,4.27,0.00,80.00,3.00
330833,355.66,-1.27,-1.92,0.92,1.00,2.40,5.26,2.27,4.32,0.00,80.00,3.00
330862,355.71,-1.28,-1.91,0.95,1.02,2.40,5.24,2.30,4.31,0.00,80.00,3.00
330892,355.65,-1.28,-1.90,0.90,1.02,2.40,5.25,2.29,4.30,0.00,80.00,3.00
330921,355.61,-1.28,-1.89,0.89,0.98,2.47,5.28,2.26,4.37,0.00,80.00,3.00
330962,355.56,-1.28,-1.91,0.88,0.96,2.41,5.32,2.25,4.32,0.00,80.00,3.00
330991,355.64,-1.29,-1.91,0.87,0.91,2.37,5.23,2.20,4.28,0.00,80.00,3.00
331020,355.64,-1.28,-1.92,0.85,0.91,2.36,5.22,2.19,4.28,0.00,80.00,3.00
331050,355.58,-1.27,-1.93,0.83,0.87,2.26,5.26,2.14,4.20,0.00,80.00,3.00
331079,355.43,-1.26,-1.94,0.76,0.85,2.24,5.34,2.11,4.18,0.00,80.00,3.00
331108,355.40,-1.26,-1.94,0.74,0.86,2.19,5.35,2.12,4.13,0.00,80.00,3.00
331137,355.37,-1.26,-1.94,0.85,0.94,2.28,5.48,2.20,4.22,0.00,80.00,3.00
331170,355.33,-1.26,-1.94,0.83,1.00,2.29,5.50,2.25,4.23,0.00,80.00,3.00
331213,355.34,-1.25,-1.93,0.79,0.98,2.32,5.45,2.24,4.24,0.00,80.00,3.00
331242,355.41,-1.25,-1.91,0.74,1.08,2.40,5.33,2.33,4.31,0.00,80.00,3.00
331271,355.36,-1.25,-1.92,0.62,1.07,2.43,5.26,2.32,4.35,0.00,80.00,3.00
331300,355.40,-1.26,-1.92,0.58,1.04,2.35,5.18,2.30,4.28,0.00,80.00,3.00
331330,355.34,-1.26,-1.93,0.63,1.02,2.30,5.29,2.28,4.23,0.00,80.00,3.00
331359,355.28,-1.27,-1.92,0.66,1.01,2.30,5.37,2.27,4.22,0.00,80.00,3.00
331391,355.25,-1.27,-1.92,0.75,0.96,2.21,5.51,2.23,4.13,0.00,80.00,3.00
331421,355.27,-1.27,-1.92,0.83,0.91,2.19,5.56,2.18,4.11,0.00,80.00,3.00
331450,355.26,-1.27,-1.92,0.96,0.93,2.21,5.70,2.20,4.13,0.00,80.00,3.00
331479,355.18,-1.26,-1.93,0.81,0.89,2.24,5.63,2.15,4.18,0.00,80.00,3.00
331509,355.25,-1.27,-1.94,0.81,0.92,2.26,5.56,2.18,4.20,0.00,80.00,3.00
331538,355.24,-1.27,-1.93,0.75,0.94,2.31,5.51,2.21,4.24,0.00,80.00,3.00
331567,355.21,-1.27,-1.93,0.71,0.96,2.38,5.50,2.23,4.30,0.00,80.00,3.00
331599,355.15,-1.28,-1.93,0.68,0.95,2.31,5.52,2.22,4.23,0.00,80.00,3.00
331645,355.19,-1.28,-1.92,0.80,0.92,2.34,5.61,2.20,4.27,0.00,80.00,3.00
331674,355.30,-1.28,-1.92,0.69,0.93,2.33,5.39,2.21,4.25,0.00,80.00,3.00
331703,355.26,-1.29,-1.92,0.72,0.96,2.29,5.45,2.25,4.22,0.00,80.00,3.00
331732,355.31,-1.29,-1.92,0.74,0.97,2.25,5.43,2.26,4.16,0.00,80.00,3.00
331762,355.34,-1.29,-1.92,0.74,0.91,2.28,5.40,2.20,4.20,0.00,80.00,3.00
331791,355.38,-1.28,-1.92,0.74,0.92,2.24,5.37,2.20,4.16,0.00,80.00,3.00
331823,355.39,-1.28,-1.92,0.77,0.90,2.21,5.37,2.18,4.13,0.00,80.00,3.00
331852,355.37,-1.28,-1.92,0.80,0.88,2.20,5.43,2.16,4.11,0.00,80.00,3.00
331882,355.37,-1.28,-1.92,0.72,0.83,2.23,5.35,2.11,4.16,0.00,80.00,3.00
331911,355.43,-1.28,-1.93,0.76,0.85,2.28,5.33,2.14,4.21,0.00,80.00,3.00
331940,355.47,-1.29,-1.93,0.76,0.83,2.39,5.29,2.12,4.32,0.00,80.00,3.00
331969,355.51,-1.28,-1.92,0.69,0.86,2.39,5.18,2.14,4.31,0.00,80.00,3.00
331999,355.51,-1.27,-1.91,0.64,0.87,2.34,5.13,2.14,4.25,0.00,80.00,3.00
332031,355.49,-1.28,-1.92,0.64,0.85,2.35,5.15,2.13,4.27,0.00,80.00,3.00
332060,355.50,-1.28,-1.92,0.74,0.87,2.32,5.24,2.14,4.24,0.00,80.00,3.00
332089,355.47,-1.28,-1.93,0.77,0.88,2.18,5.29,2.16,4.11,0.00,80.00,3.00
332119,355.53,-1.28,-1.92,0.73,0.91,2.24,5.20,2.18,4.17,0.00,80.00,3.00
332148,355.54,-1.28,-1.92,0.72,0.86,2.27,5.18,2.13,4.19,0.00,80.00,3.00
332177,355.58,-1.27,-1.92,0.75,0.85,2.34,5.17,2.12,4.26,0.00,80.00,3.00
332207,355.59,-1.28,-1.92,0.70,0.83,2.32,5.11,2.10,4.24,0.00,80.00,3.00
332239,355.60,-1.27,-1.93,0.63,0.84,2.38,5.03,2.11,4.31,0.00,80.00,3.00
332268,355.65,-1.27,-1.93,0.64,0.87,2.39,5.00,2.14,4.31,0.00,80.00,3.00
332297,355.55,-1.27,-1.93,0.67,0.85,2.41,5.12,2.11,4.33,0.00,80.00,3.00
332327,355.57,-1.26,-1.93,0.66,0.82,2.44,5.09,2.09,4.37,0.00,80.00,3.00
332356,355.54,-1.27,-1.93,0.73,0.84,2.40,5.19,2.10,4.33,0.00,80.00,3.00
332385,355.49,-1.27,-1.93,0.76,0.83,2.43,5.27,2.10,4.36,0.00,80.00,3.00
332414,355.49,-1.26,-1.93,0.71,0.85,2.43,5.22,2.11,4.36,0.00,80.00,3.00
332447,355.55,-1.26,-1.92,0.79,0.84,2.37,5.24,2.10,4.29,0.00,80.00,3.00
332489,355.53,-1.26,-1.91,0.78,0.89,2.38,5.25,2.15,4.29,0.00,80.00,3.00
332518,355.48,-1.26,-1.91,0.74,0.91,2.36,5.26,2.17,4.27,0.00,80.00,3.00
332547,355.52,-1.27,-1.92,0.71,0.88,2.38,5.19,2.15,4.30,0.00,80.00,3.00
332577,355.47,-1.27,-1.92,0.75,0.87,2.34,5.28,2.14,4.26,0.00,80.00,3.00
332614,355.58,-1.27,-1.92,0.83,0.86,2.37,5.26,2.13,4.29,0.00,80.00,3.00
332643,355.57,-1.27,-1.92,0.77,0.84,2.34,5.19,2.11,4.26,0.00,80.00,3.00
332675,355.62,-1.27,-1.91,0.88,0.81,2.25,5.27,2.09,4.16,0.00,80.00,3.00
332704,355.63,-1.28,-1.90,0.92,0.85,2.26,5.29,2.13,4.16,0.00,80.00,3.00
332733,355.65,-1.29,-1.91,1.04,0.86,2.29,5.40,2.15,4.19,0.00,80.00,3.00
332762,355.61,-1.28,-1.92,0.89,0.84,2.27,5.28,2.13,4.19,0.00,80.00,3.00
332791,355.61,-1.28,-1.92,0.94,0.87,2.25,5.33,2.15,4.17,0.00,80.00,3.00
332820,355.56,-1.28,-1.91,0.75,0.93,2.41,5.19,2.21,4.32,0.00,80.00,3.00
332850,355.58,-1.28,-1.90,0.78,0.88,2.44,5.21,2.16,4.34,0.00,80.00,3.00
332882,355.70,-1.28,-1.91,0.63,0.85,2.38,4.93,2.13,4.30,0.00,80.00,3.00
332911,355.73,-1.28,-1.92,0.79,0.86,2.43,5.06,2.13,4.34,0.00,80.00,3.00
332956,355.75,-1.28,-1.91,0.87,0.81,2.46,5.12,2.09,4.38,0.00,80.00,3.00
332985,355.76,-1.29,-1.90,0.94,0.74,2.50,5.18,2.03,4.40,0.00,80.00,3.00
333014,355.80,-1.29,-1.90,1.04,0.76,2.46,5.25,2.05,4.36,0.00,80.00,3.00
333043,355.77,-1.30,-1.90,1.03,0.81,2.44,5.26,2.11,4.33,0.00,80.00,3.00
333072,355.78,-1.29,-1.91,1.04,0.86,2.46,5.26,2.15,4.37,0.00,80.00,3.00
333105,355.81,-1.29,-1.92,0.94,0.92,2.49,5.13,2.21,4.40,0.00,80.00,3.00
333134,355.83,-1.28,-1.91,0.81,0.96,2.47,4.98,2.24,4.39,0.00,80.00,3.00
333163,355.80,-1.29,-1.92,0.71,0.95,2.42,4.91,2.24,4.33,0.00,80.00,3.00
333192,355.74,-1.28,-1.92,0.70,0.91,2.45,4.96,2.20,4.37,0.00,80.00,3.00
333221,355.75,-1.28,-1.92,0.69,0.80,2.47,4.94,2.08,4.40,0.00,80.00,3.00
333250,355.77,-1.28,-1.92,0.65,0.78,2.46,4.88,2.07,4.39,0.00,80.00,3.00
333279,355.72,-1.28,-1.92,0.75,0.78,2.49,5.03,2.06,4.41,0.00,80.00,3.00
333307,355.70,-1.29,-1.92,0.81,0.82,2.47,5.11,2.11,4.39,0.00,80.00,3.00
333336,355.70,-1.29,-1.91,0.85,0.81,2.40,5.15,2.10,4.32,0.00,80.00,3.00
333365,355.69,-1.30,-1.91,0.81,0.87,2.38,5.12,2.17,4.29,0.00,80.00,3.00
333394,355.70,-1.30,-1.91,0.85,0.91,2.38,5.15,2.21,4.29,0.00,80.00,3.00
333423,355.61,-1.30,-1.91,0.86,0.92,2.30,5.25,2.22,4.21,0.00,80.00,3.00
333452,355.61,-1.31,-1.91,0.83,0.91,2.28,5.22,2.22,4.19,0.00,80.00,3.00
333481,355.57,-1.31,-1.91,0.78,0.89,2.33,5.21,2.20,4.24,0.00,80.00,3.00
333510,355.53,-1.32,-1.92,0.83,0.91,2.33,5.30,2.22,4.25,0.00,80.00,3.00
333542,355.57,-1.31,-1.92,0.87,0.94,2.36,5.29,2.25,4.27,0.00,80.00,3.00
333571,355.50,-1.31,-1.92,0.78,0.98,2.39,5.28,2.29,4.31,0.00,80.00,3.00
333601,355.52,-1.32,-1.92,0.76,1.00,2.44,5.24,2.32,4.36,0.00,80.00,3.00
333630,355.54,-1.31,-1.92,0.72,0.99,2.47,5.18,2.30,4.39,0.00,80.00,3.00
333659,355.53,-1.31,-1.92,0.72,0.99,2.48,5.20,2.30,4.40,0.00,80.00,3.00
333688,355.48,-1.31,-1.92,0.66,0.99,2.50,5.18,2.30,4.42,0.00,80.00,3.00
333717,355.50,-1.30,-1.92,0.59,0.96,2.46,5.09,2.27,4.38,0.00,80.00,3.00
333749,355.49,-1.32,-1.95,0.68,0.94,2.38,5.19,2.26,4.32,0.00,80.00,3.00
333791,355.47,-1.31,-1.98,0.77,0.92,2.35,5.31,2.23,4.33,0.00,80.00,3.00
333820,355.49,-1.30,-2.01,0.81,0.95,2.30,5.31,2.26,4.31,0.00,80.00,3.00
333849,355.52,-1.30,-2.03,0.79,0.90,2.29,5.27,2.20,4.33,0.00,80.00,3.00
333879,355.54,-1.30,-2.03,0.81,0.87,2.27,5.27,2.17,4.30,0.00,80.00,3.00
333908,355.53,-1.30,-2.04,0.88,0.84,2.30,5.35,2.14,4.35,0.00,80.00,3.00
333937,355.55,-1.30,-2.04,0.87,0.82,2.30,5.32,2.12,4.34,0.00,80.00,3.00
333969,355.55,-1.30,-2.03,0.89,0.79,2.39,5.34,2.09,4.42,0.00,80.00,3.00
333998,355.49,-1.30,-2.03,0.78,0.77,2.43,5.29,2.07,4.46,0.00,80.00,3.00
334027,355.56,-1.30,-2.02,0.82,0.80,2.41,5.26,2.10,4.43,0.00,80.00,3.00
334056,355.61,-1.30,-2.03,0.70,0.90,2.26,5.09,2.20,4.28,0.00,80.00,3.00
334085,355.68,-1.30,-2.03,0.75,0.88,2.30,5.06,2.18,4.33,0.00,80.00,3.00
334114,355.67,-1.30,-2.03,0.73,0.88,2.25,5.07,2.17,4.28,0.00,80.00,3.00
334143,355.70,-1.30,-2.03,0.76,0.91,2.22,5.06,2.21,4.25,0.00,80.00,3.00
334175,355.69,-1.31,-2.04,0.77,0.93,2.21,5.08,2.24,4.25,0.00,80.00,3.00
334204,355.59,-1.31,-2.04,0.88,0.93,2.36,5.29,2.24,4.41,0.00,80.00,3.00
334258,355.58,-1.30,-2.04,0.89,0.86,2.38,5.32,2.15,4.43,0.00,80.00,3.00
334287,355.56,-1.30,-2.04,0.74,0.88,2.36,5.18,2.19,4.40,0.00,80.00,3.00
334316,355.56,-1.31,-2.03,0.71,0.93,2.33,5.14,2.24,4.36,0.00,80.00,3.00
334345,355.57,-1.31,-2.04,0.75,0.92,2.36,5.18,2.23,4.39,0.00,80.00,3.00
334374,355.66,-1.31,-2.03,0.87,0.92,2.36,5.22,2.23,4.40,0.00,80.00,3.00
334406,355.65,-1.31,-2.02,0.86,0.96,2.33,5.22,2.27,4.36,0.00,80.00,3.00
334435,355.65,-1.31,-2.00,0.82,1.00,2.36,5.16,2.31,4.37,0.00,80.00,3.00
334464,355.73,-1.31,-1.99,0.96,1.02,2.33,5.23,2.33,4.32,0.00,80.00,3.00
334493,355.74,-1.30,-1.98,0.97,1.01,2.29,5.22,2.32,4.28,0.00,80.00,3.00
334522,355.77,-1.31,-1.98,0.81,1.02,2.31,5.04,2.33,4.29,0.00,80.00,3.00
334552,355.80,-1.30,-1.98,0.79,1.00,2.30,4.99,2.30,4.28,0.00,80.00,3.00
334581,355.81,-1.30,-1.94,0.82,0.97,2.27,5.02,2.27,4.21,0.00,80.00,3.00
334613,355.77,-1.31,-1.91,0.75,0.94,2.30,4.99,2.24,4.22,0.00,80.00,3.00
334642,355.83,-1.30,-1.90,0.69,0.93,2.37,4.86,2.23,4.26,0.00,80.00,3.00
334671,355.83,-1.30,-1.88,0.77,0.90,2.42,4.94,2.20,4.31,0.00,80.00,3.00
334700,355.79,-1.31,-1.89,0.67,0.95,2.40,4.88,2.26,4.29,0.00,80.00,3.00
334729,355.82,-1.30,-1.90,0.66,0.93,2.40,4.84,2.23,4.29,0.00,80.00,3.00
334758,355.75,-1.30,-1.91,0.71,0.94,2.40,4.95,2.23,4.31,0.00,80.00,3.00
334787,355.76,-1.29,-1.91,0.74,0.96,2.44,4.98,2.25,4.35,0.00,80.00,3.00
334819,355.72,-1.29,-1.90,0.78,0.98,2.40,5.06,2.28,4.30,0.00,80.00,3.00
334848,355.71,-1.29,-1.90,0.72,0.98,2.38,5.00,2.27,4.28,0.00,80.00,3.00
334877,355.75,-1.29,-1.91,0.75,0.90,2.36,5.00,2.19,4.27,0.00,80.00,3.00
334906,355.74,-1.29,-1.91,0.77,0.84,2.49,5.03,2.12,4.41,0.00,80.00,3.00
334935,355.79,-1.29,-1.91,0.69,0.87,2.44,4.90,2.15,4.35,0.00,80.00,3.00
334964,355.75,-1.28,-1.91,0.69,0.85,2.35,4.94,2.13,4.26,0.00,80.00,3.00
334993,355.77,-1.28,-1.90,0.67,0.83,2.38,4.89,2.11,4.28,0.00,80.00,3.00
335025,355.80,-1.28,-1.89,0.67,0.84,2.33,4.87,2.12,4.22,0.00,80.00,3.00
335068,355.74,-1.28,-1.88,0.73,0.87,2.30,4.99,2.15,4.18,0.00,80.00,3.00
335097,355.76,-1.28,-1.90,0.76,0.91,2.19,5.00,2.19,4.09,0.00,80.00,3.00
335126,355.75,-1.28,-1.89,0.85,0.85,2.24,5.09,2.13,4.14,0.00,80.00,3.00
335155,355.71,-1.28,-1.89,0.80,0.86,2.30,5.09,2.14,4.19,0.00,80.00,3.00
335185,355.72,-1.28,-1.88,0.90,0.87,2.30,5.18,2.15,4.18,0.00,80.00,3.00
335214,355.74,-1.29,-1.86,0.91,0.88,2.33,5.17,2.17,4.20,0.00,80.00,3.00
335245,355.77,-1.29,-1.85,0.87,0.85,2.38,5.10,2.14,4.23,0.00,80.00,3.00
335274,355.78,-1.29,-1.83,0.85,0.83,2.38,5.07,2.12,4.21,0.00,80.00,3.00
335303,355.80,-1.30,-1.80,0.71,0.82,2.39,4.92,2.11,4.20,0.00,80.00,3.00
335332,355.84,-1.31,-1.78,0.65,0.78,2.40,4.81,2.09,4.18,0.00,80.00,3.00
335361,355.86,-1.31,-1.77,0.63,0.80,2.40,4.77,2.11,4.17,0.00,80.00,3.00
335390,355.84,-1.31,-1.79,0.61,0.91,2.42,4.77,2.21,4.20,0.00,80.00,3.00
335419,355.92,-1.31,-1.79,0.59,0.95,2.43,4.67,2.26,4.22,0.00,80.00,3.00
335450,355.90,-1.30,-1.80,0.72,0.96,2.44,4.82,2.27,4.24,0.00,80.00,3.00
335479,355.91,-1.31,-1.82,0.79,0.97,2.36,4.88,2.27,4.17,0.00,80.00,3.00
335508,355.98,-1.31,-1.82,0.83,0.98,2.35,4.84,2.29,4.17,0.00,80.00,3.00
335553,355.96,-1.30,-1.82,0.85,0.97,2.34,4.88,2.27,4.16,0.00,80.00,3.00
335582,355.90,-1.30,-1.82,0.87,0.89,2.32,4.96,2.19,4.14,0.00,80.00,3.00
335611,355.86,-1.29,-1.81,0.90,0.92,2.27,5.04,2.21,4.08,0.00,80.00,3.00
335640,355.87,-1.30,-1.81,0.85,0.98,2.26,4.98,2.28,4.07,0.00,80.00,3.00
335672,355.85,-1.30,-1.80,0.78,0.96,2.37,4.92,2.26,4.18,0.00,80.00,3.00
335701,355.83,-1.30,-1.80,0.84,0.93,2.38,5.02,2.23,4.18,0.00,80.00,3.00
335730,355.94,-1.29,-1.80,0.83,0.92,2.38,4.89,2.21,4.18,0.00,80.00,3.00
335760,355.92,-1.30,-1.80,0.91,0.96,2.42,4.99,2.26,4.23,0.00,80.00,3.00
335789,355.95,-1.29,-1.81,0.93,0.94,2.47,4.98,2.23,4.27,0.00,80.00,3.00
335818,355.97,-1.29,-1.81,0.93,0.92,2.39,4.96,2.20,4.20,0.00,80.00,3.00
335847,356.01,-1.27,-1.82,0.85,0.95,2.43,4.85,2.22,4.25,0.00,80.00,3.00
335880,355.95,-1.28,-1.86,0.85,0.90,2.38,4.90,2.18,4.24,0.00,80.00,3.00
335917,355.90,-1.28,-1.89,0.78,0.90,2.35,4.88,2.18,4.24,0.00,80.00,3.00
335946,355.82,-1.29,-1.93,0.80,0.84,2.40,4.98,2.12,4.33,0.00,80.00,3.00
335976,355.72,-1.28,-1.95,0.77,0.82,2.36,5.05,2.10,4.32,0.00,80.00,3.00
336005,355.68,-1.28,-1.97,0.74,0.80,2.39,5.06,2.08,4.35,0.00,80.00,3.00
336034,355.64,-1.29,-1.97,0.71,0.80,2.32,5.07,2.09,4.29,0.00,80.00,3.00
336063,355.57,-1.29,-1.96,0.69,0.83,2.36,5.12,2.12,4.32,0.00,80.00,3.00
336096,355.54,-1.29,-1.99,0.74,0.88,2.26,5.20,2.17,4.25,0.00,80.00,3.00
336125,355.53,-1.28,-2.01,0.75,0.90,2.21,5.21,2.18,4.22,0.00,80.00,3.00
336154,355.53,-1.29,-2.03,0.82,0.97,2.17,5.29,2.26,4.20,0.00,80.00,3.00
336184,355.59,-1.29,-2.04,0.95,0.95,2.26,5.36,2.24,4.30,0.00,80.00,3.00
336213,355.66,-1.29,-2.03,0.97,0.94,2.26,5.32,2.23,4.29,0.00,80.00,3.00
336242,355.65,-1.30,-2.03,0.95,0.92,2.17,5.29,2.22,4.20,0.00,80.00,3.00
336271,355.72,-1.30,-2.02,0.88,0.90,2.22,5.16,2.20,4.24,0.00,80.00,3.00
336303,355.71,-1.30,-2.02,0.78,0.84,2.34,5.07,2.15,4.36,0.00,80.00,3.00
336347,355.74,-1.31,-2.04,0.76,0.81,2.39,5.03,2.12,4.43,0.00,80.00,3.00
336376,355.70,-1.31,-2.05,0.70,0.80,2.28,5.00,2.11,4.33,0.00,80.00,3.00
336405,355.66,-1.30,-2.06,0.63,0.80,2.31,4.97,2.10,4.37,0.00,80.00,3.00
336434,355.68,-1.30,-2.05,0.68,0.86,2.36,5.00,2.16,4.42,0.00,80.00,3.00
336463,355.63,-1.30,-2.06,0.72,0.88,2.37,5.09,2.18,4.43,0.00,80.00,3.00
336493,355.64,-1.30,-2.07,0.77,0.95,2.31,5.13,2.26,4.38,0.00,80.00,3.00
336525,355.60,-1.31,-2.09,0.75,0.96,2.33,5.15,2.27,4.42,0.00,80.00,3.00
336554,355.62,-1.30,-2.11,0.79,1.00,2.31,5.17,2.30,4.42,0.00,80.00,3.00
336583,355.60,-1.30,-2.10,0.85,0.88,2.40,5.25,2.19,4.50,0.00,80.00,3.00
336612,355.61,-1.30,-2.09,0.87,0.88,2.35,5.26,2.18,4.43,0.00,80.00,3.00
336642,355.53,-1.30,-2.08,0.81,0.85,2.35,5.28,2.15,4.43,0.00,80.00,3.00
336671,355.49,-1.30,-2.09,0.94,0.85,2.36,5.45,2.15,4.45,0.00,80.00,3.00
336700,355.42,-1.30,-2.10,0.99,0.82,2.39,5.57,2.12,4.49,0.00,80.00,3.00
336732,355.41,-1.29,-2.11,1.03,0.86,2.42,5.61,2.15,4.53,0.00,80.00,3.00
336761,355.37,-1.29,-2.13,0.95,0.88,2.45,5.58,2.17,4.58,0.00,80.00,3.00
336790,355.32,-1.29,-2.13,0.92,0.87,2.46,5.60,2.16,4.59,0.00,80.00,3.00
336820,355.33,-1.28,-2.12,0.88,0.86,2.46,5.54,2.13,4.58,0.00,80.00,3.00
336865,355.28,-1.27,-2.11,0.83,0.87,2.47,5.55,2.14,4.58,0.00,80.00,3.00
336894,355.25,-1.27,-2.08,0.74,0.88,2.47,5.49,2.15,4.56,0.00,80.00,3.00
336923,355.29,-1.27,-2.06,0.72,0.82,2.44,5.42,2.09,4.50,0.00,80.00,3.00
336955,355.27,-1.28,-2.05,0.71,0.80,2.39,5.44,2.08,4.44,0.00,80.00,3.00
336984,355.24,-1.28,-2.04,0.64,0.82,2.38,5.39,2.09,4.42,0.00,80.00,3.00
337013,355.21,-1.29,-2.05,0.67,0.80,2.36,5.46,2.09,4.41,0.00,80.00,3.00
337043,355.15,-1.30,-2.08,0.66,0.84,2.30,5.51,2.13,4.38,0.00,80.00,3.00
337072,355.12,-1.30,-2.10,0.75,0.89,2.29,5.64,2.19,4.39,0.00,80.00,3.00
337101,355.09,-1.30,-2.12,0.73,0.92,2.33,5.64,2.22,4.45,0.00,80.00,3.00
337130,355.15,-1.30,-2.10,0.71,0.95,2.30,5.57,2.25,4.40,0.00,80.00,3.00
337162,355.17,-1.31,-2.08,0.72,0.98,2.29,5.55,2.29,4.37,0.00,80.00,3.00
337192,355.17,-1.31,-2.05,0.73,0.99,2.29,5.56,2.29,4.34,0.00,80.00,3.00
337221,355.16,-1.31,-2.02,0.73,0.96,2.28,5.57,2.27,4.30,0.00,80.00,3.00
337250,355.11,-1.32,-2.00,0.72,0.97,2.22,5.61,2.28,4.21,0.00,80.00,3.00
337279,355.11,-1.31,-1.98,0.79,0.97,2.24,5.68,2.27,4.22,0.00,80.00,3.00
337308,355.06,-1.32,-1.98,0.85,0.98,2.25,5.78,2.30,4.22,0.00,80.00,3.00
337337,355.07,-1.31,-1.97,0.81,0.97,2.25,5.75,2.28,4.22,0.00,80.00,3.00
337370,355.06,-1.33,-1.97,0.86,1.07,2.22,5.80,2.40,4.18,0.00,80.00,3.00
337399,355.10,-1.33,-1.94,0.84,1.06,2.25,5.74,2.38,4.19,0.00,80.00,3.00
337428,355.11,-1.32,-1.92,0.85,1.03,2.29,5.74,2.35,4.21,0.00,80.00,3.00
337457,355.17,-1.32,-1.90,0.80,0.92,2.39,5.62,2.24,4.29,0.00,80.00,3.00
337486,355.12,-1.33,-1.86,0.72,0.86,2.43,5.60,2.19,4.29,0.00,80.00,3.00
337516,355.11,-1.33,-1.85,0.65,0.79,2.46,5.54,2.12,4.31,0.00,80.00,3.00
337545,355.17,-1.33,-1.85,0.64,0.70,2.53,5.47,2.02,4.38,0.00,80.00,3.00
337599,355.15,-1.34,-1.86,0.60,0.71,2.50,5.45,2.05,4.36,0.00,80.00,3.00
337628,355.18,-1.34,-1.86,0.63,0.75,2.48,5.44,2.09,4.34,0.00,80.00,3.00
337657,355.25,-1.34,-1.85,0.61,0.79,2.33,5.36,2.13,4.19,0.00,80.00,3.00
337686,355.17,-1.34,-1.85,0.63,0.84,2.33,5.46,2.17,4.18,0.00,80.00,3.00
337716,355.17,-1.34,-1.86,0.68,0.88,2.38,5.51,2.21,4.23,0.00,80.00,3.00
337745,355.18,-1.33,-1.86,0.70,0.90,2.44,5.52,2.23,4.29,0.00,80.00,3.00
337774,355.18,-1.31,-1.82,0.78,0.92,2.40,5.60,2.23,4.22,0.00,80.00,3.00
337806,355.12,-1.31,-1.74,0.78,0.96,2.36,5.67,2.27,4.10,0.00,80.00,3.00
337835,355.16,-1.31,-1.72,0.85,1.00,2.42,5.68,2.31,4.13,0.00,80.00,3.00
337864,355.16,-1.31,-1.70,0.88,0.95,2.40,5.72,2.25,4.10,0.00,80.00,3.00
337893,355.19,-1.31,-1.71,0.78,0.95,2.37,5.60,2.26,4.08,0.00,80.00,3.00
337922,355.13,-1.31,-1.73,0.58,0.93,2.34,5.45,2.24,4.07,0.00,80.00,3.00
337952,355.12,-1.30,-1.75,0.61,0.88,2.40,5.49,2.18,4.16,0.00,80.00,3.00
337981,355.12,-1.30,-1.76,0.60,0.82,2.42,5.48,2.11,4.18,0.00,80.00,3.00
338013,355.10,-1.30,-1.78,0.63,0.78,2.44,5.54,2.08,4.21,0.00,80.00,3.00
338042,355.15,-1.30,-1.77,0.66,0.55,2.67,5.51,1.85,4.44,0.00,80.00,3.00
338071,355.12,-1.30,-1.77,0.80,0.45,2.75,5.68,1.75,4.52,0.00,80.00,3.00
338100,355.19,-1.31,-1.77,0.76,0.61,2.56,5.57,1.92,4.34,0.00,80.00,3.00
338129,355.24,-1.31,-1.77,0.73,0.63,2.58,5.49,1.94,4.35,0.00,80.00,3.00
338175,355.31,-1.31,-1.77,0.69,0.61,2.62,5.37,1.92,4.38,0.00,80.00,3.00
338204,355.39,-1.31,-1.77,0.65,0.71,2.51,5.26,2.03,4.28,0.00,80.00,3.00
338236,355.48,-1.31,-1.76,0.67,0.98,2.28,5.19,2.30,4.04,0.00,80.00,3.00
338265,355.44,-1.32,-1.76,0.84,0.94,2.31,5.39,2.26,4.07,0.00,80.00,3.00
338294,355.48,-1.31,-1.76,0.89,0.85,2.41,5.41,2.16,4.17,0.00,80.00,3.00
338323,355.56,-1.32,-1.76,0.89,0.89,2.36,5.33,2.20,4.12,0.00,80.00,3.00
338352,355.56,-1.32,-1.76,0.92,0.92,2.32,5.37,2.24,4.08,0.00,80.00,3.00
338382,355.55,-1.32,-1.76,0.90,0.93,2.29,5.35,2.24,4.05,0.00,80.00,3.00
338411,355.51,-1.32,-1.76,0.84,0.94,2.31,5.33,2.26,4.07,0.00,80.00,3.00
338443,355.50,-1.32,-1.75,0.75,0.94,2.31,5.25,2.25,4.07,0.00,80.00,3.00
338472,355.45,-1.32,-1.76,0.68,0.91,2.31,5.23,2.24,4.07,0.00,80.00,3.00
338501,355.46,-1.33,-1.77,0.61,0.93,2.23,5.15,2.27,3.99,0.00,80.00,3.00
338530,355.45,-1.32,-1.77,0.65,0.93,2.21,5.20,2.25,3.97,0.00,80.00,3.00
338559,355.49,-1.32,-1.73,0.61,0.96,2.19,5.12,2.28,3.92,0.00,80.00,3.00
338589,355.52,-1.32,-1.72,0.59,0.90,2.23,5.06,2.22,3.94,0.00,80.00,3.00
338618,355.52,-1.32,-1.70,0.55,0.91,2.28,5.02,2.23,3.98,0.00,80.00,3.00
338650,355.52,-1.32,-1.71,0.63,0.88,2.28,5.11,2.20,3.99,0.00,80.00,3.00
338679,355.47,-1.31,-1.72,0.61,0.94,2.35,5.14,2.25,4.07,0.00,80.00,3.00
338708,355.40,-1.31,-1.74,0.56,0.94,2.38,5.16,2.25,4.12,0.00,80.00,3.00
338737,355.36,-1.31,-1.76,0.70,0.88,2.38,5.34,2.19,4.14,0.00,80.00,3.00
338766,355.36,-1.31,-1.77,0.68,0.91,2.35,5.32,2.22,4.13,0.00,80.00,3.00
338796,355.35,-1.32,-1.79,0.74,0.89,2.35,5.39,2.21,4.14,0.00,80.00,3.00
338825,355.33,-1.31,-1.81,0.69,0.88,2.37,5.36,2.20,4.18,0.00,80.00,3.00
338871,355.38,-1.32,-1.81,0.66,0.86,2.48,5.29,2.17,4.29,0.00,80.00,3.00
338901,355.33,-1.32,-1.80,0.82,0.86,2.51,5.48,2.18,4.31,0.00,80.00,3.00
338930,355.26,-1.32,-1.80,0.73,0.89,2.45,5.46,2.21,4.25,0.00,80.00,3.00
338959,355.19,-1.31,-1.81,0.70,0.88,2.42,5.51,2.19,4.23,0.00,80.00,3.00
338988,355.24,-1.30,-1.82,0.71,0.86,2.42,5.48,2.16,4.25,0.00,80.00,3.00
339017,355.32,-1.29,-1.85,0.78,0.87,2.38,5.46,2.16,4.23,0.00,80.00,3.00
339046,355.34,-1.29,-1.86,0.75,0.90,2.33,5.41,2.19,4.19,0.00,80.00,3.00
339079,355.31,-1.29,-1.88,0.67,0.94,2.29,5.36,2.23,4.17,0.00,80.00,3.00
339108,355.33,-1.28,-1.91,0.63,0.93,2.30,5.30,2.21,4.20,0.00,80.00,3.00
339137,355.29,-1.28,-1.93,0.67,0.95,2.24,5.38,2.23,4.17,0.00,80.00,3.00
339166,355.27,-1.27,-1.95,0.68,0.96,2.23,5.41,2.23,4.18,0.00,80.00,3.00
339195,355.28,-1.28,-1.96,0.73,0.91,2.25,5.45,2.20,4.21,0.00,80.00,3.00
339233,355.25,-1.29,-1.97,0.81,0.89,2.27,5.56,2.17,4.24,0.00,80.00,3.00
339262,355.23,-1.29,-1.97,0.87,0.93,2.29,5.64,2.22,4.25,0.00,80.00,3.00
339295,355.22,-1.30,-2.00,0.92,0.95,2.32,5.70,2.26,4.32,0.00,80.00,3.00
339324,355.27,-1.30,-2.06,0.95,0.91,2.49,5.69,2.21,4.54,0.00,80.00,3.00
339353,355.26,-1.31,-2.07,0.84,0.84,2.55,5.58,2.15,4.61,0.00,80.00,3.00
339382,355.27,-1.31,-2.07,0.75,0.92,2.32,5.48,2.23,4.38,0.00,80.00,3.00
339411,355.30,-1.31,-2.05,0.77,0.90,2.37,5.47,2.21,4.42,0.00,80.00,3.00
339440,355.36,-1.32,-2.03,0.79,0.92,2.50,5.42,2.24,4.53,0.00,80.00,3.00
339485,355.42,-1.33,-2.02,0.70,0.97,2.39,5.28,2.29,4.41,0.00,80.00,3.00
339518,355.43,-1.33,-2.01,0.68,1.07,2.18,5.25,2.40,4.18,0.00,80.00,3.00
339547,355.44,-1.33,-1.99,0.78,1.02,2.27,5.34,2.34,4.26,0.00,80.00,3.00
339576,355.44,-1.33,-1.98,0.85,0.90,2.43,5.42,2.23,4.41,0.00,80.00,3.00
339605,355.35,-1.33,-1.97,0.84,0.89,2.36,5.48,2.22,4.33,0.00,80.00,3.00
339634,355.30,-1.33,-1.97,0.86,0.87,2.34,5.55,2.19,4.31,0.00,80.00,3.00
339663,355.21,-1.33,-1.97,0.75,0.81,2.37,5.54,2.13,4.34,0.00,80.00,3.00
339693,355.25,-1.32,-1.97,0.79,0.76,2.35,5.54,2.08,4.32,0.00,80.00,3.00
339725,355.20,-1.33,-1.98,0.75,0.85,2.29,5.55,2.18,4.26,0.00,80.00,3.00
339754,355.21,-1.33,-1.98,0.68,0.88,2.23,5.47,2.21,4.21,0.00,80.00,3.00
339783,355.23,-1.33,-1.99,0.69,0.90,2.29,5.46,2.22,4.28,0.00,80.00,3.00
339812,355.21,-1.33,-2.00,0.83,0.91,2.42,5.62,2.24,4.41,0.00,80.00,3.00
339841,355.22,-1.34,-1.99,0.79,0.99,2.49,5.57,2.32,4.48,0.00,80.00,3.00
339870,355.25,-1.34,-1.99,0.76,0.96,2.59,5.51,2.30,4.58,0.00,80.00,3.00
339900,355.27,-1.34,-1.98,0.83,0.95,2.62,5.55,2.29,4.61,0.00,80.00,3.00
339932,355.31,-1.35,-1.99,0.80,0.95,2.60,5.49,2.30,4.59,0.00,80.00,3.00
339961,355.30,-1.34,-2.02,0.83,1.00,2.59,5.53,2.34,4.60,0.00,80.00,3.00
339990,355.34,-1.34,-2.02,0.73,0.92,2.46,5.38,2.26,4.48,0.00,80.00,3.00
340019,355.37,-1.33,-2.02,0.78,0.86,2.44,5.41,2.19,4.45,0.00,80.00,3.00
340048,355.34,-1.33,-2.01,0.79,0.84,2.39,5.44,2.18,4.40,0.00,80.00,3.00
340077,355.35,-1.32,-2.02,0.75,0.80,2.42,5.41,2.13,4.44,0.00,80.00,3.00
340120,355.32,-1.32,-2.02,0.74,0.82,2.47,5.42,2.14,4.49,0.00,80.00,3.00
340152,355.35,-1.32,-2.01,0.71,0.80,2.40,5.35,2.13,4.41,0.00,80.00,3.00
340181,355.34,-1.32,-2.00,0.77,0.86,2.45,5.43,2.18,4.45,0.00,80.00,3.00
340210,355.31,-1.33,-2.01,0.77,0.86,2.38,5.46,2.19,4.38,0.00,80.00,3.00
340239,355.34,-1.33,-2.02,0.83,0.89,2.39,5.50,2.22,4.41,0.00,80.00,3.00
340268,355.38,-1.32,-2.05,0.87,0.96,2.35,5.49,2.28,4.40,0.00,80.00,3.00
340297,355.32,-1.31,-2.06,0.83,0.91,2.37,5.51,2.22,4.43,0.00,80.00,3.00
340326,355.38,-1.31,-2.05,0.84,0.91,2.42,5.46,2.22,4.48,0.00,80.00,3.00
340359,355.44,-1.31,-2.06,0.75,0.84,2.46,5.31,2.15,4.51,0.00,80.00,3.00
340388,355.42,-1.30,-2.06,0.55,0.89,2.41,5.13,2.19,4.46,0.00,80.00,3.00
340417,355.46,-1.30,-2.05,0.50,0.89,2.38,5.04,2.19,4.43,0.00,80.00,3.00
340446,355.49,-1.30,-2.03,0.53,0.94,2.34,5.04,2.24,4.36,0.00,80.00,3.00
340475,355.56,-1.29,-1.99,0.48,1.00,2.30,4.92,2.29,4.29,0.00,80.00,3.00
340504,355.49,-1.30,-1.98,0.52,1.04,2.30,5.04,2.34,4.29,0.00,80.00,3.00
340533,355.44,-1.30,-1.98,0.70,1.06,2.30,5.26,2.36,4.28,0.00,80.00,3.00
340565,355.47,-1.29,-1.99,0.78,1.03,2.35,5.31,2.33,4.34,0.00,80.00,3.00
340594,355.47,-1.29,-1.97,0.79,1.00,2.36,5.32,2.29,4.33,0.00,80.00,3.00
340623,355.53,-1.30,-1.96,0.77,0.92,2.38,5.24,2.22,4.34,0.00,80.00,3.00
340652,355.57,-1.30,-1.95,0.83,0.87,2.37,5.26,2.17,4.31,0.00,80.00,3.00
340682,355.54,-1.30,-1.94,0.88,0.86,2.39,5.35,2.16,4.33,0.00,80.00,3.00
340711,355.53,-1.30,-1.93,0.75,0.87,2.38,5.23,2.16,4.30,0.00,80.00,3.00
340740,355.53,-1.30,-1.91,0.76,0.90,2.34,5.23,2.20,4.25,0.00,80.00,3.00
340788,355.56,-1.30,-1.92,0.78,0.91,2.34,5.22,2.21,4.26,0.00,80.00,3.00
340817,355.55,-1.30,-1.92,0.77,0.92,2.32,5.22,2.23,4.25,0.00,80.00,3.00
340846,355.52,-1.30,-1.94,0.70,1.00,2.33,5.17,2.30,4.27,0.00,80.00,3.00
340883,355.42,-1.30,-1.94,0.67,1.01,2.27,5.25,2.31,4.21,0.00,80.00,3.00
340912,355.39,-1.30,-1.95,0.66,0.99,2.26,5.27,2.29,4.21,0.00,80.00,3.00
340941,355.38,-1.29,-1.96,0.73,0.92,2.32,5.36,2.22,4.27,0.00,80.00,3.00
340971,355.37,-1.30,-1.95,0.78,0.95,2.37,5.41,2.25,4.32,0.00,80.00,3.00
341003,355.32,-1.29,-1.94,0.79,0.93,2.30,5.47,2.23,4.23,0.00,80.00,3.00
341032,355.32,-1.29,-1.93,0.73,0.88,2.19,5.41,2.17,4.11,0.00,80.00,3.00
341061,355.37,-1.30,-1.92,0.80,0.85,2.22,5.43,2.15,4.14,0.00,80.00,3.00
341090,355.41,-1.29,-1.92,0.68,0.88,2.16,5.27,2.17,4.08,0.00,80.00,3.00
341119,355.52,-1.29,-1.93,0.59,0.88,2.12,5.07,2.18,4.04,0.00,80.00,3.00
341148,355.53,-1.29,-1.93,0.57,0.88,2.20,5.04,2.17,4.13,0.00,80.00,3.00
341177,355.56,-1.29,-1.95,0.64,0.99,2.35,5.07,2.28,4.30,0.00,80.00,3.00
341209,355.53,-1.29,-1.96,0.62,1.00,2.36,5.09,2.29,4.32,0.00,80.00,3.00
341238,355.51,-1.29,-1.96,0.64,0.98,2.39,5.13,2.26,4.35,0.00,80.00,3.00
341267,355.45,-1.28,-1.96,0.67,0.90,2.40,5.23,2.18,4.35,0.00,80.00,3.00
341296,355.43,-1.28,-1.94,0.66,0.92,2.43,5.23,2.20,4.37,0.00,80.00,3.00
341325,355.45,-1.28,-1.93,0.60,0.80,2.33,5.15,2.08,4.26,0.00,80.00,3.00
341369,355.42,-1.27,-1.93,0.57,0.74,2.33,5.15,2.01,4.27,0.00,80.00,3.00
341398,355.42,-1.28,-1.94,0.54,0.75,2.24,5.13,2.03,4.18,0.00,80.00,3.00
341430,355.36,-1.28,-1.94,0.56,0.82,2.28,5.20,2.10,4.22,0.00,80.00,3.00
341459,355.39,-1.28,-1.94,0.54,0.90,2.27,5.15,2.18,4.21,0.00,80.00,3.00
341488,355.30,-1.29,-1.93,0.56,0.90,2.36,5.25,2.19,4.29,0.00,80.00,3.00
341517,355.27,-1.29,-1.92,0.69,0.97,2.36,5.42,2.26,4.28,0.00,80.00,3.00
341546,355.31,-1.29,-1.92,0.77,0.99,2.39,5.46,2.28,4.31,0.00,80.00,3.00
341575,355.28,-1.29,-1.92,0.90,1.05,2.41,5.62,2.34,4.33,0.00,80.00,3.00
341604,355.27,-1.30,-1.91,0.94,1.01,2.46,5.66,2.31,4.38,0.00,80.00,3.00
341636,355.27,-1.29,-1.92,1.00,0.96,2.41,5.73,2.25,4.33,0.00,80.00,3.00
341665,355.18,-1.30,-1.93,0.95,0.95,2.38,5.78,2.25,4.32,0.00,80.00,3.00
341695,355.19,-1.30,-1.95,0.84,0.96,2.41,5.65,2.26,4.36,0.00,80.00,3.00
341724,355.23,-1.30,-1.96,0.71,0.88,2.40,5.48,2.19,4.37,0.00,80.00,3.00
341753,355.25,-1.30,-1.96,0.58,0.91,2.34,5.34,2.21,4.30,0.00,80.00,3.00
341782,355.21,-1.30,-1.96,0.62,0.92,2.37,5.40,2.23,4.33,0.00,80.00,3.00
341811,355.30,-1.31,-1.94,0.55,0.99,2.39,5.25,2.30,4.33,0.00,80.00,3.00
341843,355.32,-1.31,-1.94,0.50,1.05,2.37,5.18,2.36,4.31,0.00,80.00,3.00
341872,355.21,-1.31,-1.93,0.55,1.00,2.35,5.34,2.31,4.28,0.00,80.00,3.00
341901,355.23,-1.31,-1.93,0.49,1.03,2.31,5.27,2.33,4.24,0.00,80.00,3.00
341930,355.22,-1.31,-1.94,0.53,0.98,2.31,5.31,2.29,4.24,0.00,80.00,3.00
341959,355.27,-1.31,-1.94,0.50,0.98,2.22,5.23,2.29,4.16,0.00,80.00,3.00
341989,355.25,-1.31,-1.96,0.63,0.93,2.15,5.37,2.24,4.11,0.00,80.00,3.00
342018,355.33,-1.32,-1.97,0.74,0.91,2.26,5.41,2.23,4.23,0.00,80.00,3.00
342050,355.30,-1.33,-1.98,0.79,0.91,2.30,5.49,2.24,4.28,0.00,80.00,3.00
342095,355.26,-1.33,-1.97,0.82,0.93,2.35,5.56,2.26,4.32,0.00,80.00,3.00
342123,355.20,-1.33,-1.96,0.92,0.95,2.41,5.72,2.28,4.37,0.00,80.00,3.00
342152,355.14,-1.33,-1.94,1.00,0.93,2.47,5.86,2.26,4.41,0.00,80.00,3.00
342181,355.09,-1.34,-1.94,0.98,0.89,2.49,5.89,2.23,4.43,0.00,80.00,3.00
342210,355.14,-1.34,-1.93,0.83,0.89,2.48,5.69,2.23,4.41,0.00,80.00,3.00
342239,355.14,-1.33,-1.94,0.87,0.83,2.48,5.73,2.17,4.42,0.00,80.00,3.00
342276,355.11,-1.33,-1.95,0.86,0.78,2.44,5.75,2.10,4.39,0.00,80.00,3.00
342305,355.09,-1.32,-1.95,0.80,0.78,2.43,5.72,2.10,4.38,0.00,80.00,3.00
342334,355.10,-1.32,-1.96,0.78,0.75,2.39,5.69,2.08,4.35,0.00,80.00,3.00
342363,355.06,-1.33,-1.96,0.83,0.77,2.37,5.77,2.10,4.33,0.00,80.00,3.00
342392,355.15,-1.32,-1.97,0.79,0.78,2.32,5.65,2.10,4.29,0.00,80.00,3.00
342421,355.12,-1.32,-1.96,0.75,0.84,2.30,5.63,2.16,4.27,0.00,80.00,3.00
342449,355.05,-1.32,-1.95,0.78,0.85,2.30,5.73,2.17,4.24,0.00,80.00,3.00
342490,355.07,-1.32,-1.94,0.82,0.88,2.28,5.76,2.20,4.22,0.00,80.00,3.00
342519,355.05,-1.32,-1.95,0.88,0.87,2.20,5.83,2.19,4.15,0.00,80.00,3.00
342548,355.01,-1.32,-1.95,0.94,0.92,2.14,5.93,2.23,4.09,0.00,80.00,3.00
342578,355.03,-1.31,-1.96,0.95,0.92,2.16,5.92,2.22,4.12,0.00,80.00,3.00
342621,355.00,-1.31,-1.96,0.95,0.91,2.16,5.95,2.22,4.11,0.00,80.00,3.00
342650,354.95,-1.31,-1.95,0.85,0.92,2.12,5.90,2.24,4.07,0.00,80.00,3.00
342680,354.94,-1.31,-1.95,0.81,0.85,2.22,5.87,2.17,4.17,0.00,80.00,3.00
342712,354.86,-1.31,-1.95,0.64,0.84,2.30,5.78,2.16,4.25,0.00,80.00,3.00
342741,354.92,-1.32,-1.93,0.62,0.80,2.39,5.70,2.12,4.32,0.00,80.00,3.00
342770,354.91,-1.32,-1.93,0.64,0.84,2.40,5.73,2.16,4.32,0.00,80.00,3.00
342799,354.95,-1.31,-1.93,0.68,0.85,2.41,5.73,2.16,4.34,0.00,80.00,3.00
342829,355.02,-1.32,-1.93,0.67,0.93,2.36,5.65,2.25,4.30,0.00,80.00,3.00
342858,354.93,-1.32,-1.94,0.68,0.96,2.33,5.75,2.29,4.27,0.00,80.00,3.00
342887,354.92,-1.33,-1.93,0.71,1.02,2.36,5.79,2.35,4.28,0.00,80.00,3.00
342919,354.88,-1.32,-1.92,0.68,1.03,2.38,5.80,2.35,4.30,0.00,80.00,3.00
342948,354.90,-1.32,-1.94,0.72,1.01,2.37,5.82,2.33,4.31,0.00,80.00,3.00
342978,354.84,-1.31,-1.94,0.72,0.94,2.39,5.88,2.25,4.34,0.00,80.00,3.00
343007,354.91,-1.30,-1.96,0.75,0.93,2.46,5.84,2.23,4.41,0.00,80.00,3.00
343036,354.91,-1.31,-1.95,0.73,0.92,2.44,5.82,2.23,4.40,0.00,80.00,3.00
343065,354.86,-1.31,-1.94,0.72,0.89,2.42,5.86,2.20,4.36,0.00,80.00,3.00
343094,354.95,-1.31,-1.96,0.68,0.88,2.44,5.72,2.19,4.40,0.00,80.00,3.00
343126,354.94,-1.31,-1.99,0.67,0.87,2.42,5.73,2.18,4.41,0.00,80.00,3.00
343156,354.89,-1.31,-2.02,0.73,0.89,2.44,5.83,2.20,4.46,0.00,80.00,3.00
343185,354.97,-1.31,-2.03,0.69,0.86,2.40,5.72,2.16,4.43,0.00,80.00,3.00
343214,354.93,-1.31,-2.03,0.61,0.76,2.38,5.68,2.06,4.41,0.00,80.00,3.00
343243,354.91,-1.31,-2.01,0.59,0.76,2.37,5.68,2.07,4.38,0.00,80.00,3.00
343272,354.89,-1.31,-2.00,0.63,0.79,2.46,5.74,2.10,4.45,0.00,80.00,3.00
343302,354.92,-1.31,-1.99,0.62,0.79,2.50,5.70,2.11,4.48,0.00,80.00,3.00
343350,354.86,-1.31,-1.99,0.65,0.79,2.50,5.79,2.11,4.48,0.00,80.00,3.00
343379,354.81,-1.32,-1.99,0.62,0.88,2.41,5.82,2.19,4.40,0.00,80.00,3.00
343408,354.91,-1.32,-1.99,0.76,1.04,2.26,5.85,2.36,4.25,0.00,80.00,3.00
343437,354.90,-1.31,-2.00,0.74,1.03,2.13,5.84,2.35,4.14,0.00,80.00,3.00
343467,354.87,-1.31,-2.01,0.73,0.99,2.15,5.86,2.30,4.16,0.00,80.00,3.00
343496,354.83,-1.31,-2.02,0.67,1.00,2.15,5.84,2.32,4.17,0.00,80.00,3.00
343525,354.83,-1.32,-2.01,0.65,0.97,2.13,5.82,2.29,4.14,0.00,80.00,3.00
343557,354.75,-1.31,-2.01,0.70,0.89,2.21,5.95,2.20,4.22,0.00,80.00,3.00
343586,354.81,-1.30,-2.00,0.68,0.79,2.47,5.87,2.09,4.47,0.00,80.00,3.00
343616,354.82,-1.30,-2.01,0.68,0.81,2.41,5.86,2.11,4.42,0.00,80.00,3.00
343645,354.84,-1.31,-2.01,0.68,0.83,2.39,5.84,2.13,4.40,0.00,80.00,3.00
343674,354.88,-1.31,-2.01,0.68,0.82,2.42,5.79,2.13,4.43,0.00,80.00,3.00
343703,354.88,-1.30,-2.02,0.65,0.81,2.38,5.77,2.11,4.40,0.00,80.00,3.00
343732,354.84,-1.30,-2.02,0.71,0.88,2.25,5.87,2.18,4.27,0.00,80.00,3.00
343765,354.90,-1.30,-2.01,0.68,0.88,2.20,5.77,2.18,4.21,0.00,80.00,3.00
343794,354.91,-1.31,-2.01,0.73,0.90,2.24,5.81,2.21,4.25,0.00,80.00,3.00
343837,354.87,-1.31,-2.01,0.78,0.88,2.27,5.91,2.18,4.28,0.00,80.00,3.00
343867,354.89,-1.31,-2.00,0.73,0.89,2.28,5.84,2.20,4.28,0.00,80.00,3.00
343896,354.93,-1.30,-2.00,0.70,0.91,2.36,5.77,2.21,4.35,0.00,80.00,3.00
343925,354.99,-1.31,-2.00,0.68,0.90,2.41,5.69,2.21,4.41,0.00,80.00,3.00
343954,355.04,-1.31,-2.00,0.64,0.86,2.48,5.59,2.17,4.48,0.00,80.00,3.00
343986,355.06,-1.32,-2.02,0.69,0.83,2.47,5.63,2.15,4.49,0.00,80.00,3.00
344015,355.06,-1.31,-2.02,0.69,0.88,2.40,5.63,2.19,4.42,0.00,80.00,3.00
344045,355.11,-1.31,-2.02,0.67,0.87,2.37,5.56,2.18,4.39,0.00,80.00,3.00
344074,355.17,-1.30,-2.02,0.72,0.87,2.35,5.56,2.17,4.37,0.00,80.00,3.00
344103,355.11,-1.32,-2.01,0.75,0.88,2.40,5.64,2.19,4.41,0.00,80.00,3.00
344132,355.06,-1.32,-2.01,0.73,0.91,2.39,5.67,2.23,4.41,0.00,80.00,3.00
344170,355.13,-1.32,-2.01,0.74,0.86,2.37,5.61,2.18,4.38,0.00,80.00,3.00
344202,355.14,-1.32,-2.00,0.79,0.83,2.34,5.65,2.15,4.34,0.00,80.00,3.00
344231,355.22,-1.32,-2.00,0.81,0.81,2.30,5.59,2.13,4.30,0.00,80.00,3.00
344260,355.12,-1.32,-2.01,0.77,0.83,2.30,5.65,2.15,4.31,0.00,80.00,3.00
344289,355.14,-1.32,-2.01,0.81,0.86,2.25,5.67,2.18,4.27,0.00,80.00,3.00
344318,355.12,-1.31,-2.02,0.77,0.92,2.22,5.65,2.24,4.24,0.00,80.00,3.00
344348,355.12,-1.32,-2.01,0.78,0.96,2.25,5.66,2.28,4.27,0.00,80.00,3.00
344377,355.14,-1.32,-2.00,0.76,1.01,2.35,5.61,2.32,4.35,0.00,80.00,3.00
344409,355.17,-1.32,-2.02,0.74,1.05,2.34,5.57,2.37,4.36,0.00,80.00,3.00
344438,355.22,-1.32,-2.01,0.66,1.08,2.32,5.44,2.40,4.32,0.00,80.00,3.00
344467,355.26,-1.32,-2.00,0.75,1.03,2.32,5.49,2.35,4.32,0.00,80.00,3.00
344496,355.28,-1.32,-1.99,0.65,1.07,2.36,5.37,2.39,4.35,0.00,80.00,3.00
344525,355.30,-1.32,-1.97,0.65,1.02,2.35,5.35,2.34,4.32,0.00,80.00,3.00
344554,355.27,-1.32,-1.97,0.59,1.05,2.33,5.32,2.36,4.31,0.00,80.00,3.00
344584,355.26,-1.32,-1.98,0.65,0.97,2.35,5.40,2.29,4.33,0.00,80.00,3.00
344616,355.22,-1.31,-1.97,0.70,0.95,2.35,5.48,2.26,4.33,0.00,80.00,3.00
344661,355.29,-1.31,-1.95,0.64,0.92,2.33,5.35,2.23,4.28,0.00,80.00,3.00
344690,355.36,-1.31,-1.92,0.61,0.93,2.36,5.25,2.24,4.27,0.00,80.00,3.00
344719,355.38,-1.31,-1.90,0.70,0.97,2.38,5.32,2.28,4.28,0.00,80.00,3.00
344748,355.38,-1.31,-1.90,0.76,0.95,2.42,5.37,2.26,4.32,0.00,80.00,3.00
344777,355.33,-1.31,-1.92,0.70,0.94,2.41,5.37,2.25,4.33,0.00,80.00,3.00
344807,355.39,-1.31,-1.92,0.70,0.87,2.41,5.32,2.18,4.33,0.00,80.00,3.00
344839,355.44,-1.31,-1.92,0.82,0.87,2.44,5.38,2.17,4.36,0.00,80.00,3.00
344868,355.44,-1.31,-1.92,0.77,0.82,2.48,5.33,2.13,4.40,0.00,80.00,3.00
344897,355.44,-1.30,-1.91,0.69,0.76,2.42,5.25,2.06,4.33,0.00,80.00,3.00
344926,355.39,-1.30,-1.91,0.73,0.80,2.45,5.33,2.10,4.35,0.00,80.00,3.00
344955,355.43,-1.30,-1.90,0.74,0.85,2.55,5.30,2.15,4.45,0.00,80.00,3.00
344984,355.48,-1.30,-1.89,0.64,0.90,2.52,5.16,2.20,4.41,0.00,80.00,3.00
345014,355.52,-1.31,-1.89,0.69,0.96,2.49,5.17,2.27,4.37,0.00,80.00,3.00
345060,355.53,-1.30,-1.89,0.73,0.97,2.45,5.20,2.26,4.34,0.00,80.00,3.00
345089,355.58,-1.30,-1.88,0.77,0.96,2.45,5.19,2.26,4.34,0.00,80.00,3.00
345119,355.56,-1.31,-1.88,0.78,0.97,2.36,5.22,2.27,4.24,0.00,80.00,3.00
345148,355.61,-1.32,-1.88,0.82,0.92,2.31,5.21,2.24,4.18,0.00,80.00,3.00
345177,355.65,-1.32,-1.87,0.90,0.87,2.27,5.25,2.19,4.14,0.00,80.00,3.00
345206,355.67,-1.32,-1.87,0.92,0.88,2.26,5.25,2.20,4.14,0.00,80.00,3.00
345235,355.68,-1.32,-1.86,0.93,0.89,2.26,5.25,2.20,4.12,0.00,80.00,3.00
345267,355.69,-1.33,-1.87,0.89,0.84,2.29,5.20,2.17,4.16,0.00,80.00,3.00
345296,355.66,-1.32,-1.87,0.92,0.88,2.30,5.26,2.20,4.17,0.00,80.00,3.00
345325,355.68,-1.32,-1.86,0.81,0.98,2.32,5.12,2.31,4.18,0.00,80.00,3.00
345354,355.68,-1.32,-1.87,0.83,1.00,2.33,5.15,2.32,4.20,0.00,80.00,3.00
345384,355.62,-1.32,-1.87,0.78,0.99,2.39,5.16,2.31,4.26,0.00,80.00,3.00
345413,355.57,-1.32,-1.87,0.77,1.02,2.35,5.20,2.33,4.22,0.00,80.00,3.00
345442,355.49,-1.32,-1.86,0.81,0.97,2.33,5.32,2.29,4.19,0.00,80.00,3.00
345474,355.46,-1.32,-1.85,0.85,0.96,2.35,5.39,2.28,4.21,0.00,80.00,3.00
345503,355.46,-1.30,-1.85,0.90,0.87,2.24,5.43,2.18,4.09,0.00,80.00,3.00
345532,355.41,-1.31,-1.85,0.80,0.81,2.26,5.39,2.12,4.11,0.00,80.00,3.00
345561,355.32,-1.31,-1.85,0.82,0.80,2.26,5.50,2.11,4.11,0.00,80.00,3.00
345591,355.30,-1.32,-1.84,0.87,0.78,2.23,5.57,2.11,4.08,0.00,80.00,3.00
345620,355.22,-1.31,-1.85,0.93,0.79,2.30,5.71,2.10,4.14,0.00,80.00,3.00
345649,355.29,-1.30,-1.85,0.89,0.83,2.42,5.60,2.14,4.26,0.00,80.00,3.00
345681,355.23,-1.30,-1.85,0.97,0.86,2.41,5.74,2.16,4.26,0.00,80.00,3.00
345710,355.25,-1.30,-1.85,0.98,0.87,2.40,5.73,2.17,4.25,0.00,80.00,3.00
345739,355.31,-1.31,-1.85,0.93,0.91,2.45,5.63,2.22,4.30,0.00,80.00,3.00
345768,355.36,-1.30,-1.84,0.83,0.90,2.41,5.48,2.20,4.25,0.00,80.00,3.00
345806,355.39,-1.30,-1.85,0.74,0.89,2.36,5.35,2.19,4.20,0.00,80.00,3.00
345835,355.44,-1.31,-1.86,0.73,0.88,2.31,5.29,2.19,4.16,0.00,80.00,3.00
345864,355.41,-1.30,-1.86,0.68,0.92,2.32,5.27,2.23,4.18,0.00,80.00,3.00
345896,355.42,-1.30,-1.88,0.71,0.95,2.30,5.29,2.26,4.18,0.00,80.00,3.00
345925,355.44,-1.29,-1.88,0.71,1.00,2.25,5.27,2.30,4.13,0.00,80.00,3.00
345971,355.39,-1.29,-1.89,0.81,1.02,2.27,5.42,2.31,4.16,0.00,80.00,3.00
346000,355.35,-1.29,-1.89,0.82,1.02,2.31,5.47,2.31,4.19,0.00,80.00,3.00
346029,355.35,-1.29,-1.88,0.79,1.03,2.30,5.44,2.32,4.18,0.00,80.00,3.00
346058,355.30,-1.29,-1.89,0.81,0.98,2.37,5.51,2.27,4.26,0.00,80.00,3.00
346087,355.33,-1.29,-1.89,0.77,0.94,2.40,5.44,2.23,4.29,0.00,80.00,3.00
346119,355.37,-1.29,-1.89,0.79,0.90,2.41,5.41,2.19,4.30,0.00,80.00,3.00
346148,355.41,-1.30,-1.88,0.82,0.94,2.35,5.41,2.24,4.23,0.00,80.00,3.00
346177,355.36,-1.30,-1.88,0.86,0.91,2.36,5.50,2.22,4.24,0.00,80.00,3.00
346206,355.35,-1.30,-1.88,0.96,0.92,2.36,5.61,2.22,4.24,0.00,80.00,3.00
346235,355.31,-1.30,-1.89,1.05,0.91,2.38,5.74,2.21,4.26,0.00,80.00,3.00
346264,355.30,-1.30,-1.88,0.98,0.85,2.39,5.68,2.16,4.27,0.00,80.00,3.00
346308,355.32,-1.30,-1.87,0.91,0.79,2.45,5.59,2.09,4.33,0.00,80.00,3.00
346340,355.23,-1.31,-1.88,0.84,0.81,2.45,5.60,2.12,4.33,0.00,80.00,3.00
346369,355.22,-1.30,-1.87,0.78,0.83,2.45,5.56,2.14,4.32,0.00,80.00,3.00
346398,355.23,-1.30,-1.88,0.69,0.85,2.45,5.46,2.16,4.32,0.00,80.00,3.00
346427,355.19,-1.31,-1.86,0.79,0.84,2.41,5.60,2.15,4.27,0.00,80.00,3.00
346456,355.21,-1.31,-1.87,0.78,0.85,2.33,5.57,2.16,4.20,0.00,80.00,3.00
346485,355.14,-1.31,-1.88,0.84,0.87,2.27,5.70,2.18,4.15,0.00,80.00,3.00
346515,355.08,-1.31,-1.89,0.94,0.88,2.27,5.86,2.19,4.17,0.00,80.00,3.00
346546,355.03,-1.31,-1.90,0.91,0.86,2.21,5.88,2.17,4.11,0.00,80.00,3.00
346576,355.04,-1.32,-1.90,0.86,0.88,2.12,5.82,2.20,4.02,0.00,80.00,3.00
346605,355.00,-1.31,-1.91,0.91,0.94,2.20,5.91,2.25,4.11,0.00,80.00,3.00
346634,354.99,-1.31,-1.90,0.83,0.92,2.20,5.83,2.22,4.10,0.00,80.00,3.00
346663,354.92,-1.30,-1.89,0.72,0.94,2.20,5.79,2.24,4.09,0.00,80.00,3.00
346692,354.92,-1.30,-1.90,0.68,0.92,2.26,5.76,2.22,4.16,0.00,80.00,3.00
346721,354.87,-1.31,-1.90,0.59,0.93,2.31,5.72,2.24,4.21,0.00,80.00,3.00
346753,354.87,-1.30,-1.90,0.46,0.97,2.34,5.59,2.27,4.24,0.00,80.00,3.00
346782,354.85,-1.30,-1.90,0.44,0.91,2.32,5.59,2.22,4.21,0.00,80.00,3.00
346811,354.88,-1.31,-1.90,0.50,0.88,2.41,5.61,2.19,4.31,0.00,80.00,3.00
346841,354.86,-1.30,-1.90,0.55,0.87,2.37,5.69,2.17,4.27,0.00,80.00,3.00
346870,354.86,-1.31,-1.89,0.57,0.84,2.35,5.71,2.14,4.24,0.00,80.00,3.00
346899,354.95,-1.31,-1.88,0.61,0.83,2.38,5.66,2.14,4.26,0.00,80.00,3.00
346928,354.96,-1.30,-1.89,0.69,0.88,2.39,5.73,2.18,4.28,0.00,80.00,3.00
346960,355.00,-1.31,-1.90,0.74,0.91,2.35,5.74,2.22,4.25,0.00,80.00,3.00
346989,355.06,-1.30,-1.91,0.75,0.89,2.35,5.69,2.19,4.25,0.00,80.00,3.00
347018,355.06,-1.31,-1.90,0.82,0.90,2.42,5.76,2.21,4.32,0.00,80.00,3.00
347047,355.08,-1.31,-1.91,0.84,0.91,2.42,5.76,2.22,4.33,0.00,80.00,3.00
347076,355.16,-1.30,-1.90,0.81,0.85,2.41,5.65,2.16,4.31,0.00,80.00,3.00
347106,355.20,-1.30,-1.90,0.69,0.84,2.45,5.49,2.15,4.35,0.00,80.00,3.00
347135,355.26,-1.31,-1.90,0.63,0.83,2.55,5.37,2.14,4.45,0.00,80.00,3.00
347167,355.19,-1.30,-1.91,0.52,0.86,2.52,5.33,2.16,4.43,0.00,80.00,3.00
347196,355.19,-1.30,-1.91,0.48,0.86,2.44,5.28,2.16,4.35,0.00,80.00,3.00
347225,355.17,-1.30,-1.92,0.55,0.84,2.47,5.39,2.13,4.39,0.00,80.00,3.00
347270,355.05,-1.29,-1.92,0.61,0.87,2.50,5.57,2.16,4.42,0.00,80.00,3.00
347299,355.08,-1.29,-1.92,0.67,0.91,2.37,5.59,2.20,4.28,0.00,80.00,3.00
347328,355.06,-1.30,-1.90,0.77,0.93,2.31,5.71,2.23,4.21,0.00,80.00,3.00
347357,354.98,-1.30,-1.89,0.82,0.97,2.29,5.84,2.27,4.18,0.00,80.00,3.00
347389,354.99,-1.31,-1.89,0.81,0.98,2.34,5.81,2.29,4.23,0.00,80.00,3.00
347419,354.94,-1.31,-1.88,0.68,1.04,2.25,5.74,2.35,4.13,0.00,80.00,3.00
347457,354.90,-1.32,-1.88,0.69,0.99,2.25,5.80,2.31,4.13,0.00,80.00,3.00
347486,354.92,-1.32,-1.87,0.67,0.94,2.28,5.75,2.25,4.15,0.00,80.00,3.00
347530,354.96,-1.31,-1.87,0.67,0.88,2.27,5.71,2.19,4.14,0.00,80.00,3.00
347559,354.93,-1.31,-1.88,0.69,0.85,2.24,5.76,2.16,4.12,0.00,80.00,3.00
347588,354.93,-1.32,-1.87,0.85,0.78,2.23,5.92,2.10,4.10,0.00,80.00,3.00
347620,354.92,-1.32,-1.88,0.83,0.75,2.19,5.91,2.07,4.08,0.00,80.00,3.00
347649,354.91,-1.32,-1.89,0.82,0.76,2.17,5.91,2.08,4.06,0.00,80.00,3.00
347678,354.90,-1.32,-1.89,0.85,0.81,2.17,5.95,2.13,4.06,0.00,80.00,3.00
347707,354.87,-1.32,-1.88,0.81,0.84,2.19,5.94,2.16,4.07,0.00,80.00,3.00
347736,354.85,-1.32,-1.89,0.79,0.88,2.26,5.94,2.20,4.15,0.00,80.00,3.00
347766,354.87,-1.31,-1.89,0.86,0.90,2.30,5.99,2.21,4.19,0.00,80.00,3.00
347795,354.91,-1.31,-1.89,0.87,0.94,2.36,5.97,2.24,4.25,0.00,80.00,3.00
347827,354.89,-1.30,-1.88,0.84,0.96,2.36,5.95,2.26,4.25,0.00,80.00,3.00
347856,354.94,-1.30,-1.89,0.86,0.92,2.35,5.92,2.22,4.24,0.00,80.00,3.00
347885,354.87,-1.29,-1.90,0.81,0.85,2.31,5.94,2.15,4.21,0.00,80.00,3.00
347914,354.93,-1.29,-1.92,0.69,0.86,2.26,5.76,2.15,4.17,0.00,80.00,3.00
347943,355.00,-1.29,-1.93,0.69,0.90,2.28,5.69,2.19,4.21,0.00,80.00,3.00
347972,354.95,-1.28,-1.93,0.72,0.86,2.27,5.77,2.14,4.20,0.00,80.00,3.00
348002,354.95,-1.28,-1.92,0.69,0.82,2.35,5.74,2.10,4.27,0.00,80.00,3.00
348034,354.95,-1.28,-1.91,0.65,0.83,2.36,5.69,2.11,4.27,0.00,80.00,3.00
348063,355.01,-1.28,-1.89,0.71,0.86,2.36,5.70,2.14,4.25,0.00,80.00,3.00
348092,354.98,-1.28,-1.87,0.77,0.84,2.45,5.80,2.13,4.32,0.00,80.00,3.00
348121,355.02,-1.31,-1.80,0.76,0.85,2.41,5.74,2.16,4.20,0.00,80.00,3.00
348150,355.04,-1.28,-1.78,0.74,0.88,2.30,5.70,2.16,4.08,0.00,80.00,3.00
348179,355.07,-1.28,-1.75,0.80,0.86,2.32,5.74,2.14,4.07,0.00,80.00,3.00
348208,355.09,-1.28,-1.73,0.82,0.92,2.36,5.73,2.20,4.09,0.00,80.00,3.00
348240,355.06,-1.27,-1.68,0.79,0.94,2.42,5.73,2.22,4.10,0.00,80.00,3.00
348269,355.13,-1.27,-1.66,0.90,0.92,2.49,5.77,2.20,4.14,0.00,80.00,3.00
348299,355.22,-1.27,-1.61,0.90,0.89,2.49,5.68,2.16,4.10,0.00,80.00,3.00
348328,355.21,-1.27,-1.57,1.01,0.92,2.50,5.80,2.19,4.06,0.00,80.00,3.00
348357,355.23,-1.28,-1.53,1.02,0.86,2.44,5.79,2.14,3.97,0.00,80.00,3.00
348386,355.28,-1.28,-1.52,1.08,0.38,2.68,5.81,1.65,4.20,0.00,80.00,3.00
348415,355.18,-1.28,-1.51,1.02,0.43,2.74,5.83,1.70,4.25,0.00,80.00,3.00
348447,355.26,-1.29,-1.52,0.91,0.50,2.48,5.64,1.79,4.00,0.00,80.00,3.00
348476,355.24,-1.29,-1.52,0.89,0.54,2.37,5.65,1.82,3.89,0.00,80.00,3.00
348505,355.12,-1.28,-1.52,0.82,0.48,2.38,5.70,1.76,3.90,0.00,80.00,3.00
348534,355.16,-1.29,-1.52,0.67,0.76,2.33,5.51,2.06,3.85,0.00,80.00,3.00
348579,355.20,-1.30,-1.52,0.64,0.97,2.06,5.45,2.27,3.58,0.00,80.00,3.00
348608,355.17,-1.29,-1.51,0.71,0.89,2.07,5.53,2.18,3.58,0.00,80.00,3.00
348638,355.16,-1.28,-1.52,0.73,0.81,2.25,5.56,2.10,3.77,0.00,80.00,3.00
348670,355.26,-1.29,-1.53,0.81,0.84,2.29,5.56,2.13,3.82,0.00,80.00,3.00
348699,355.27,-1.29,-1.53,0.77,0.90,2.25,5.50,2.19,3.78,0.00,80.00,3.00
348742,355.30,-1.29,-1.54,0.87,0.93,2.24,5.57,2.23,3.78,0.00,80.00,3.00
348771,355.29,-1.30,-1.54,0.89,0.93,2.27,5.61,2.23,3.81,0.00,80.00,3.00
348800,355.31,-1.30,-1.54,0.91,0.89,2.25,5.60,2.19,3.79,0.00,80.00,3.00
348829,355.25,-1.30,-1.54,0.91,0.88,2.31,5.66,2.18,3.85,0.00,80.00,3.00
348859,355.23,-1.29,-1.56,0.87,0.82,2.27,5.64,2.11,3.82,0.00,80.00,3.00
348886,355.26,-1.29,-1.56,0.85,0.79,2.26,5.59,2.09,3.82,0.00,80.00,3.00
348915,355.30,-1.29,-1.55,0.83,0.82,2.24,5.53,2.11,3.79,0.00,80.00,3.00
348944,355.29,-1.29,-1.56,0.83,0.87,2.35,5.54,2.15,3.91,0.00,80.00,3.00
348973,355.25,-1.29,-1.56,0.79,0.87,2.29,5.54,2.16,3.85,0.00,80.00,3.00
349002,355.21,-1.29,-1.57,0.76,0.89,2.35,5.55,2.18,3.92,0.00,80.00,3.00
349030,355.19,-1.30,-1.57,0.76,0.91,2.38,5.57,2.21,3.95,0.00,80.00,3.00
349059,355.22,-1.30,-1.57,0.82,0.91,2.41,5.60,2.21,3.97,0.00,80.00,3.00
349088,355.26,-1.30,-1.57,0.76,0.91,2.39,5.50,2.21,3.96,0.00,80.00,3.00
349129,355.21,-1.29,-1.56,0.69,0.94,2.42,5.48,2.24,3.98,0.00,80.00,3.00
349157,355.14,-1.30,-1.54,0.64,0.94,2.41,5.50,2.24,3.95,0.00,80.00,3.00
349186,355.10,-1.30,-1.54,0.63,0.93,2.40,5.53,2.23,3.94,0.00,80.00,3.00
349215,355.10,-1.29,-1.54,0.62,0.92,2.36,5.52,2.21,3.89,0.00,80.00,3.00
349244,355.17,-1.29,-1.53,0.61,0.91,2.36,5.44,2.20,3.89,0.00,80.00,3.00
349273,355.23,-1.30,-1.53,0.58,0.89,2.39,5.35,2.19,3.92,0.00,80.00,3.00
349302,355.23,-1.30,-1.54,0.74,0.93,2.34,5.51,2.23,3.87,0.00,80.00,3.00
349334,355.31,-1.30,-1.55,0.73,0.92,2.27,5.42,2.23,3.82,0.00,80.00,3.00
349363,355.34,-1.30,-1.55,0.80,0.89,2.27,5.46,2.19,3.82,0.00,80.00,3.00
349392,355.31,-1.31,-1.54,0.71,0.88,2.24,5.40,2.19,3.78,0.00,80.00,3.00
349421,355.27,-1.31,-1.54,0.73,0.91,2.16,5.46,2.22,3.70,0.00,80.00,3.00
349450,355.29,-1.31,-1.53,0.58,0.91,2.15,5.29,2.22,3.69,0.00,80.00,3.00
349480,355.35,-1.31,-1.54,0.64,0.90,2.27,5.29,2.21,3.81,0.00,80.00,3.00
349509,355.41,-1.32,-1.54,0.64,0.91,2.31,5.23,2.23,3.85,0.00,80.00,3.00
349541,355.42,-1.32,-1.55,0.67,0.92,2.39,5.25,2.25,3.94,0.00,80.00,3.00
349570,355.35,-1.32,-1.56,0.69,0.86,2.46,5.34,2.18,4.02,0.00,80.00,3.00
349600,355.41,-1.31,-1.57,0.66,0.82,2.46,5.25,2.13,4.03,0.00,80.00,3.00
349629,355.41,-1.29,-1.65,0.92,0.82,2.47,5.51,2.11,4.12,0.00,80.00,3.00
349658,355.38,-1.32,-1.68,0.86,0.79,2.41,5.49,2.11,4.09,0.00,80.00,3.00
349687,355.38,-1.32,-1.72,0.90,0.78,2.46,5.52,2.09,4.18,0.00,80.00,3.00
349716,355.32,-1.32,-1.74,0.90,0.75,2.41,5.57,2.07,4.14,0.00,80.00,3.00
349748,355.35,-1.32,-1.77,0.87,0.79,2.43,5.52,2.10,4.20,0.00,80.00,3.00
349778,355.30,-1.32,-1.80,0.84,0.81,2.47,5.55,2.13,4.27,0.00,80.00,3.00
349807,355.22,-1.32,-1.85,0.68,0.82,2.46,5.46,2.13,4.31,0.00,80.00,3.00
349836,355.24,-1.32,-1.89,0.70,0.88,2.46,5.46,2.20,4.35,0.00,80.00,3.00
349881,355.19,-1.31,-1.93,0.66,0.91,2.36,5.47,2.22,4.29,0.00,80.00,3.00
349910,355.20,-1.31,-1.95,0.73,0.88,2.39,5.53,2.20,4.33,0.00,80.00,3.00
349940,355.23,-1.30,-1.95,0.73,0.85,2.39,5.50,2.16,4.35,0.00,80.00,3.00
349987,355.15,-1.30,-1.95,0.76,0.80,2.40,5.61,2.10,4.35,0.00,80.00,3.00
350016,355.17,-1.30,-1.96,0.74,0.77,2.41,5.57,2.07,4.36,0.00,80.00,3.00
350045,355.21,-1.30,-1.96,0.64,0.77,2.40,5.44,2.07,4.36,0.00,80.00,3.00
350075,355.19,-1.29,-1.95,0.60,0.74,2.39,5.41,2.03,4.35,0.00,80.00,3.00
350104,355.10,-1.29,-1.95,0.54,0.75,2.35,5.44,2.04,4.31,0.00,80.00,3.00
350133,355.11,-1.29,-1.95,0.57,0.79,2.34,5.46,2.08,4.29,0.00,80.00,3.00
350162,355.13,-1.31,-1.95,0.64,0.83,2.34,5.51,2.14,4.29,0.00,80.00,3.00
350195,355.07,-1.31,-1.94,0.68,0.83,2.31,5.61,2.14,4.26,0.00,80.00,3.00
350224,355.06,-1.31,-1.94,0.82,0.91,2.36,5.76,2.22,4.30,0.00,80.00,3.00
350253,355.12,-1.31,-1.93,0.83,1.02,2.46,5.71,2.33,4.39,0.00,80.00,3.00
350282,355.11,-1.31,-1.92,0.77,1.05,2.45,5.66,2.36,4.37,0.00,80.00,3.00
350312,355.11,-1.32,-1.93,0.75,1.01,2.33,5.64,2.33,4.26,0.00,80.00,3.00
350341,355.14,-1.31,-1.92,0.72,1.06,2.30,5.58,2.37,4.23,0.00,80.00,3.00
350370,355.20,-1.32,-1.92,0.64,1.00,2.24,5.45,2.31,4.16,0.00,80.00,3.00
350402,355.14,-1.31,-1.93,0.68,0.94,2.24,5.54,2.25,4.17,0.00,80.00,3.00
350431,355.10,-1.32,-1.95,0.62,0.86,2.15,5.52,2.18,4.11,0.00,80.00,3.00
350461,355.16,-1.30,-1.95,0.71,0.88,2.21,5.54,2.18,4.16,0.00,80.00,3.00
350490,355.18,-1.30,-1.96,0.78,0.89,2.26,5.59,2.19,4.22,0.00,80.00,3.00
350519,355.19,-1.30,-1.98,0.79,0.87,2.24,5.60,2.17,4.23,0.00,80.00,3.00
350548,355.20,-1.30,-2.01,0.72,0.89,2.30,5.52,2.19,4.31,0.00,80.00,3.00
350577,355.11,-1.29,-2.03,0.62,0.86,2.26,5.51,2.15,4.29,0.00,80.00,3.00
350610,355.09,-1.28,-2.05,0.63,0.85,2.27,5.53,2.13,4.32,0.00,80.00,3.00
350639,355.19,-1.28,-2.04,0.55,0.83,2.27,5.36,2.11,4.31,0.00,80.00,3.00
350668,355.19,-1.28,-2.05,0.55,0.83,2.28,5.36,2.11,4.33,0.00,80.00,3.00
350697,355.17,-1.28,-2.06,0.65,0.77,2.34,5.48,2.05,4.40,0.00,80.00,3.00
350726,355.16,-1.29,-2.05,0.69,0.78,2.51,5.53,2.06,4.55,0.00,80.00,3.00
350756,355.19,-1.28,-1.93,0.73,0.82,2.53,5.54,2.09,4.46,0.00,80.00,3.00
350793,355.20,-1.27,-1.82,0.68,0.84,2.45,5.48,2.11,4.27,0.00,80.00,3.00
350825,355.16,-1.27,-1.77,0.71,0.81,2.35,5.55,2.08,4.12,0.00,80.00,3.00
350854,355.12,-1.27,-1.74,0.65,0.80,2.45,5.53,2.07,4.19,0.00,80.00,3.00
350884,355.15,-1.27,-1.71,0.64,0.89,2.39,5.49,2.16,4.10,0.00,80.00,3.00
350913,355.27,-1.27,-1.69,0.57,0.88,2.32,5.30,2.15,4.01,0.00,80.00,3.00
350942,355.31,-1.28,-1.66,0.65,0.91,2.36,5.34,2.19,4.02,0.00,80.00,3.00
350971,355.24,-1.28,-1.63,0.62,0.90,2.53,5.38,2.17,4.16,0.00,80.00,3.00
351000,355.29,-1.28,-1.60,0.55,0.93,2.49,5.26,2.20,4.09,0.00,80.00,3.00
351032,355.26,-1.28,-1.57,0.45,1.04,2.11,5.19,2.32,3.68,0.00,80.00,3.00
351062,355.35,-1.27,-1.54,0.31,1.28,1.77,4.96,2.55,3.31,0.00,80.00,3.00
351091,355.38,-1.27,-1.51,0.38,1.17,1.90,4.99,2.44,3.40,0.00,80.00,3.00
351120,355.33,-1.22,-1.50,0.49,1.09,1.90,5.16,2.31,3.40,0.00,80.00,3.00
351149,355.26,-1.22,-1.51,0.57,1.17,1.86,5.31,2.39,3.38,0.00,80.00,3.00
351210,355.17,-1.21,-1.52,0.78,1.08,2.04,5.61,2.29,3.56,0.00,80.00,3.00
351239,355.18,-1.22,-1.52,0.89,0.86,2.42,5.71,2.07,3.95,0.00,80.00,3.00
351271,355.14,-1.22,-1.53,0.85,0.84,2.39,5.71,2.06,3.92,0.00,80.00,3.00
351300,355.12,-1.22,-1.52,0.77,0.90,2.31,5.65,2.12,3.83,0.00,80.00,3.00
351330,355.11,-1.21,-1.52,0.86,0.85,2.36,5.75,2.06,3.88,0.00,80.00,3.00
351359,355.16,-1.22,-1.51,0.82,0.76,2.40,5.65,1.98,3.91,0.00,80.00,3.00
351388,355.14,-1.22,-1.51,0.78,0.70,2.42,5.64,1.92,3.93,0.00,80.00,3.00
351417,355.17,-1.23,-1.52,0.84,0.72,2.39,5.67,1.95,3.91,0.00,80.00,3.00
351446,355.09,-1.23,-1.52,0.93,0.77,2.44,5.84,2.00,3.96,0.00,80.00,3.00
351478,355.04,-1.23,-1.51,0.94,0.89,2.39,5.90,2.12,3.90,0.00,80.00,3.00
351508,355.01,-1.23,-1.49,0.96,0.91,2.38,5.95,2.14,3.88,0.00,80.00,3.00
351537,355.04,-1.23,-1.48,0.87,0.99,2.33,5.82,2.22,3.82,0.00,80.00,3.00
351566,355.05,-1.23,-1.48,0.80,0.97,2.38,5.76,2.20,3.86,0.00,80.00,3.00
351595,355.03,-1.22,-1.49,0.68,0.87,2.34,5.66,2.09,3.84,0.00,80.00,3.00
351624,355.11,-1.22,-1.50,0.55,0.84,2.32,5.43,2.07,3.82,0.00,80.00,3.00
351654,355.06,-1.23,-1.51,0.45,0.86,2.23,5.39,2.09,3.74,0.00,80.00,3.00
351686,354.94,-1.22,-1.52,0.42,0.88,2.26,5.48,2.09,3.78,0.00,80.00,3.00
351715,354.96,-1.21,-1.52,0.45,0.86,2.29,5.49,2.07,3.81,0.00,80.00,3.00
351744,354.96,-1.20,-1.53,0.41,0.85,2.35,5.45,2.05,3.88,0.00,80.00,3.00
351774,354.89,-1.20,-1.52,0.45,0.90,2.37,5.56,2.10,3.89,0.00,80.00,3.00
351803,354.89,-1.20,-1.52,0.53,0.92,2.37,5.64,2.12,3.89,0.00,80.00,3.00
351832,354.84,-1.19,-1.52,0.57,0.91,2.46,5.73,2.10,3.98,0.00,80.00,3.00
351861,354.77,-1.20,-1.53,0.55,0.92,2.38,5.78,2.12,3.91,0.00,80.00,3.00
351893,354.72,-1.21,-1.53,0.52,0.96,2.42,5.80,2.17,3.95,0.00,80.00,3.00
351922,354.83,-1.21,-1.53,0.54,0.93,2.43,5.72,2.15,3.96,0.00,80.00,3.00
351952,354.80,-1.21,-1.50,0.58,0.96,2.37,5.77,2.17,3.87,0.00,80.00,3.00
351981,354.72,-1.22,-1.49,0.57,0.97,2.32,5.84,2.19,3.81,0.00,80.00,3.00
352010,354.69,-1.22,-1.48,0.53,0.97,2.31,5.84,2.18,3.79,0.00,80.00,3.00
352039,354.70,-1.22,-1.45,0.59,0.93,2.34,5.90,2.15,3.79,0.00,80.00,3.00
352068,354.68,-1.22,-1.43,0.66,0.91,2.28,5.98,2.13,3.71,0.00,80.00,3.00
352100,354.82,-1.23,-1.40,0.66,0.87,2.29,5.83,2.10,3.69,0.00,80.00,3.00
352129,354.82,-1.24,-1.38,0.61,0.82,2.32,5.79,2.06,3.70,0.00,80.00,3.00
352159,354.74,-1.24,-1.38,0.71,0.85,2.28,5.97,2.10,3.66,0.00,80.00,3.00
352188,354.81,-1.24,-1.39,0.63,0.84,2.28,5.82,2.08,3.67,0.00,80.00,3.00
352217,354.83,-1.24,-1.39,0.62,0.84,2.29,5.79,2.08,3.68,0.00,80.00,3.00
352246,354.84,-1.23,-1.42,0.60,0.88,2.27,5.76,2.12,3.69,0.00,80.00,3.00
352275,354.75,-1.25,-1.55,0.58,0.89,2.31,5.83,2.14,3.86,0.00,80.00,3.00
352307,354.64,-1.25,-1.66,0.69,0.90,2.39,6.05,2.14,4.05,0.00,80.00,3.00
352337,354.64,-1.25,-1.70,0.68,0.90,2.44,6.04,2.15,4.14,0.00,80.00,3.00
352381,354.65,-1.25,-1.72,0.64,0.89,2.45,5.99,2.14,4.18,0.00,80.00,3.00
352410,354.63,-1.25,-1.74,0.62,0.90,2.49,5.99,2.15,4.24,0.00,80.00,3.00
352447,354.55,-1.26,-1.75,0.63,0.88,2.47,6.08,2.14,4.22,0.00,80.00,3.00
352476,354.49,-1.25,-1.78,0.61,0.87,2.45,6.13,2.12,4.23,0.00,80.00,3.00
352522,354.51,-1.25,-1.81,0.62,0.79,2.39,6.11,2.04,4.20,0.00,80.00,3.00
352554,354.41,-1.25,-1.84,0.61,0.78,2.35,6.20,2.02,4.19,0.00,80.00,3.00
352583,354.37,-1.23,-1.86,0.70,0.79,2.33,6.33,2.02,4.19,0.00,80.00,3.00
352612,354.23,-1.23,-1.90,0.71,0.71,2.33,6.47,1.94,4.23,0.00,80.00,3.00
352641,354.22,-1.23,-1.93,0.77,0.72,2.31,6.56,1.96,4.23,0.00,80.00,3.00
352670,354.22,-1.30,-1.93,0.74,0.85,2.29,6.52,2.14,4.23,0.00,80.00,3.00
352699,354.25,-1.30,-1.92,0.58,0.87,2.32,6.33,2.17,4.24,0.00,80.00,3.00
352728,354.35,-1.30,-1.91,0.55,0.86,2.32,6.21,2.16,4.23,0.00,80.00,3.00
352760,354.34,-1.30,-1.90,0.62,0.96,2.30,6.28,2.26,4.20,0.00,80.00,3.00
352790,354.45,-1.30,-1.89,0.63,1.00,2.31,6.19,2.29,4.20,0.00,80.00,3.00
352819,354.52,-1.29,-1.88,0.75,0.97,2.28,6.24,2.26,4.17,0.00,80.00,3.00
352848,354.55,-1.29,-1.88,0.91,0.97,2.34,6.36,2.26,4.22,0.00,80.00,3.00
352877,354.49,-1.29,-1.88,0.96,0.92,2.38,6.47,2.22,4.27,0.00,80.00,3.00
352906,354.52,-1.29,-1.88,0.87,0.86,2.42,6.35,2.15,4.30,0.00,80.00,3.00
352935,354.48,-1.28,-1.88,0.81,0.83,2.44,6.33,2.12,4.32,0.00,80.00,3.00
352967,354.50,-1.28,-1.89,0.70,0.79,2.44,6.20,2.07,4.33,0.00,80.00,3.00
352996,354.58,-1.28,-1.90,0.58,0.76,2.47,6.00,2.04,4.37,0.00,80.00,3.00
353025,354.65,-1.29,-1.91,0.55,0.75,2.46,5.90,2.03,4.37,0.00,80.00,3.00
353055,354.59,-1.29,-1.92,0.59,0.81,2.44,6.01,2.10,4.36,0.00,80.00,3.00
353084,354.60,-1.29,-1.91,0.61,0.85,2.41,6.00,2.15,4.32,0.00,80.00,3.00
353113,354.68,-1.30,-1.90,0.63,0.91,2.35,5.96,2.21,4.25,0.00,80.00,3.00
353142,354.67,-1.31,-1.89,0.66,0.93,2.38,5.99,2.23,4.27,0.00,80.00,3.00
353174,354.70,-1.30,-1.88,0.70,0.95,2.29,6.00,2.24,4.17,0.00,80.00,3.00
353203,354.76,-1.30,-1.87,0.71,0.97,2.24,5.94,2.27,4.10,0.00,80.00,3.00
353232,354.78,-1.30,-1.86,0.65,0.95,2.25,5.87,2.26,4.11,0.00,80.00,3.00
353261,354.83,-1.31,-1.86,0.69,0.88,2.31,5.85,2.19,4.17,0.00,80.00,3.00
353290,354.85,-1.31,-1.87,0.71,0.89,2.37,5.86,2.20,4.23,0.00,80.00,3.00
353320,354.90,-1.31,-1.87,0.63,0.85,2.39,5.73,2.17,4.27,0.00,80.00,3.00
353349,354.97,-1.32,-1.86,0.63,0.83,2.46,5.66,2.14,4.32,0.00,80.00,3.00
353381,355.01,-1.32,-1.86,0.71,0.83,2.45,5.69,2.14,4.31,0.00,80.00,3.00
353410,355.01,-1.31,-1.85,0.78,0.83,2.42,5.77,2.14,4.27,0.00,80.00,3.00
353439,354.97,-1.31,-1.84,0.75,0.87,2.33,5.78,2.18,4.17,0.00,80.00,3.00
353468,354.95,-1.32,-1.84,0.79,0.87,2.38,5.85,2.19,4.21,0.00,80.00,3.00
353497,354.97,-1.32,-1.84,0.81,0.92,2.38,5.84,2.23,4.22,0.00,80.00,3.00
353526,354.95,-1.32,-1.83,0.94,0.95,2.41,5.99,2.28,4.24,0.00,80.00,3.00
353555,354.90,-1.32,-1.84,0.86,0.95,2.41,5.97,2.27,4.26,0.00,80.00,3.00
353602,354.91,-1.32,-1.84,0.96,0.96,2.38,6.05,2.28,4.22,0.00,80.00,3.00
353631,354.93,-1.31,-1.85,1.01,0.93,2.37,6.08,2.25,4.21,0.00,80.00,3.00
353661,354.94,-1.30,-1.85,1.02,0.94,2.36,6.08,2.25,4.20,0.00,80.00,3.00
353690,354.93,-1.30,-1.85,0.96,0.92,2.35,6.04,2.22,4.19,0.00,80.00,3.00
353719,354.87,-1.30,-1.84,0.88,0.87,2.37,6.01,2.17,4.20,0.00,80.00,3.00
353748,354.93,-1.30,-1.83,0.89,0.86,2.34,5.95,2.17,4.17,0.00,80.00,3.00
353777,354.92,-1.31,-1.81,0.78,0.90,2.37,5.86,2.21,4.18,0.00,80.00,3.00
353826,354.96,-1.30,-1.80,0.70,0.87,2.32,5.74,2.17,4.12,0.00,80.00,3.00
353855,355.00,-1.30,-1.80,0.67,0.87,2.31,5.68,2.17,4.11,0.00,80.00,3.00
353884,354.99,-1.30,-1.82,0.58,0.94,2.26,5.59,2.24,4.08,0.00,80.00,3.00
353913,355.02,-1.30,-1.83,0.59,0.91,2.28,5.57,2.21,4.11,0.00,80.00,3.00
353943,354.96,-1.29,-1.84,0.62,0.86,2.35,5.66,2.15,4.19,0.00,80.00,3.00
353972,354.95,-1.29,-1.84,0.66,0.89,2.36,5.70,2.19,4.20,0.00,80.00,3.00
354001,354.87,-1.29,-1.84,0.65,0.87,2.40,5.77,2.16,4.24,0.00,80.00,3.00
354033,354.85,-1.30,-1.83,0.69,0.89,2.42,5.84,2.18,4.25,0.00,80.00,3.00
354062,354.86,-1.29,-1.83,0.75,0.89,2.40,5.90,2.19,4.22,0.00,80.00,3.00
354100,354.84,-1.30,-1.83,0.76,0.90,2.41,5.92,2.20,4.24,0.00,80.00,3.00
354129,354.92,-1.30,-1.82,0.73,0.90,2.36,5.81,2.19,4.18,0.00,80.00,3.00
354158,355.01,-1.30,-1.82,0.82,0.90,2.38,5.81,2.19,4.20,0.00,80.00,3.00
354187,355.04,-1.30,-1.82,0.83,0.83,2.30,5.79,2.13,4.11,0.00,80.00,3.00
354216,355.08,-1.30,-1.80,0.82,0.84,2.36,5.74,2.14,4.16,0.00,80.00,3.00
354248,355.09,-1.31,-1.81,0.78,0.86,2.32,5.69,2.17,4.13,0.00,80.00,3.00
354277,355.14,-1.31,-1.81,0.76,0.91,2.39,5.62,2.22,4.20,0.00,80.00,3.00
354307,355.09,-1.30,-1.81,0.66,0.91,2.46,5.57,2.22,4.27,0.00,80.00,3.00
354336,355.00,-1.31,-1.81,0.53,0.98,2.50,5.53,2.29,4.31,0.00,80.00,3.00
354365,355.01,-1.31,-1.83,0.54,1.06,2.47,5.52,2.37,4.30,0.00,80.00,3.00
354394,355.00,-1.31,-1.83,0.49,1.04,2.44,5.49,2.35,4.27,0.00,80.00,3.00
354423,354.99,-1.32,-1.85,0.39,1.05,2.39,5.40,2.37,4.24,0.00,80.00,3.00
354455,355.03,-1.31,-1.86,0.41,1.02,2.29,5.38,2.34,4.15,0.00,80.00,3.00
354484,355.01,-1.32,-1.86,0.48,1.03,2.30,5.47,2.35,4.15,0.00,80.00,3.00
354513,354.98,-1.32,-1.86,0.56,1.03,2.28,5.58,2.34,4.14,0.00,80.00,3.00
354542,354.93,-1.32,-1.86,0.52,1.06,2.26,5.59,2.38,4.12,0.00,80.00,3.00
354571,354.97,-1.32,-1.86,0.67,1.05,2.24,5.70,2.38,4.10,0.00,80.00,3.00
354601,354.96,-1.33,-1.86,0.66,1.06,2.28,5.70,2.38,4.13,0.00,80.00,3.00
354630,354.91,-1.33,-1.86,0.66,1.06,2.34,5.75,2.39,4.20,0.00,80.00,3.00
354662,354.84,-1.33,-1.86,0.62,1.06,2.36,5.78,2.38,4.23,0.00,80.00,3.00
354691,354.78,-1.33,-1.86,0.57,1.00,2.38,5.79,2.33,4.24,0.00,80.00,3.00
354720,354.84,-1.33,-1.87,0.61,0.98,2.46,5.78,2.30,4.33,0.00,80.00,3.00
354749,354.79,-1.33,-1.87,0.66,0.91,2.45,5.88,2.25,4.32,0.00,80.00,3.00
354793,354.78,-1.33,-1.87,0.66,0.89,2.41,5.88,2.23,4.28,0.00,80.00,3.00
354822,354.76,-1.32,-1.87,0.68,0.88,2.36,5.92,2.20,4.23,0.00,80.00,3.00
354851,354.73,-1.32,-1.87,0.76,0.85,2.34,6.02,2.16,4.21,0.00,80.00,3.00
354883,354.76,-1.32,-1.88,0.78,0.86,2.38,6.01,2.18,4.25,0.00,80.00,3.00
354912,354.80,-1.32,-1.88,0.81,0.84,2.41,6.01,2.15,4.29,0.00,80.00,3.00
354942,354.81,-1.32,-1.89,0.71,0.86,2.41,5.90,2.18,4.30,0.00,80.00,3.00
354971,354.77,-1.31,-1.89,0.70,0.86,2.40,5.93,2.17,4.29,0.00,80.00,3.00
355000,354.81,-1.31,-1.89,0.67,0.88,2.36,5.86,2.19,4.25,0.00,80.00,3.00
355029,354.85,-1.31,-1.88,0.60,0.90,2.39,5.75,2.21,4.27,0.00,80.00,3.00
355058,354.85,-1.31,-1.89,0.55,0.95,2.38,5.69,2.26,4.28,0.00,80.00,3.00
355090,354.93,-1.31,-1.89,0.53,0.96,2.40,5.60,2.27,4.29,0.00,80.00,3.00
355135,354.89,-1.31,-1.89,0.65,0.98,2.43,5.76,2.29,4.32,0.00,80.00,3.00
355164,354.83,-1.31,-1.89,0.66,0.96,2.52,5.83,2.27,4.42,0.00,80.00,3.00
355193,354.81,-1.31,-1.90,0.81,0.92,2.47,6.00,2.23,4.37,0.00,80.00,3.00
355222,354.91,-1.31,-1.90,0.88,0.85,2.43,5.96,2.16,4.34,0.00,80.00,3.00
355251,354.96,-1.31,-1.91,0.87,0.78,2.34,5.91,2.09,4.25,0.00,80.00,3.00
355280,354.93,-1.31,-1.91,0.86,0.77,2.34,5.93,2.08,4.25,0.00,80.00,3.00
355312,354.97,-1.31,-1.92,0.74,0.78,2.33,5.77,2.08,4.25,0.00,80.00,3.00
355341,354.86,-1.31,-1.92,0.72,0.79,2.31,5.86,2.10,4.23,0.00,80.00,3.00
355370,354.93,-1.31,-1.91,0.61,0.81,2.32,5.68,2.13,4.23,0.00,80.00,3.00
355399,354.88,-1.31,-1.91,0.61,0.88,2.33,5.73,2.19,4.24,0.00,80.00,3.00
355429,354.85,-1.32,-1.91,0.65,0.91,2.39,5.79,2.22,4.30,0.00,80.00,3.00
355458,354.82,-1.32,-1.91,0.79,0.91,2.39,5.97,2.23,4.30,0.00,80.00,3.00
355487,354.79,-1.32,-1.91,0.80,0.92,2.37,6.01,2.24,4.28,0.00,80.00,3.00
355519,354.89,-1.32,-1.91,0.70,0.90,2.40,5.81,2.22,4.31,0.00,80.00,3.00
355548,354.89,-1.32,-1.92,0.74,0.88,2.38,5.85,2.19,4.29,0.00,80.00,3.00
355577,354.89,-1.33,-1.92,0.73,0.89,2.42,5.84,2.22,4.34,0.00,80.00,3.00
355606,354.94,-1.33,-1.93,0.69,0.88,2.42,5.75,2.21,4.35,0.00,80.00,3.00
355635,354.91,-1.33,-1.94,0.59,0.82,2.42,5.68,2.15,4.36,0.00,80.00,3.00
355664,354.81,-1.33,-1.94,0.61,0.85,2.46,5.80,2.18,4.39,0.00,80.00,3.00
355693,354.80,-1.33,-1.95,0.63,0.84,2.43,5.82,2.17,4.38,0.00,80.00,3.00
355740,354.76,-1.34,-1.95,0.58,0.85,2.40,5.83,2.19,4.35,0.00,80.00,3.00
355770,354.75,-1.34,-1.95,0.55,0.83,2.35,5.79,2.17,4.30,0.00,80.00,3.00
355799,354.68,-1.34,-1.95,0.50,0.87,2.30,5.82,2.21,4.25,0.00,80.00,3.00
355827,354.71,-1.34,-1.95,0.59,0.93,2.29,5.87,2.27,4.24,0.00,80.00,3.00
355856,354.75,-1.34,-1.96,0.58,0.92,2.30,5.83,2.26,4.26,0.00,80.00,3.00
355885,354.72,-1.34,-1.95,0.60,0.92,2.33,5.88,2.26,4.28,0.00,80.00,3.00
355914,354.84,-1.33,-1.94,0.57,0.90,2.39,5.73,2.23,4.32,0.00,80.00,3.00
355951,354.79,-1.32,-1.92,0.58,0.88,2.42,5.80,2.21,4.34,0.00,80.00,3.00
355995,354.81,-1.33,-1.90,0.59,0.80,2.45,5.78,2.13,4.35,0.00,80.00,3.00
356024,354.85,-1.33,-1.89,0.62,0.79,2.41,5.77,2.12,4.30,0.00,80.00,3.00
356053,354.79,-1.33,-1.90,0.57,0.84,2.38,5.78,2.17,4.28,0.00,80.00,3.00
356082,354.77,-1.33,-1.90,0.53,0.87,2.32,5.75,2.20,4.22,0.00,80.00,3.00
356111,354.73,-1.33,-1.90,0.53,0.89,2.32,5.80,2.21,4.23,0.00,80.00,3.00
356139,354.76,-1.32,-1.91,0.52,0.95,2.37,5.76,2.27,4.28,0.00,80.00,3.00
356171,354.79,-1.33,-1.92,0.42,0.94,2.37,5.64,2.27,4.29,0.00,80.00,3.00
356201,354.81,-1.33,-1.91,0.48,0.91,2.40,5.67,2.24,4.30,0.00,80.00,3.00
356230,354.87,-1.33,-1.91,0.58,0.83,2.45,5.72,2.16,4.36,0.00,80.00,3.00
356259,354.87,-1.33,-1.90,0.49,0.73,2.39,5.63,2.07,4.29,0.00,80.00,3.00
356288,354.84,-1.33,-1.90,0.58,0.71,2.36,5.74,2.04,4.26,0.00,80.00,3.00
356317,354.74,-1.34,-1.90,0.71,0.71,2.29,5.96,2.05,4.19,0.00,80.00,3.00
356347,354.75,-1.34,-1.89,0.71,0.72,2.22,5.96,2.06,4.11,0.00,80.00,3.00
356395,354.73,-1.34,-1.89,0.70,0.70,2.18,5.96,2.04,4.07,0.00,80.00,3.00
356424,354.71,-1.34,-1.89,0.66,0.74,2.19,5.95,2.07,4.08,0.00,80.00,3.00
356453,354.69,-1.34,-1.90,0.65,0.80,2.19,5.96,2.14,4.08,0.00,80.00,3.00
356482,354.68,-1.34,-1.90,0.63,0.85,2.24,5.95,2.19,4.14,0.00,80.00,3.00
356512,354.68,-1.34,-1.90,0.57,0.83,2.32,5.89,2.17,4.22,0.00,80.00,3.00
356541,354.67,-1.33,-1.90,0.49,0.81,2.28,5.82,2.14,4.19,0.00,80.00,3.00
356570,354.62,-1.33,-1.91,0.48,0.85,2.35,5.86,2.18,4.25,0.00,80.00,3.00
356602,354.67,-1.34,-1.91,0.53,0.80,2.40,5.86,2.14,4.31,0.00,80.00,3.00
356631,354.63,-1.34,-1.91,0.59,0.81,2.43,5.95,2.15,4.34,0.00,80.00,3.00
356661,354.60,-1.33,-1.91,0.49,0.82,2.40,5.89,2.16,4.31,0.00,80.00,3.00
356690,354.58,-1.33,-1.91,0.57,0.83,2.46,6.00,2.16,4.38,0.00,80.00,3.00
356719,354.60,-1.32,-1.92,0.61,0.89,2.49,6.02,2.21,4.40,0.00,80.00,3.00
356748,354.47,-1.32,-1.91,0.62,0.85,2.46,6.15,2.17,4.38,0.00,80.00,3.00
356777,354.43,-1.32,-1.91,0.59,0.88,2.39,6.15,2.20,4.30,0.00,80.00,3.00
356810,354.40,-1.32,-1.91,0.71,0.84,2.39,6.31,2.16,4.30,0.00,80.00,3.00
356839,354.39,-1.32,-1.91,0.70,0.87,2.40,6.31,2.19,4.31,0.00,80.00,3.00
356868,354.46,-1.32,-1.91,0.66,0.87,2.26,6.21,2.19,4.17,0.00,80.00,3.00
356897,354.41,-1.32,-1.90,0.56,0.85,2.23,6.14,2.17,4.13,0.00,80.00,3.00
356927,354.50,-1.32,-1.90,0.61,0.91,2.20,6.11,2.24,4.10,0.00,80.00,3.00
356956,354.44,-1.33,-1.89,0.53,0.91,2.21,6.09,2.24,4.11,0.00,80.00,3.00
356985,354.50,-1.33,-1.90,0.43,0.93,2.25,5.93,2.25,4.15,0.00,80.00,3.00
357017,354.51,-1.32,-1.90,0.40,0.91,2.23,5.89,2.23,4.13,0.00,80.00,3.00
357046,354.49,-1.32,-1.90,0.51,0.94,2.30,6.02,2.26,4.20,0.00,80.00,3.00
357076,354.55,-1.33,-1.90,0.69,0.90,2.28,6.14,2.23,4.18,0.00,80.00,3.00
357105,354.59,-1.32,-1.90,0.69,0.88,2.26,6.10,2.19,4.16,0.00,80.00,3.00
357134,354.59,-1.31,-1.89,0.75,0.89,2.23,6.16,2.20,4.12,0.00,80.00,3.00
357179,354.55,-1.31,-1.89,0.86,0.89,2.24,6.31,2.20,4.12,0.00,80.00,3.00
357208,354.55,-1.32,-1.89,0.84,0.92,2.27,6.29,2.24,4.16,0.00,80.00,3.00
357240,354.55,-1.31,-1.88,0.68,0.98,2.28,6.13,2.29,4.17,0.00,80.00,3.00
357269,354.53,-1.31,-1.88,0.57,0.96,2.29,6.04,2.27,4.17,0.00,80.00,3.00
357298,354.47,-1.30,-1.88,0.54,0.99,2.33,6.07,2.29,4.21,0.00,80.00,3.00
357328,354.45,-1.29,-1.88,0.52,1.00,2.36,6.07,2.29,4.24,0.00,80.00,3.00
357357,354.36,-1.29,-1.88,0.53,1.00,2.35,6.17,2.30,4.23,0.00,80.00,3.00
357394,354.32,-1.30,-1.88,0.68,0.94,2.32,6.36,2.24,4.21,0.00,80.00,3.00
357424,354.33,-1.31,-1.88,0.70,0.93,2.32,6.37,2.23,4.20,0.00,80.00,3.00
357456,354.19,-1.32,-1.89,0.85,0.91,2.35,6.65,2.22,4.24,0.00,80.00,3.00
357485,354.19,-1.32,-1.90,0.79,0.93,2.26,6.60,2.25,4.16,0.00,80.00,3.00
357514,354.12,-1.32,-1.90,0.79,0.95,2.24,6.67,2.28,4.14,0.00,80.00,3.00
357543,354.11,-1.32,-1.91,0.71,0.98,2.26,6.60,2.30,4.17,0.00,80.00,3.00
357572,354.15,-1.32,-1.90,0.71,0.95,2.27,6.55,2.27,4.17,0.00,80.00,3.00
357601,354.20,-1.32,-1.90,0.58,0.98,2.27,6.38,2.30,4.17,0.00,80.00,3.00
357631,354.22,-1.33,-1.90,0.60,0.97,2.28,6.38,2.30,4.18,0.00,80.00,3.00
357663,354.21,-1.32,-1.90,0.64,0.93,2.34,6.44,2.26,4.24,0.00,80.00,3.00
357708,354.16,-1.31,-1.89,0.55,0.93,2.33,6.39,2.24,4.22,0.00,80.00,3.00
357737,354.16,-1.31,-1.89,0.67,0.95,2.31,6.52,2.26,4.21,0.00,80.00,3.00
357766,354.11,-1.31,-1.89,0.65,1.02,2.30,6.54,2.32,4.20,0.00,80.00,3.00
357795,354.03,-1.30,-1.90,0.70,0.96,2.28,6.67,2.26,4.18,0.00,80.00,3.00
357825,354.10,-1.30,-1.90,0.62,0.97,2.31,6.52,2.27,4.21,0.00,80.00,3.00
357854,354.19,-1.30,-1.90,0.61,0.98,2.29,6.42,2.28,4.19,0.00,80.00,3.00
357886,354.14,-1.29,-1.91,0.69,1.00,2.36,6.55,2.30,4.28,0.00,80.00,3.00
357915,354.15,-1.30,-1.91,0.55,0.95,2.36,6.40,2.25,4.27,0.00,80.00,3.00
357944,354.09,-1.30,-1.91,0.58,0.93,2.36,6.49,2.22,4.27,0.00,80.00,3.00
357973,354.09,-1.30,-1.91,0.80,0.93,2.32,6.71,2.23,4.22,0.00,80.00,3.00
358003,354.05,-1.30,-1.90,0.92,0.89,2.34,6.87,2.19,4.25,0.00,80.00,3.00
358032,354.06,-1.31,-1.90,0.87,0.88,2.26,6.81,2.19,4.16,0.00,80.00,3.00
358061,354.03,-1.31,-1.89,0.95,0.86,2.29,6.91,2.17,4.19,0.00,80.00,3.00
358093,354.03,-1.32,-1.90,1.00,0.81,2.36,6.97,2.13,4.25,0.00,80.00,3.00
358122,354.02,-1.31,-1.89,0.93,0.81,2.28,6.91,2.12,4.17,0.00,80.00,3.00
358151,354.06,-1.30,-1.89,0.84,0.84,2.31,6.78,2.14,4.21,0.00,80.00,3.00
358181,354.10,-1.31,-1.90,0.86,0.86,2.29,6.76,2.17,4.19,0.00,80.00,3.00
358210,354.09,-1.32,-1.89,0.83,0.90,2.34,6.73,2.22,4.23,0.00,80.00,3.00
358239,354.06,-1.33,-1.88,0.73,0.92,2.33,6.67,2.25,4.22,0.00,80.00,3.00
358268,354.04,-1.33,-1.89,0.66,0.97,2.38,6.62,2.30,4.26,0.00,80.00,3.00
358300,354.07,-1.33,-1.89,0.59,0.95,2.46,6.52,2.28,4.35,0.00,80.00,3.00
358345,354.06,-1.33,-1.89,0.61,0.96,2.46,6.56,2.28,4.35,0.00,80.00,3.00
358374,354.05,-1.33,-1.89,0.54,0.94,2.45,6.49,2.26,4.34,0.00,80.00,3.00
358403,354.08,-1.32,-1.89,0.62,0.95,2.41,6.54,2.27,4.30,0.00,80.00,3.00
358432,354.08,-1.32,-1.89,0.72,0.96,2.39,6.64,2.29,4.28,0.00,80.00,3.00
358461,353.96,-1.33,-1.89,0.71,0.94,2.43,6.74,2.26,4.31,0.00,80.00,3.00
358491,354.01,-1.32,-1.89,0.78,0.96,2.41,6.77,2.28,4.29,0.00,80.00,3.00
358523,353.99,-1.32,-1.87,0.83,0.96,2.36,6.84,2.28,4.23,0.00,80.00,3.00
358552,354.01,-1.33,-1.88,0.86,0.95,2.37,6.85,2.28,4.25,0.00,80.00,3.00
358581,354.02,-1.33,-1.88,0.76,0.91,2.31,6.75,2.23,4.20,0.00,80.00,3.00
358610,354.00,-1.33,-1.88,0.72,0.89,2.19,6.72,2.22,4.06,0.00,80.00,3.00
358639,353.96,-1.34,-1.88,0.65,0.90,2.23,6.68,2.24,4.12,0.00,80.00,3.00
358669,353.93,-1.33,-1.89,0.58,0.86,2.27,6.66,2.19,4.15,0.00,80.00,3.00
358698,353.89,-1.33,-1.90,0.56,0.84,2.28,6.67,2.17,4.18,0.00,80.00,3.00
358730,353.88,-1.33,-1.90,0.65,0.88,2.28,6.77,2.21,4.18,0.00,80.00,3.00
358759,353.84,-1.33,-1.89,0.77,0.87,2.38,6.94,2.20,4.27,0.00,80.00,3.00
358788,353.90,-1.34,-1.90,0.69,0.85,2.43,6.79,2.19,4.32,0.00,80.00,3.00
358817,353.93,-1.35,-1.90,0.75,0.82,2.36,6.82,2.17,4.26,0.00,80.00,3.00
358846,354.01,-1.35,-1.90,0.77,0.84,2.36,6.75,2.19,4.26,0.00,80.00,3.00
358876,354.08,-1.34,-1.90,0.74,0.82,2.38,6.66,2.16,4.28,0.00,80.00,3.00
358905,354.10,-1.35,-1.90,0.66,0.84,2.37,6.56,2.19,4.27,0.00,80.00,3.00
358937,354.10,-1.34,-1.90,0.68,0.85,2.30,6.57,2.20,4.20,0.00,80.00,3.00
358966,354.13,-1.34,-1.89,0.66,0.92,2.33,6.54,2.25,4.22,0.00,80.00,3.00
359012,354.15,-1.33,-1.88,0.64,0.92,2.33,6.49,2.25,4.22,0.00,80.00,3.00
359049,354.15,-1.33,-1.88,0.63,0.89,2.36,6.48,2.23,4.24,0.00,80.00,3.00
359079,354.22,-1.33,-1.88,0.63,0.91,2.33,6.41,2.24,4.21,0.00,80.00,3.00
359108,354.26,-1.33,-1.87,0.66,0.92,2.37,6.40,2.25,4.24,0.00,80.00,3.00
359137,354.23,-1.32,-1.87,0.82,0.95,2.33,6.59,2.27,4.20,0.00,80.00,3.00
359169,354.21,-1.32,-1.87,0.78,0.88,2.30,6.57,2.20,4.17,0.00,80.00,3.00
359198,354.19,-1.32,-1.87,0.81,0.89,2.29,6.62,2.21,4.16,0.00,80.00,3.00
359227,354.17,-1.32,-1.87,0.68,0.93,2.22,6.51,2.25,4.10,0.00,80.00,3.00
359256,354.20,-1.32,-1.88,0.68,0.90,2.18,6.48,2.22,4.06,0.00,80.00,3.00
359285,354.22,-1.32,-1.88,0.56,0.87,2.34,6.34,2.19,4.22,0.00,80.00,3.00
359315,354.23,-1.33,-1.88,0.55,0.86,2.38,6.31,2.18,4.26,0.00,80.00,3.00
359344,354.18,-1.32,-1.87,0.48,0.85,2.38,6.30,2.18,4.25,0.00,80.00,3.00
359376,354.17,-1.32,-1.87,0.73,0.81,2.42,6.56,2.13,4.30,0.00,80.00,3.00
359405,354.21,-1.33,-1.86,0.68,0.85,2.43,6.47,2.18,4.29,0.00,80.00,3.00
359434,354.20,-1.33,-1.86,0.63,0.82,2.40,6.43,2.15,4.26,0.00,80.00,3.00
359464,354.22,-1.34,-1.87,0.68,0.81,2.39,6.46,2.15,4.26,0.00,80.00,3.00
359493,354.21,-1.33,-1.87,0.77,0.87,2.37,6.56,2.20,4.24,0.00,80.00,3.00
359538,354.26,-1.32,-1.87,0.82,0.87,2.35,6.56,2.19,4.22,0.00,80.00,3.00
359567,354.25,-1.33,-1.87,0.68,0.90,2.34,6.43,2.23,4.21,0.00,80.00,3.00
359599,354.28,-1.32,-1.88,0.74,0.89,2.30,6.46,2.21,4.17,0.00,80.00,3.00
359628,354.30,-1.31,-1.87,0.81,0.86,2.27,6.50,2.18,4.15,0.00,80.00,3.00
359658,354.27,-1.32,-1.87,0.84,0.90,2.28,6.57,2.22,4.15,0.00,80.00,3.00
359687,354.25,-1.33,-1.87,0.78,0.92,2.29,6.53,2.25,4.16,0.00,80.00,3.00
359716,354.28,-1.32,-1.86,0.75,0.91,2.30,6.47,2.24,4.16,0.00,80.00,3.00
359745,354.30,-1.33,-1.86,0.80,0.87,2.34,6.50,2.19,4.20,0.00,80.00,3.00
359774,354.33,-1.33,-1.87,0.76,0.87,2.36,6.43,2.20,4.23,0.00,80.00,3.00
359806,354.43,-1.33,-1.87,0.66,0.85,2.38,6.23,2.18,4.24,0.00,80.00,3.00
359836,354.41,-1.33,-1.87,0.70,0.83,2.38,6.29,2.16,4.25,0.00,80.00,3.00
359865,354.45,-1.33,-1.86,0.72,0.84,2.35,6.27,2.17,4.21,0.00,80.00,3.00
359894,354.46,-1.33,-1.86,0.65,0.92,2.30,6.19,2.24,4.16,0.00,80.00,3.00
359923,354.48,-1.33,-1.86,0.57,0.94,2.27,6.09,2.27,4.12,0.00,80.00,3.00
359953,354.52,-1.33,-1.86,0.52,0.96,2.25,6.00,2.29,4.11,0.00,80.00,3.00
359982,354.54,-1.33,-1.87,0.46,0.96,2.19,5.93,2.29,4.06,0.00,80.00,3.00
360014,354.57,-1.33,-1.87,0.48,0.94,2.29,5.91,2.27,4.17,0.00,80.00,3.00
360043,354.65,-1.33,-1.88,0.47,0.86,2.32,5.82,2.19,4.20,0.00,80.00,3.00
360072,354.67,-1.34,-1.87,0.57,0.78,2.36,5.91,2.11,4.23,0.00,80.00,3.00
360101,354.65,-1.33,-1.87,0.60,0.74,2.40,5.95,2.07,4.27,0.00,80.00,3.00
360131,354.65,-1.32,-1.88,0.70,0.70,2.36,6.05,2.02,4.24,0.00,80.00,3.00
360160,354.70,-1.32,-1.87,0.77,0.71,2.35,6.07,2.03,4.23,0.00,80.00,3.00
360189,354.74,-1.32,-1.88,0.68,0.76,2.37,5.93,2.08,4.25,0.00,80.00,3.00
360221,354.77,-1.32,-1.86,0.63,0.79,2.45,5.86,2.12,4.31,0.00,80.00,3.00
360250,354.85,-1.32,-1.86,0.56,0.83,2.46,5.72,2.15,4.32,0.00,80.00,3.00
360279,354.88,-1.31,-1.87,0.54,0.87,2.41,5.66,2.18,4.27,0.00,80.00,3.00
360325,354.83,-1.30,-1.87,0.47,0.91,2.48,5.64,2.21,4.35,0.00,80.00,3.00
360354,354.81,-1.30,-1.87,0.47,0.87,2.49,5.66,2.17,4.36,0.00,80.00,3.00
360383,354.79,-1.30,-1.87,0.44,0.87,2.40,5.64,2.18,4.28,0.00,80.00,3.00
360412,354.73,-1.31,-1.87,0.50,0.83,2.41,5.76,2.13,4.28,0.00,80.00,3.00
360444,354.72,-1.30,-1.86,0.55,0.82,2.41,5.83,2.12,4.27,0.00,80.00,3.00
360473,354.75,-1.29,-1.86,0.65,0.81,2.39,5.90,2.10,4.25,0.00,80.00,3.00
360502,354.79,-1.29,-1.86,0.61,0.79,2.47,5.83,2.09,4.33,0.00,80.00,3.00
360532,354.76,-1.29,-1.87,0.62,0.80,2.46,5.87,2.09,4.33,0.00,80.00,3.00
360561,354.75,-1.29,-1.88,0.76,0.81,2.49,6.01,2.10,4.37,0.00,80.00,3.00
360590,354.69,-1.29,-1.87,0.67,0.84,2.41,5.98,2.13,4.28,0.00,80.00,3.00
360619,354.65,-1.29,-1.88,0.66,0.89,2.40,6.01,2.17,4.29,0.00,80.00,3.00
360651,354.72,-1.29,-1.88,0.71,0.87,2.25,5.99,2.15,4.13,0.00,80.00,3.00
360704,354.73,-1.29,-1.88,0.79,0.88,2.28,6.06,2.17,4.16,0.00,80.00,3.00
360733,354.70,-1.28,-1.87,0.74,0.91,2.22,6.04,2.19,4.09,0.00,80.00,3.00
360762,354.82,-1.29,-1.86,0.78,0.91,2.33,5.96,2.20,4.20,0.00,80.00,3.00
360791,354.78,-1.28,-1.86,0.72,0.92,2.37,5.94,2.20,4.22,0.00,80.00,3.00
360820,354.80,-1.28,-1.86,0.73,0.85,2.41,5.93,2.13,4.27,0.00,80.00,3.00
360849,354.79,-1.28,-1.87,0.68,0.85,2.45,5.89,2.12,4.31,0.00,80.00,3.00
360881,354.82,-1.27,-1.87,0.67,0.86,2.42,5.84,2.14,4.30,0.00,80.00,3.00
360910,354.80,-1.27,-1.88,0.65,0.88,2.47,5.85,2.15,4.35,0.00,80.00,3.00
360939,354.84,-1.27,-1.87,0.62,0.90,2.49,5.78,2.17,4.36,0.00,80.00,3.00
360969,354.87,-1.27,-1.87,0.65,0.97,2.46,5.78,2.24,4.33,0.00,80.00,3.00
360998,354.87,-1.26,-1.86,0.59,0.96,2.49,5.71,2.22,4.34,0.00,80.00,3.00
361027,354.86,-1.26,-1.86,0.62,0.95,2.51,5.76,2.21,4.37,0.00,80.00,3.00
361056,354.83,-1.27,-1.85,0.55,0.95,2.49,5.73,2.22,4.34,0.00,80.00,3.00
361088,354.87,-1.26,-1.86,0.65,0.92,2.48,5.77,2.18,4.34,0.00,80.00,3.00
361117,354.83,-1.26,-1.86,0.68,0.86,2.53,5.85,2.13,4.39,0.00,80.00,3.00
361146,354.84,-1.26,-1.86,0.74,0.83,2.50,5.90,2.10,4.37,0.00,80.00,3.00
361175,354.80,-1.26,-1.86,0.77,0.83,2.45,5.96,2.09,4.31,0.00,80.00,3.00
361204,354.82,-1.25,-1.87,0.66,0.82,2.39,5.84,2.07,4.26,0.00,80.00,3.00
361233,354.78,-1.25,-1.88,0.69,0.78,2.37,5.91,2.03,4.25,0.00,80.00,3.00
361262,354.77,-1.23,-1.88,0.55,0.82,2.38,5.79,2.06,4.25,0.00,80.00,3.00
361294,354.76,-1.23,-1.87,0.53,0.87,2.37,5.77,2.10,4.24,0.00,80.00,3.00
361323,354.73,-1.23,-1.87,0.54,0.87,2.38,5.80,2.09,4.25,0.00,80.00,3.00
361352,354.68,-1.23,-1.87,0.63,0.84,2.43,5.95,2.07,4.30,0.00,80.00,3.00
361382,354.66,-1.22,-1.87,0.76,0.82,2.39,6.10,2.05,4.26,0.00,80.00,3.00
361411,354.61,-1.23,-1.87,0.85,0.86,2.36,6.25,2.09,4.23,0.00,80.00,3.00
361440,354.55,-1.24,-1.86,0.84,0.86,2.24,6.29,2.10,4.09,0.00,80.00,3.00
361469,354.53,-1.24,-1.85,0.80,0.88,2.29,6.27,2.12,4.14,0.00,80.00,3.00
361501,354.62,-1.24,-1.85,0.72,0.89,2.32,6.10,2.13,4.17,0.00,80.00,3.00
361530,354.56,-1.24,-1.86,0.67,0.94,2.31,6.12,2.18,4.16,0.00,80.00,3.00
361559,354.51,-1.24,-1.87,0.68,0.92,2.36,6.17,2.15,4.23,0.00,80.00,3.00
361588,354.49,-1.23,-1.87,0.61,0.89,2.37,6.12,2.12,4.24,0.00,80.00,3.00
361633,354.52,-1.24,-1.87,0.65,0.90,2.47,6.13,2.14,4.33,0.00,80.00,3.00
361662,354.48,-1.24,-1.87,0.66,0.90,2.43,6.19,2.15,4.29,0.00,80.00,3.00
361691,354.44,-1.24,-1.86,0.71,0.93,2.45,6.27,2.18,4.31,0.00,80.00,3.00
361723,354.36,-1.25,-1.85,0.70,0.91,2.51,6.34,2.16,4.36,0.00,80.00,3.00
361752,354.38,-1.24,-1.85,0.61,0.93,2.49,6.23,2.17,4.34,0.00,80.00,3.00
361781,354.33,-1.25,-1.84,0.58,0.91,2.47,6.25,2.16,4.32,0.00,80.00,3.00
361811,354.32,-1.25,-1.85,0.59,0.90,2.37,6.28,2.15,4.21,0.00,80.00,3.00
361840,354.29,-1.25,-1.85,0.57,0.88,2.33,6.29,2.13,4.18,0.00,80.00,3.00
361884,354.29,-1.25,-1.85,0.59,0.84,2.32,6.29,2.09,4.17,0.00,80.00,3.00
361913,354.27,-1.24,-1.85,0.58,0.88,2.29,6.31,2.12,4.14,0.00,80.00,3.00
361945,354.30,-1.24,-1.86,0.62,0.85,2.30,6.32,2.09,4.16,0.00,80.00,3.00
361974,354.30,-1.23,-1.86,0.64,0.86,2.32,6.33,2.09,4.18,0.00,80.00,3.00
362003,354.31,-1.24,-1.87,0.63,0.85,2.30,6.32,2.09,4.17,0.00,80.00,3.00
362032,354.28,-1.24,-1.87,0.69,0.83,2.26,6.41,2.07,4.13,0.00,80.00,3.00
362061,354.34,-1.24,-1.86,0.80,0.82,2.26,6.46,2.06,4.12,0.00,80.00,3.00
362091,354.35,-1.24,-1.86,0.90,0.81,2.30,6.55,2.06,4.15,0.00,80.00,3.00
362119,354.36,-1.24,-1.87,0.87,0.81,2.34,6.51,2.06,4.20,0.00,80.00,3.00
362152,354.38,-1.24,-1.87,0.93,0.82,2.39,6.55,2.06,4.25,0.00,80.00,3.00
362181,354.30,-1.24,-1.87,0.89,0.83,2.42,6.59,2.07,4.29,0.00,80.00,3.00
362210,354.26,-1.24,-1.88,0.76,0.82,2.45,6.50,2.06,4.33,0.00,80.00,3.00
362239,354.27,-1.25,-1.88,0.63,0.87,2.44,6.36,2.12,4.32,0.00,80.00,3.00
362268,354.16,-1.24,-1.88,0.71,0.93,2.42,6.55,2.18,4.31,0.00,80.00,3.00
362297,354.24,-1.24,-1.88,0.59,0.93,2.35,6.36,2.17,4.22,0.00,80.00,3.00
362326,354.22,-1.24,-1.88,0.56,0.94,2.38,6.33,2.19,4.26,0.00,80.00,3.00
362367,354.25,-1.24,-1.88,0.55,0.94,2.37,6.30,2.18,4.25,0.00,80.00,3.00
362396,354.22,-1.24,-1.88,0.51,0.96,2.33,6.30,2.21,4.21,0.00,80.00,3.00
362425,354.25,-1.25,-1.87,0.61,0.90,2.35,6.36,2.15,4.22,0.00,80.00,3.00
362454,354.19,-1.25,-1.88,0.57,0.92,2.39,6.39,2.16,4.27,0.00,80.00,3.00
362483,354.19,-1.24,-1.88,0.63,0.95,2.43,6.45,2.20,4.31,0.00,80.00,3.00
362512,354.23,-1.24,-1.89,0.58,0.98,2.40,6.35,2.23,4.30,0.00,80.00,3.00
362542,354.31,-1.24,-1.90,0.67,0.96,2.38,6.36,2.21,4.28,0.00,80.00,3.00
362574,354.34,-1.25,-1.90,0.77,0.97,2.41,6.44,2.21,4.31,0.00,80.00,3.00
362602,354.30,-1.24,-1.90,0.75,0.99,2.41,6.46,2.23,4.31,0.00,80.00,3.00
362631,354.35,-1.25,-1.88,0.75,0.93,2.39,6.41,2.18,4.27,0.00,80.00,3.00
362660,354.39,-1.25,-1.89,0.83,0.89,2.36,6.44,2.14,4.24,0.00,80.00,3.00
362689,354.48,-1.25,-1.89,0.83,0.88,2.34,6.35,2.13,4.23,0.00,80.00,3.00
362718,354.45,-1.26,-1.89,0.83,0.94,2.35,6.39,2.20,4.24,0.00,80.00,3.00
362747,354.45,-1.27,-1.89,0.72,0.92,2.30,6.28,2.19,4.18,0.00,80.00,3.00
362779,354.43,-1.28,-1.89,0.67,0.93,2.24,6.24,2.21,4.13,0.00,80.00,3.00
362808,354.40,-1.28,-1.89,0.69,0.91,2.23,6.29,2.19,4.12,0.00,80.00,3.00
362836,354.41,-1.29,-1.89,0.60,0.91,2.19,6.19,2.20,4.07,0.00,80.00,3.00
362865,354.40,-1.28,-1.89,0.60,0.86,2.19,6.20,2.15,4.08,0.00,80.00,3.00
362894,354.42,-1.29,-1.89,0.58,0.82,2.20,6.16,2.11,4.08,0.00,80.00,3.00
362939,354.46,-1.29,-1.89,0.56,0.86,2.22,6.10,2.14,4.11,0.00,80.00,3.00
362968,354.51,-1.28,-1.89,0.61,0.88,2.24,6.09,2.16,4.13,0.00,80.00,3.00
363000,354.54,-1.28,-1.90,0.68,0.91,2.26,6.14,2.19,4.16,0.00,80.00,3.00
363053,354.53,-1.28,-1.90,0.69,0.93,2.25,6.16,2.21,4.15,0.00,80.00,3.00
363082,354.47,-1.28,-1.89,0.72,0.94,2.25,6.26,2.22,4.14,0.00,80.00,3.00
363112,354.45,-1.28,-1.89,0.70,0.94,2.32,6.25,2.22,4.20,0.00,80.00,3.00
363141,354.46,-1.28,-1.89,0.74,0.86,2.37,6.28,2.14,4.26,0.00,80.00,3.00
363170,354.45,-1.28,-1.90,0.75,0.84,2.35,6.30,2.11,4.24,0.00,80.00,3.00
363200,354.44,-1.27,-1.90,0.75,0.82,2.36,6.31,2.10,4.25,0.00,80.00,3.00
363232,354.46,-1.28,-1.90,0.84,0.91,2.44,6.38,2.19,4.34,0.00,80.00,3.00
363261,354.45,-1.28,-1.91,0.87,0.97,2.40,6.42,2.25,4.31,0.00,80.00,3.00
363291,354.44,-1.28,-1.92,0.99,0.97,2.37,6.55,2.25,4.28,0.00,80.00,3.00
363320,354.44,-1.28,-1.92,0.83,0.98,2.40,6.39,2.27,4.32,0.00,80.00,3.00
363349,354.50,-1.28,-1.92,0.80,0.94,2.41,6.29,2.22,4.33,0.00,80.00,3.00
363379,354.56,-1.28,-1.91,0.79,0.95,2.49,6.24,2.23,4.40,0.00,80.00,3.00
363408,354.52,-1.29,-1.91,0.70,0.92,2.50,6.18,2.20,4.41,0.00,80.00,3.00
363440,354.54,-1.29,-1.91,0.69,0.92,2.54,6.15,2.21,4.45,0.00,80.00,3.00
363469,354.55,-1.29,-1.91,0.72,0.90,2.59,6.17,2.19,4.50,0.00,80.00,3.00
363499,354.61,-1.29,-1.91,0.73,0.92,2.54,6.12,2.21,4.45,0.00,80.00,3.00
363528,354.59,-1.29,-1.92,0.78,0.90,2.44,6.19,2.19,4.36,0.00,80.00,3.00
363557,354.58,-1.30,-1.92,0.82,0.88,2.40,6.24,2.17,4.32,0.00,80.00,3.00
363587,354.54,-1.29,-1.92,0.85,0.94,2.32,6.31,2.23,4.25,0.00,80.00,3.00
363616,354.61,-1.30,-1.92,0.89,0.94,2.29,6.28,2.24,4.21,0.00,80.00,3.00
363648,354.60,-1.30,-1.91,0.95,0.92,2.25,6.35,2.22,4.16,0.00,80.00,3.00
363678,354.56,-1.31,-1.90,0.91,0.90,2.27,6.36,2.21,4.17,0.00,80.00,3.00
363707,354.61,-1.31,-1.91,0.81,0.90,2.25,6.20,2.21,4.16,0.00,80.00,3.00
363736,354.66,-1.32,-1.90,0.82,0.83,2.29,6.16,2.15,4.19,0.00,80.00,3.00
363766,354.67,-1.32,-1.91,0.77,0.81,2.28,6.10,2.13,4.19,0.00,80.00,3.00
363795,354.71,-1.32,-1.91,0.72,0.82,2.33,6.01,2.14,4.24,0.00,80.00,3.00
363824,354.69,-1.32,-1.92,0.79,0.84,2.40,6.10,2.16,4.31,0.00,80.00,3.00
363856,354.66,-1.32,-1.92,0.77,0.82,2.45,6.11,2.14,4.36,0.00,80.00,3.00
363886,354.66,-1.32,-1.91,0.76,0.85,2.54,6.10,2.17,4.45,0.00,80.00,3.00
363915,354.73,-1.33,-1.91,0.76,0.85,2.48,6.04,2.18,4.39,0.00,80.00,3.00
363944,354.75,-1.32,-1.91,0.73,0.85,2.38,5.98,2.18,4.29,0.00,80.00,3.00
363974,354.78,-1.32,-1.91,0.73,0.88,2.29,5.94,2.21,4.20,0.00,80.00,3.00
364011,354.73,-1.33,-1.90,0.69,0.90,2.23,5.96,2.23,4.13,0.00,80.00,3.00
364041,354.73,-1.34,-1.90,0.70,0.92,2.12,5.96,2.26,4.02,0.00,80.00,3.00
364073,354.67,-1.34,-1.89,0.70,0.92,2.10,6.03,2.25,3.99,0.00,80.00,3.00
364102,354.67,-1.34,-1.89,0.68,0.96,2.17,6.01,2.29,4.06,0.00,80.00,3.00
364131,354.69,-1.34,-1.90,0.68,0.99,2.20,6.00,2.32,4.10,0.00,80.00,3.00
364160,354.63,-1.34,-1.91,0.69,1.00,2.26,6.07,2.34,4.17,0.00,80.00,3.00
364205,354.56,-1.34,-1.90,0.74,1.01,2.24,6.19,2.35,4.14,0.00,80.00,3.00
364234,354.55,-1.35,-1.89,0.78,1.00,2.30,6.23,2.35,4.19,0.00,80.00,3.00
364280,354.62,-1.34,-1.89,0.77,1.03,2.33,6.15,2.37,4.22,0.00,80.00,3.00
364312,354.67,-1.33,-1.87,0.80,1.02,2.30,6.13,2.35,4.18,0.00,80.00,3.00
364341,354.67,-1.33,-1.88,0.79,0.97,2.27,6.13,2.30,4.15,0.00,80.00,3.00
364370,354.67,-1.34,-1.88,0.76,0.96,2.31,6.09,2.30,4.18,0.00,80.00,3.00
364399,354.67,-1.33,-1.88,0.73,0.98,2.31,6.06,2.31,4.18,0.00,80.00,3.00
364429,354.75,-1.33,-1.88,0.70,0.95,2.24,5.94,2.29,4.12,0.00,80.00,3.00
364458,354.72,-1.34,-1.89,0.69,0.91,2.22,5.97,2.25,4.12,0.00,80.00,3.00
364487,354.74,-1.34,-1.90,0.76,0.96,2.34,6.02,2.30,4.24,0.00,80.00,3.00
364515,354.63,-1.34,-1.89,0.80,0.95,2.34,6.17,2.29,4.23,0.00,80.00,3.00
364544,354.58,-1.34,-1.88,0.78,0.96,2.40,6.20,2.30,4.28,0.00,80.00,3.00
364573,354.55,-1.34,-1.89,0.84,0.98,2.44,6.29,2.32,4.32,0.00,80.00,3.00
364602,354.65,-1.34,-1.88,0.79,0.98,2.42,6.15,2.31,4.31,0.00,80.00,3.00
364631,354.66,-1.33,-1.88,0.70,0.92,2.39,6.04,2.25,4.27,0.00,80.00,3.00
364660,354.67,-1.33,-1.88,0.69,0.90,2.35,6.02,2.24,4.23,0.00,80.00,3.00
364690,354.61,-1.34,-1.87,0.77,0.88,2.33,6.16,2.22,4.20,0.00,80.00,3.00
364719,354.61,-1.33,-1.87,0.85,0.86,2.29,6.24,2.20,4.16,0.00,80.00,3.00
364751,354.53,-1.33,-1.87,0.80,0.87,2.20,6.27,2.20,4.07,0.00,80.00,3.00
364780,354.62,-1.34,-1.86,0.81,0.88,2.10,6.20,2.22,3.97,0.00,80.00,3.00
364810,354.63,-1.34,-1.86,0.87,0.86,2.08,6.24,2.21,3.94,0.00,80.00,3.00
364839,354.57,-1.34,-1.86,0.80,0.86,2.04,6.23,2.20,3.90,0.00,80.00,3.00
364868,354.47,-1.35,-1.87,0.73,0.86,2.12,6.25,2.21,3.99,0.00,80.00,3.00
364897,354.51,-1.35,-1.87,0.76,0.82,2.11,6.25,2.17,3.98,0.00,80.00,3.00
364926,354.63,-1.35,-1.87,0.82,0.86,2.23,6.19,2.21,4.10,0.00,80.00,3.00
364958,354.59,-1.35,-1.87,0.86,0.85,2.30,6.27,2.20,4.18,0.00,80.00,3.00
364988,354.62,-1.35,-1.87,0.79,0.89,2.34,6.17,2.23,4.21,0.00,80.00,3.00
365017,354.64,-1.35,-1.88,0.84,0.88,2.42,6.20,2.23,4.30,0.00,80.00,3.00
365046,354.61,-1.34,-1.87,0.79,0.92,2.43,6.18,2.27,4.30,0.00,80.00,3.00
365075,354.60,-1.34,-1.87,0.75,0.94,2.48,6.15,2.27,4.35,0.00,80.00,3.00
365104,354.61,-1.34,-1.87,0.68,0.88,2.46,6.08,2.22,4.32,0.00,80.00,3.00
365134,354.59,-1.34,-1.87,0.66,0.91,2.45,6.07,2.25,4.32,0.00,80.00,3.00
365166,354.56,-1.34,-1.87,0.60,0.93,2.46,6.04,2.26,4.33,0.00,80.00,3.00
365195,354.54,-1.34,-1.88,0.64,0.90,2.45,6.10,2.24,4.33,0.00,80.00,3.00
365224,354.52,-1.34,-1.87,0.66,0.90,2.43,6.14,2.24,4.30,0.00,80.00,3.00
365253,354.56,-1.33,-1.87,0.77,0.92,2.38,6.20,2.25,4.25,0.00,80.00,3.00
365282,354.54,-1.34,-1.86,0.81,0.93,2.38,6.27,2.27,4.24,0.00,80.00,3.00
365311,354.53,-1.34,-1.85,0.90,0.95,2.33,6.37,2.29,4.18,0.00,80.00,3.00
365340,354.56,-1.34,-1.85,0.97,1.00,2.30,6.41,2.34,4.15,0.00,80.00,3.00
365389,354.64,-1.34,-1.84,0.89,0.95,2.23,6.25,2.29,4.08,0.00,80.00,3.00
365419,354.67,-1.34,-1.85,0.87,0.98,2.20,6.20,2.32,4.04,0.00,80.00,3.00
365448,354.70,-1.34,-1.84,0.75,1.02,2.12,6.05,2.36,3.96,0.00,80.00,3.00
365477,354.63,-1.34,-1.84,0.75,1.04,2.12,6.12,2.38,3.96,0.00,80.00,3.00
365506,354.64,-1.34,-1.84,0.59,0.96,2.14,5.95,2.31,3.98,0.00,80.00,3.00
365535,354.64,-1.34,-1.85,0.64,0.97,2.14,6.00,2.30,3.99,0.00,80.00,3.00
365581,354.65,-1.34,-1.86,0.61,0.95,2.21,5.96,2.29,4.07,0.00,80.00,3.00
365613,354.63,-1.34,-1.86,0.63,0.93,2.26,6.00,2.27,4.12,0.00,80.00,3.00
365642,354.64,-1.34,-1.86,0.65,0.88,2.30,6.01,2.22,4.17,0.00,80.00,3.00
365680,354.63,-1.35,-1.86,0.67,0.82,2.25,6.04,2.17,4.11,0.00,80.00,3.00
365709,354.70,-1.35,-1.85,0.67,0.81,2.31,5.98,2.16,4.16,0.00,80.00,3.00
365738,354.68,-1.34,-1.85,0.61,0.85,2.28,5.93,2.19,4.13,0.00,80.00,3.00
365767,354.63,-1.34,-1.86,0.66,0.83,2.28,6.03,2.17,4.15,0.00,80.00,3.00
365796,354.57,-1.34,-1.86,0.63,0.86,2.29,6.06,2.20,4.16,0.00,80.00,3.00
365829,354.56,-1.34,-1.87,0.72,0.90,2.38,6.16,2.24,4.25,0.00,80.00,3.00
365858,354.56,-1.34,-1.87,0.67,0.98,2.34,6.12,2.32,4.21,0.00,80.00,3.00
365887,354.55,-1.34,-1.88,0.72,0.97,2.38,6.17,2.31,4.26,0.00,80.00,3.00
365916,354.57,-1.34,-1.88,0.64,0.95,2.40,6.07,2.29,4.28,0.00,80.00,3.00
365945,354.53,-1.34,-1.87,0.65,0.94,2.42,6.12,2.28,4.29,0.00,80.00,3.00
365974,354.55,-1.34,-1.86,0.59,0.93,2.42,6.04,2.27,4.28,0.00,80.00,3.00
366003,354.53,-1.34,-1.86,0.52,0.88,2.39,5.99,2.21,4.25,0.00,80.00,3.00
366036,354.61,-1.34,-1.85,0.51,0.89,2.38,5.90,2.23,4.23,0.00,80.00,3.00
366065,354.65,-1.33,-1.86,0.57,0.92,2.38,5.92,2.26,4.24,0.00,80.00,3.00
366094,354.68,-1.34,-1.86,0.64,0.95,2.34,5.96,2.29,4.20,0.00,80.00,3.00
366123,354.70,-1.34,-1.86,0.61,0.91,2.33,5.91,2.25,4.18,0.00,80.00,3.00
366152,354.66,-1.35,-1.86,0.71,0.91,2.39,6.05,2.27,4.25,0.00,80.00,3.00
366181,354.64,-1.35,-1.87,0.83,0.87,2.46,6.18,2.23,4.33,0.00,80.00,3.00
366211,354.66,-1.35,-1.87,0.81,0.88,2.44,6.15,2.23,4.31,0.00,80.00,3.00
366243,354.70,-1.36,-1.87,0.87,0.82,2.43,6.17,2.18,4.30,0.00,80.00,3.00
366272,354.78,-1.35,-1.87,0.79,0.80,2.44,6.01,2.15,4.31,0.00,80.00,3.00
366301,354.77,-1.34,-1.87,0.83,0.78,2.41,6.06,2.12,4.28,0.00,80.00,3.00
366330,354.81,-1.34,-1.86,0.76,0.85,2.39,5.94,2.19,4.25,0.00,80.00,3.00
366360,354.88,-1.34,-1.86,0.80,0.89,2.38,5.91,2.23,4.24,0.00,80.00,3.00
366389,354.90,-1.35,-1.86,0.79,0.89,2.41,5.89,2.23,4.26,0.00,80.00,3.00
366418,354.84,-1.34,-1.85,0.75,0.90,2.42,5.91,2.24,4.27,0.00,80.00,3.00
366450,354.76,-1.34,-1.85,0.70,0.92,2.45,5.94,2.25,4.30,0.00,80.00,3.00
366479,354.77,-1.34,-1.85,0.61,0.83,2.44,5.84,2.18,4.29,0.00,80.00,3.00
366524,354.77,-1.35,-1.84,0.72,0.77,2.43,5.95,2.12,4.27,0.00,80.00,3.00
366553,354.70,-1.34,-1.84,0.62,0.75,2.46,5.93,2.10,4.30,0.00,80.00,3.00
366582,354.70,-1.34,-1.84,0.71,0.72,2.41,6.01,2.07,4.26,0.00,80.00,3.00
366611,354.77,-1.35,-1.84,0.75,0.76,2.37,5.97,2.10,4.21,0.00,80.00,3.00
366640,354.77,-1.35,-1.84,0.79,0.77,2.38,6.02,2.12,4.22,0.00,80.00,3.00
366673,354.77,-1.34,-1.84,0.77,0.86,2.36,6.00,2.20,4.20,0.00,80.00,3.00
366702,354.85,-1.34,-1.84,0.66,0.91,2.34,5.81,2.25,4.18,0.00,80.00,3.00
366731,354.82,-1.34,-1.84,0.54,0.90,2.39,5.73,2.24,4.23,0.00,80.00,3.00
366760,354.79,-1.34,-1.84,0.53,0.89,2.40,5.74,2.22,4.24,0.00,80.00,3.00
366789,354.76,-1.33,-1.85,0.47,0.90,2.40,5.72,2.24,4.26,0.00,80.00,3.00
366818,354.79,-1.32,-1.86,0.48,0.84,2.46,5.69,2.17,4.31,0.00,80.00,3.00
366847,354.80,-1.33,-1.86,0.53,0.85,2.47,5.73,2.18,4.32,0.00,80.00,3.00
366895,354.72,-1.33,-1.86,0.61,0.84,2.44,5.89,2.17,4.30,0.00,80.00,3.00
366924,354.71,-1.33,-1.87,0.62,0.85,2.39,5.90,2.18,4.26,0.00,80.00,3.00
366953,354.70,-1.33,-1.87,0.74,0.86,2.40,6.04,2.18,4.28,0.00,80.00,3.00
366982,354.61,-1.33,-1.87,0.74,0.86,2.43,6.13,2.18,4.31,0.00,80.00,3.00
367012,354.63,-1.33,-1.87,0.80,0.85,2.47,6.17,2.18,4.34,0.00,80.00,3.00
367041,354.64,-1.33,-1.88,0.77,0.84,2.51,6.13,2.17,4.38,0.00,80.00,3.00
367070,354.68,-1.33,-1.88,0.61,0.83,2.50,5.93,2.16,4.37,0.00,80.00,3.00
367102,354.65,-1.33,-1.87,0.62,0.81,2.49,5.97,2.14,4.36,0.00,80.00,3.00
367131,354.63,-1.33,-1.87,0.50,0.84,2.43,5.87,2.17,4.30,0.00,80.00,3.00
367160,354.63,-1.33,-1.87,0.42,0.91,2.44,5.79,2.24,4.32,0.00,80.00,3.00
367189,354.62,-1.32,-1.87,0.43,0.94,2.36,5.81,2.26,4.23,0.00,80.00,3.00
367218,354.64,-1.31,-1.87,0.55,0.97,2.35,5.91,2.29,4.22,0.00,80.00,3.00
367248,354.61,-1.31,-1.88,0.59,1.05,2.36,5.98,2.36,4.24,0.00,80.00,3.00
367277,354.62,-1.31,-1.88,0.72,1.02,2.39,6.10,2.33,4.26,0.00,80.00,3.00
367309,354.64,-1.30,-1.88,0.80,0.95,2.32,6.16,2.26,4.20,0.00,80.00,3.00
367346,354.67,-1.32,-1.88,0.88,0.94,2.36,6.21,2.25,4.24,0.00,80.00,3.00
367375,354.72,-1.31,-1.88,0.96,0.89,2.37,6.24,2.20,4.25,0.00,80.00,3.00
367404,354.78,-1.30,-1.88,0.97,0.85,2.45,6.19,2.15,4.33,0.00,80.00,3.00
367434,354.76,-1.30,-1.88,0.89,0.81,2.47,6.13,2.11,4.35,0.00,80.00,3.00
367463,354.74,-1.30,-1.88,0.89,0.88,2.46,6.15,2.18,4.34,0.00,80.00,3.00
367492,354.67,-1.30,-1.88,0.90,0.88,2.49,6.23,2.18,4.37,0.00,80.00,3.00
367524,354.65,-1.30,-1.88,0.82,0.87,2.41,6.17,2.17,4.30,0.00,80.00,3.00
367553,354.68,-1.30,-1.89,0.77,0.94,2.38,6.09,2.24,4.28,0.00,80.00,3.00
367582,354.67,-1.30,-1.89,0.80,0.91,2.31,6.13,2.21,4.21,0.00,80.00,3.00
367611,354.66,-1.30,-1.88,0.79,0.84,2.30,6.13,2.14,4.18,0.00,80.00,3.00
367640,354.68,-1.30,-1.87,0.73,0.81,2.27,6.05,2.12,4.15,0.00,80.00,3.00
367685,354.67,-1.30,-1.87,0.71,0.84,2.28,6.04,2.13,4.15,0.00,80.00,3.00
367714,354.64,-1.29,-1.87,0.74,0.82,2.31,6.11,2.11,4.18,0.00,80.00,3.00
367746,354.68,-1.29,-1.87,0.75,0.84,2.29,6.08,2.13,4.15,0.00,80.00,3.00
367775,354.64,-1.29,-1.87,0.74,0.88,2.26,6.09,2.16,4.13,0.00,80.00,3.00
367805,354.63,-1.29,-1.87,0.82,0.95,2.23,6.18,2.24,4.10,0.00,80.00,3.00
367834,354.70,-1.30,-1.86,0.77,0.95,2.30,6.06,2.25,4.17,0.00,80.00,3.00
367863,354.66,-1.30,-1.86,0.84,0.90,2.25,6.18,2.20,4.11,0.00,80.00,3.00
367892,354.70,-1.30,-1.87,0.88,0.90,2.32,6.18,2.20,4.19,0.00,80.00,3.00
367921,354.72,-1.29,-1.87,0.85,0.88,2.31,6.13,2.17,4.18,0.00,80.00,3.00
367953,354.74,-1.29,-1.87,0.83,0.85,2.38,6.09,2.14,4.25,0.00,80.00,3.00
367982,354.71,-1.29,-1.88,0.84,0.91,2.33,6.12,2.21,4.20,0.00,80.00,3.00
368011,354.69,-1.29,-1.88,0.81,0.92,2.36,6.13,2.22,4.25,0.00,80.00,3.00
368040,354.69,-1.29,-1.89,0.71,0.92,2.34,6.02,2.20,4.22,0.00,80.00,3.00
368069,354.73,-1.29,-1.89,0.69,0.87,2.35,5.96,2.15,4.24,0.00,80.00,3.00
368098,354.79,-1.29,-1.88,0.70,0.85,2.32,5.91,2.14,4.21,0.00,80.00,3.00
368128,354.70,-1.29,-1.88,0.73,0.78,2.36,6.03,2.07,4.25,0.00,80.00,3.00
368159,354.71,-1.29,-1.88,0.75,0.75,2.37,6.04,2.04,4.25,0.00,80.00,3.00
368204,354.64,-1.29,-1.89,0.83,0.72,2.40,6.18,2.02,4.29,0.00,80.00,3.00
368234,354.61,-1.29,-1.89,0.80,0.77,2.40,6.19,2.06,4.28,0.00,80.00,3.00
368263,354.71,-1.29,-1.89,0.84,0.83,2.37,6.14,2.12,4.27,0.00,80.00,3.00
368292,354.69,-1.28,-1.90,0.82,0.84,2.42,6.13,2.12,4.32,0.00,80.00,3.00
368321,354.71,-1.28,-1.89,0.79,0.87,2.47,6.08,2.16,4.36,0.00,80.00,3.00
368350,354.72,-1.28,-1.88,0.72,0.90,2.49,6.01,2.18,4.37,0.00,80.00,3.00
368382,354.69,-1.28,-1.90,0.84,0.94,2.40,6.16,2.22,4.29,0.00,80.00,3.00
368411,354.72,-1.28,-1.89,0.80,0.93,2.38,6.08,2.22,4.28,0.00,80.00,3.00
368440,354.73,-1.28,-1.89,0.81,0.94,2.40,6.08,2.22,4.29,0.00,80.00,3.00
368469,354.69,-1.28,-1.89,0.74,1.01,2.29,6.05,2.28,4.18,0.00,80.00,3.00
368498,354.74,-1.28,-1.88,0.83,0.98,2.33,6.09,2.25,4.21,0.00,80.00,3.00
368527,354.70,-1.27,-1.89,0.79,0.91,2.35,6.09,2.19,4.24,0.00,80.00,3.00
368556,354.72,-1.27,-1.87,0.76,0.94,2.29,6.04,2.21,4.16,0.00,80.00,3.00
368589,354.74,-1.27,-1.87,0.75,0.94,2.35,6.01,2.21,4.22,0.00,80.00,3.00
368618,354.74,-1.27,-1.85,0.71,0.91,2.37,5.97,2.18,4.22,0.00,80.00,3.00
368647,354.77,-1.28,-1.86,0.82,0.92,2.38,6.05,2.19,4.23,0.00,80.00,3.00
368676,354.74,-1.28,-1.86,0.76,0.93,2.34,6.02,2.20,4.20,0.00,80.00,3.00
368705,354.72,-1.28,-1.87,0.74,0.92,2.37,6.01,2.20,4.24,0.00,80.00,3.00
368734,354.68,-1.28,-1.87,0.66,0.87,2.40,5.98,2.15,4.27,0.00,80.00,3.00
368763,354.78,-1.28,-1.88,0.66,0.86,2.34,5.89,2.14,4.22,0.00,80.00,3.00
368811,354.76,-1.28,-1.88,0.68,0.84,2.38,5.92,2.12,4.25,0.00,80.00,3.00
368840,354.80,-1.29,-1.88,0.70,0.85,2.27,5.90,2.14,4.14,0.00,80.00,3.00
368869,354.80,-1.29,-1.88,0.79,0.89,2.33,5.99,2.17,4.21,0.00,80.00,3.00
368898,354.79,-1.29,-1.88,0.81,0.92,2.30,6.02,2.21,4.18,0.00,80.00,3.00
368927,354.73,-1.29,-1.87,0.86,0.95,2.33,6.14,2.24,4.20,0.00,80.00,3.00
368957,354.81,-1.29,-1.87,0.87,0.93,2.32,6.06,2.22,4.18,0.00,80.00,3.00
368994,354.91,-1.29,-1.87,0.87,0.93,2.28,5.97,2.21,4.15,0.00,80.00,3.00
369026,355.00,-1.29,-1.88,0.80,0.87,2.35,5.79,2.17,4.23,0.00,80.00,3.00
369055,355.02,-1.30,-1.87,0.77,0.86,2.27,5.74,2.16,4.14,0.00,80.00,3.00
369084,354.97,-1.30,-1.88,0.87,0.88,2.31,5.90,2.18,4.18,0.00,80.00,3.00
369113,354.93,-1.30,-1.88,0.89,0.89,2.33,5.96,2.19,4.22,0.00,80.00,3.00
369142,354.91,-1.28,-1.89,0.83,0.88,2.31,5.91,2.16,4.20,0.00,80.00,3.00
369171,354.88,-1.29,-1.90,0.80,0.92,2.34,5.92,2.21,4.25,0.00,80.00,3.00
369200,354.91,-1.28,-1.90,0.75,0.92,2.40,5.84,2.20,4.30,0.00,80.00,3.00
369232,354.90,-1.29,-1.89,0.69,0.89,2.37,5.79,2.19,4.26,0.00,80.00,3.00
369261,354.92,-1.29,-1.89,0.62,0.87,2.41,5.70,2.16,4.30,0.00,80.00,3.00
369290,354.93,-1.29,-1.89,0.72,0.88,2.39,5.79,2.16,4.28,0.00,80.00,3.00
369319,354.90,-1.28,-1.90,0.76,0.88,2.43,5.86,2.16,4.32,0.00,80.00,3.00
369348,354.82,-1.27,-1.91,0.86,0.89,2.43,6.05,2.17,4.34,0.00,80.00,3.00
369377,354.83,-1.28,-1.92,0.83,0.86,2.42,6.00,2.13,4.34,0.00,80.00,3.00
369406,354.77,-1.27,-1.92,0.95,0.81,2.43,6.18,2.07,4.36,0.00,80.00,3.00
369438,354.78,-1.27,-1.92,0.93,0.79,2.39,6.15,2.06,4.31,0.00,80.00,3.00
369467,354.78,-1.27,-1.92,0.95,0.80,2.45,6.17,2.07,4.37,0.00,80.00,3.00
369512,354.82,-1.27,-1.92,0.78,0.81,2.34,5.96,2.07,4.26,0.00,80.00,3.00
369540,354.81,-1.26,-1.91,0.77,0.83,2.40,5.96,2.08,4.31,0.00,80.00,3.00
369569,354.76,-1.25,-1.90,0.71,0.90,2.36,5.95,2.16,4.27,0.00,80.00,3.00
369598,354.76,-1.26,-1.91,0.71,0.91,2.41,5.95,2.17,4.31,0.00,80.00,3.00
369627,354.72,-1.26,-1.91,0.61,0.99,2.35,5.90,2.25,4.26,0.00,80.00,3.00
369664,354.84,-1.26,-1.91,0.61,1.02,2.33,5.78,2.28,4.25,0.00,80.00,3.00
369693,354.81,-1.27,-1.91,0.65,1.02,2.38,5.84,2.28,4.29,0.00,80.00,3.00
369722,354.84,-1.27,-1.91,0.64,1.01,2.31,5.80,2.28,4.22,0.00,80.00,3.00
369751,354.77,-1.28,-1.91,0.68,0.99,2.31,5.91,2.27,4.22,0.00,80.00,3.00
369779,354.77,-1.28,-1.90,0.77,0.92,2.32,6.00,2.20,4.22,0.00,80.00,3.00
369808,354.90,-1.28,-1.89,0.76,0.89,2.28,5.86,2.17,4.17,0.00,80.00,3.00
369837,354.86,-1.28,-1.90,0.83,0.90,2.20,5.97,2.18,4.10,0.00,80.00,3.00
369869,354.87,-1.28,-1.90,0.86,0.92,2.16,5.99,2.20,4.06,0.00,80.00,3.00
369898,354.87,-1.28,-1.89,0.87,0.92,2.16,5.99,2.20,4.05,0.00,80.00,3.00
369928,354.87,-1.28,-1.90,0.80,0.99,2.16,5.92,2.27,4.05,0.00,80.00,3.00
369973,354.82,-1.28,-1.90,0.81,1.00,2.19,5.99,2.28,4.08,0.00,80.00,3.00
370003,354.82,-1.29,-1.89,0.87,0.99,2.34,6.05,2.28,4.23,0.00,80.00,3.00
370032,354.75,-1.29,-1.90,0.86,1.05,2.33,6.10,2.34,4.23,0.00,80.00,3.00
370061,354.85,-1.29,-1.89,0.94,1.09,2.42,6.08,2.38,4.31,0.00,80.00,3.00
370093,354.80,-1.29,-1.91,0.90,1.08,2.40,6.09,2.37,4.31,0.00,80.00,3.00
370123,354.82,-1.30,-1.92,0.95,1.02,2.50,6.14,2.32,4.42,0.00,80.00,3.00
370152,354.84,-1.30,-1.92,0.95,1.04,2.46,6.11,2.34,4.39,0.00,80.00,3.00
370181,354.80,-1.29,-1.92,0.95,1.02,2.49,6.14,2.31,4.42,0.00,80.00,3.00
370210,354.83,-1.29,-1.92,0.85,0.93,2.46,6.02,2.22,4.37,0.00,80.00,3.00
370240,354.89,-1.29,-1.91,0.83,0.89,2.48,5.94,2.18,4.39,0.00,80.00,3.00
370269,354.92,-1.30,-1.90,0.78,0.89,2.44,5.86,2.19,4.34,0.00,80.00,3.00
370301,354.90,-1.30,-1.90,0.73,0.91,2.44,5.83,2.21,4.33,0.00,80.00,3.00
370330,354.93,-1.31,-1.90,0.77,0.87,2.36,5.85,2.18,4.26,0.00,80.00,3.00
370359,354.89,-1.31,-1.91,0.79,0.92,2.42,5.90,2.22,4.33,0.00,80.00,3.00
370389,354.89,-1.31,-1.90,0.80,0.90,2.42,5.91,2.21,4.33,0.00,80.00,3.00
370418,354.83,-1.31,-1.90,0.79,0.89,2.44,5.96,2.19,4.35,0.00,80.00,3.00
370447,354.87,-1.30,-1.91,0.76,0.89,2.45,5.89,2.19,4.36,0.00,80.00,3.00
370476,354.85,-1.30,-1.92,0.77,0.90,2.40,5.91,2.20,4.31,0.00,80.00,3.00
370508,354.76,-1.30,-1.90,0.77,0.94,2.40,6.01,2.24,4.30,0.00,80.00,3.00
370538,354.76,-1.30,-1.90,0.72,0.90,2.32,5.96,2.20,4.22,0.00,80.00,3.00
370567,354.82,-1.30,-1.90,0.71,0.94,2.25,5.89,2.24,4.15,0.00,80.00,3.00
370596,354.86,-1.30,-1.89,0.73,0.96,2.19,5.87,2.26,4.08,0.00,80.00,3.00
370651,354.83,-1.30,-1.88,0.74,0.93,2.25,5.91,2.23,4.14,0.00,80.00,3.00
370680,354.85,-1.31,-1.88,0.76,0.91,2.32,5.90,2.22,4.20,0.00,80.00,3.00
370709,354.82,-1.31,-1.88,0.72,0.92,2.36,5.90,2.22,4.24,0.00,80.00,3.00
370741,354.78,-1.31,-1.89,0.72,0.90,2.45,5.94,2.21,4.33,0.00,80.00,3.00
370787,354.82,-1.31,-1.88,0.77,0.92,2.50,5.95,2.23,4.38,0.00,80.00,3.00
370816,354.76,-1.31,-1.89,0.67,0.92,2.46,5.91,2.23,4.34,0.00,80.00,3.00
370845,354.74,-1.31,-1.89,0.67,0.93,2.39,5.94,2.24,4.28,0.00,80.00,3.00
370875,354.76,-1.31,-1.88,0.62,0.88,2.32,5.86,2.19,4.20,0.00,80.00,3.00
370904,354.75,-1.32,-1.87,0.60,0.87,2.29,5.84,2.19,4.15,0.00,80.00,3.00
370933,354.71,-1.32,-1.86,0.54,0.86,2.29,5.84,2.18,4.15,0.00,80.00,3.00
370965,354.72,-1.32,-1.85,0.58,0.87,2.32,5.86,2.18,4.17,0.00,80.00,3.00
370994,354.68,-1.33,-1.85,0.53,0.87,2.37,5.85,2.20,4.21,0.00,80.00,3.00
371024,354.73,-1.33,-1.85,0.54,0.97,2.52,5.82,2.30,4.38,0.00,80.00,3.00
371053,354.75,-1.33,-1.85,0.55,1.01,2.50,5.80,2.34,4.36,0.00,80.00,3.00
371082,354.80,-1.33,-1.86,0.53,1.01,2.47,5.73,2.35,4.33,0.00,80.00,3.00
371128,354.79,-1.34,-1.86,0.53,1.01,2.44,5.74,2.35,4.30,0.00,80.00,3.00
371157,354.76,-1.34,-1.86,0.57,0.93,2.44,5.81,2.27,4.30,0.00,80.00,3.00
371189,354.78,-1.35,-1.86,0.51,0.90,2.36,5.73,2.25,4.22,0.00,80.00,3.00
371218,354.76,-1.35,-1.86,0.57,0.91,2.35,5.81,2.26,4.21,0.00,80.00,3.00
371248,354.79,-1.33,-1.86,0.69,0.89,2.41,5.91,2.22,4.26,0.00,80.00,3.00
371277,354.80,-1.33,-1.85,0.76,0.87,2.44,5.96,2.20,4.29,0.00,80.00,3.00
371306,354.87,-1.33,-1.85,0.75,0.89,2.49,5.87,2.22,4.34,0.00,80.00,3.00
371335,354.85,-1.34,-1.85,0.83,0.95,2.49,5.97,2.28,4.34,0.00,80.00,3.00
371365,354.77,-1.34,-1.85,0.94,0.86,2.51,6.17,2.20,4.36,0.00,80.00,3.00
371397,354.83,-1.35,-1.85,0.90,0.80,2.42,6.07,2.15,4.27,0.00,80.00,3.00
371426,354.80,-1.35,-1.85,0.92,0.79,2.42,6.13,2.14,4.27,0.00,80.00,3.00
371455,354.80,-1.35,-1.85,0.97,0.81,2.33,6.17,2.16,4.18,0.00,80.00,3.00
371484,354.82,-1.35,-1.84,0.96,0.79,2.28,6.14,2.14,4.12,0.00,80.00,3.00
371514,354.82,-1.35,-1.84,0.87,0.90,2.22,6.05,2.24,4.07,0.00,80.00,3.00
371543,354.82,-1.35,-1.85,0.80,0.96,2.25,5.97,2.31,4.10,0.00,80.00,3.00
371572,354.97,-1.34,-1.84,0.78,0.95,2.22,5.81,2.29,4.06,0.00,80.00,3.00
371604,354.93,-1.34,-1.83,0.62,0.96,2.22,5.69,2.29,4.05,0.00,80.00,3.00
371634,354.95,-1.33,-1.83,0.52,0.96,2.29,5.58,2.29,4.12,0.00,80.00,3.00
371663,354.90,-1.33,-1.82,0.52,0.96,2.41,5.62,2.29,4.24,0.00,80.00,3.00
371692,354.84,-1.33,-1.82,0.54,0.96,2.38,5.70,2.29,4.20,0.00,80.00,3.00
371721,354.92,-1.33,-1.82,0.58,0.96,2.42,5.65,2.29,4.24,0.00,80.00,3.00
371750,354.89,-1.33,-1.83,0.60,0.97,2.45,5.71,2.30,4.28,0.00,80.00,3.00
371780,354.90,-1.34,-1.82,0.65,0.97,2.46,5.75,2.31,4.28,0.00,80.00,3.00
371812,354.93,-1.33,-1.82,0.70,0.93,2.41,5.77,2.26,4.23,0.00,80.00,3.00
371841,354.87,-1.34,-1.82,0.67,0.87,2.37,5.79,2.21,4.19,0.00,80.00,3.00
371871,354.85,-1.33,-1.82,0.67,0.82,2.38,5.82,2.15,4.20,0.00,80.00,3.00
371900,354.92,-1.33,-1.81,0.57,0.80,2.38,5.66,2.12,4.19,0.00,80.00,3.00
371929,354.91,-1.33,-1.80,0.52,0.79,2.32,5.61,2.12,4.13,0.00,80.00,3.00
371958,355.03,-1.32,-1.81,0.53,0.85,2.33,5.50,2.18,4.14,0.00,80.00,3.00
371987,354.97,-1.33,-1.81,0.52,0.90,2.36,5.56,2.22,4.17,0.00,80.00,3.00
372019,354.95,-1.32,-1.80,0.52,0.95,2.34,5.57,2.28,4.14,0.00,80.00,3.00
372049,354.98,-1.33,-1.81,0.47,1.02,2.36,5.49,2.35,4.17,0.00,80.00,3.00
372094,354.93,-1.32,-1.81,0.56,1.05,2.37,5.63,2.37,4.18,0.00,80.00,3.00
372123,354.88,-1.32,-1.81,0.69,1.06,2.41,5.81,2.38,4.22,0.00,80.00,3.00
372152,354.87,-1.31,-1.81,0.82,1.01,2.33,5.94,2.32,4.15,0.00,80.00,3.00
372181,354.91,-1.32,-1.81,0.84,0.99,2.31,5.93,2.31,4.12,0.00,80.00,3.00
372211,354.87,-1.32,-1.81,0.86,0.99,2.31,6.00,2.32,4.12,0.00,80.00,3.00
372259,354.94,-1.32,-1.81,0.89,0.97,2.35,5.95,2.29,4.16,0.00,80.00,3.00
372297,355.00,-1.32,-1.80,0.92,0.94,2.31,5.92,2.26,4.11,0.00,80.00,3.00
372326,355.02,-1.32,-1.81,0.85,0.88,2.30,5.83,2.20,4.11,0.00,80.00,3.00
372355,355.08,-1.33,-1.81,0.81,0.87,2.35,5.73,2.20,4.17,0.00,80.00,3.00
372385,355.11,-1.33,-1.82,0.71,0.86,2.45,5.60,2.19,4.27,0.00,80.00,3.00
372414,355.07,-1.34,-1.82,0.69,0.88,2.44,5.62,2.22,4.26,0.00,80.00,3.00
372443,355.08,-1.34,-1.82,0.58,0.90,2.47,5.50,2.24,4.30,0.00,80.00,3.00
372475,355.15,-1.34,-1.82,0.58,0.95,2.49,5.43,2.29,4.32,0.00,80.00,3.00
372504,355.14,-1.34,-1.82,0.50,0.97,2.48,5.37,2.31,4.30,0.00,80.00,3.00
372534,355.23,-1.34,-1.82,0.51,0.92,2.43,5.28,2.26,4.25,0.00,80.00,3.00
372563,355.20,-1.34,-1.82,0.59,0.93,2.44,5.38,2.27,4.26,0.00,80.00,3.00
372592,355.16,-1.34,-1.82,0.69,0.94,2.43,5.53,2.28,4.25,0.00,80.00,3.00
372621,355.14,-1.34,-1.82,0.69,0.88,2.42,5.55,2.21,4.24,0.00,80.00,3.00
372650,355.20,-1.34,-1.82,0.74,0.87,2.36,5.54,2.21,4.18,0.00,80.00,3.00
372683,355.22,-1.34,-1.81,0.74,0.87,2.30,5.52,2.21,4.12,0.00,80.00,3.00
372712,355.22,-1.33,-1.81,0.77,0.89,2.29,5.55,2.22,4.10,0.00,80.00,3.00
372741,355.20,-1.33,-1.81,0.73,0.88,2.30,5.53,2.21,4.12,0.00,80.00,3.00
372770,355.22,-1.33,-1.82,0.73,0.87,2.27,5.51,2.21,4.09,0.00,80.00,3.00
372799,355.23,-1.33,-1.83,0.67,0.86,2.28,5.43,2.19,4.11,0.00,80.00,3.00
372829,355.22,-1.32,-1.82,0.65,0.90,2.37,5.43,2.22,4.20,0.00,80.00,3.00
372858,355.21,-1.32,-1.82,0.67,0.94,2.37,5.46,2.26,4.19,0.00,80.00,3.00
372890,355.24,-1.32,-1.83,0.71,0.89,2.29,5.47,2.21,4.12,0.00,80.00,3.00
372919,355.20,-1.32,-1.83,0.68,0.92,2.27,5.48,2.23,4.10,0.00,80.00,3.00
372948,355.27,-1.31,-1.84,0.69,0.91,2.33,5.42,2.22,4.17,0.00,80.00,3.00
372978,355.35,-1.31,-1.84,0.72,0.92,2.33,5.38,2.23,4.17,0.00,80.00,3.00
373007,355.33,-1.31,-1.84,0.77,0.88,2.36,5.44,2.19,4.20,0.00,80.00,3.00
373036,355.34,-1.31,-1.84,0.78,0.87,2.30,5.44,2.18,4.14,0.00,80.00,3.00
373065,355.33,-1.31,-1.83,0.79,0.84,2.36,5.47,2.16,4.19,0.00,80.00,3.00
373098,355.22,-1.31,-1.84,0.82,0.81,2.33,5.60,2.12,4.17,0.00,80.00,3.00
373127,355.24,-1.32,-1.83,0.78,0.79,2.35,5.54,2.11,4.18,0.00,80.00,3.00
373156,355.24,-1.33,-1.83,0.75,0.82,2.33,5.51,2.16,4.17,0.00,80.00,3.00
373185,355.21,-1.33,-1.83,0.69,0.81,2.38,5.47,2.13,4.21,0.00,80.00,3.00
373214,355.25,-1.33,-1.83,0.62,0.83,2.40,5.37,2.16,4.24,0.00,80.00,3.00
373244,355.20,-1.31,-1.83,0.66,0.85,2.39,5.46,2.17,4.23,0.00,80.00,3.00
373273,355.22,-1.32,-1.83,0.66,0.89,2.43,5.44,2.21,4.27,0.00,80.00,3.00
373305,355.18,-1.31,-1.84,0.68,0.95,2.42,5.50,2.25,4.26,0.00,80.00,3.00
373351,355.07,-1.31,-1.84,0.61,0.93,2.41,5.54,2.24,4.26,0.00,80.00,3.00
373380,355.15,-1.30,-1.85,0.63,0.92,2.42,5.48,2.22,4.27,0.00,80.00,3.00
373425,355.15,-1.30,-1.85,0.64,0.86,2.40,5.49,2.16,4.25,0.00,80.00,3.00
373455,355.09,-1.30,-1.85,0.64,0.84,2.39,5.55,2.14,4.24,0.00,80.00,3.00
373484,355.04,-1.30,-1.85,0.68,0.80,2.44,5.64,2.10,4.29,0.00,80.00,3.00
373513,354.97,-1.30,-1.85,0.64,0.82,2.43,5.67,2.12,4.28,0.00,80.00,3.00
373545,354.97,-1.30,-1.85,0.73,0.84,2.46,5.77,2.14,4.30,0.00,80.00,3.00
373574,354.95,-1.31,-1.84,0.79,0.90,2.40,5.84,2.21,4.24,0.00,80.00,3.00
373604,354.96,-1.30,-1.84,0.80,0.93,2.47,5.84,2.24,4.31,0.00,80.00,3.00
373633,354.99,-1.31,-1.85,0.91,0.98,2.37,5.92,2.28,4.22,0.00,80.00,3.00
373662,354.94,-1.29,-1.91,0.99,0.91,2.36,6.05,2.20,4.27,0.00,80.00,3.00
373691,354.90,-1.30,-2.00,0.90,0.87,2.34,6.00,2.16,4.34,0.00,80.00,3.00
373720,354.84,-1.27,-2.11,0.86,0.85,2.33,6.02,2.12,4.45,0.00,80.00,3.00
373752,354.83,-1.27,-2.22,0.89,0.88,2.26,6.06,2.16,4.48,0.00,80.00,3.00
373782,354.80,-1.27,-2.27,0.80,0.83,2.31,6.01,2.10,4.58,0.00,80.00,3.00
373811,354.74,-1.26,-2.28,0.80,0.86,2.27,6.06,2.12,4.55,0.00,80.00,3.00
373840,354.70,-1.26,-2.29,0.82,0.86,2.28,6.12,2.12,4.57,0.00,80.00,3.00
373869,354.67,-1.25,-2.28,0.85,0.86,2.26,6.18,2.12,4.54,0.00,80.00,3.00
373898,354.66,-1.25,-2.26,0.88,0.84,2.26,6.23,2.09,4.52,0.00,80.00,3.00
373927,354.68,-1.24,-2.24,0.72,1.10,2.18,6.04,2.34,4.42,0.00,80.00,3.00
373968,354.63,-1.23,-2.25,0.70,1.53,1.95,6.07,2.77,4.20,0.00,80.00,3.00
373997,354.62,-1.23,-2.25,0.56,1.83,1.64,5.94,3.07,3.88,0.00,80.00,3.00
374026,354.60,-1.24,-2.25,0.48,1.81,1.62,5.89,3.05,3.87,0.00,80.00,3.00
374056,354.58,-1.24,-2.25,0.50,1.79,1.64,5.93,3.03,3.89,0.00,80.00,3.00
374085,354.57,-1.24,-2.26,0.53,1.78,1.66,5.96,3.02,3.91,0.00,80.00,3.00
374114,354.48,-1.24,-2.26,0.56,1.38,1.63,6.09,2.62,3.88,0.00,80.00,3.00
374143,354.47,-1.24,-2.27,0.54,1.04,2.05,6.08,2.28,4.32,0.00,80.00,3.00
374175,354.43,-1.23,-2.26,0.63,0.89,2.32,6.20,2.13,4.58,0.00,80.00,3.00
374204,354.42,-1.24,-2.27,0.65,0.96,2.23,6.23,2.20,4.50,0.00,80.00,3.00
374233,354.40,-1.24,-2.27,0.67,0.94,2.23,6.27,2.18,4.50,0.00,80.00,3.00
374262,354.34,-1.24,-2.27,0.70,0.93,2.27,6.36,2.18,4.54,0.00,80.00,3.00
374291,354.26,-1.25,-2.26,0.73,0.94,2.37,6.47,2.19,4.63,0.00,80.00,3.00
374320,354.20,-1.25,-2.26,0.76,0.91,2.34,6.56,2.17,4.60,0.00,80.00,3.00
374350,354.22,-1.25,-2.27,0.70,0.87,2.34,6.47,2.12,4.61,0.00,80.00,3.00
374382,354.18,-1.25,-2.27,0.75,0.87,2.40,6.57,2.13,4.67,0.00,80.00,3.00
374411,354.12,-1.26,-2.26,0.78,0.92,2.36,6.66,2.18,4.63,0.00,80.00,3.00
374440,354.07,-1.25,-2.26,0.71,0.92,2.35,6.65,2.17,4.62,0.00,80.00,3.00
374485,354.01,-1.26,-2.27,0.74,0.92,2.38,6.74,2.18,4.65,0.00,80.00,3.00
374515,354.00,-1.26,-2.27,0.77,0.96,2.38,6.77,2.22,4.65,0.00,80.00,3.00
374544,353.96,-1.26,-2.27,0.76,0.98,2.34,6.80,2.24,4.62,0.00,80.00,3.00
374573,353.99,-1.26,-2.30,0.78,0.97,2.34,6.79,2.22,4.65,0.00,80.00,3.00
374605,354.03,-1.26,-2.33,0.76,0.95,2.40,6.73,2.20,4.73,0.00,80.00,3.00
374634,354.00,-1.26,-2.34,0.82,0.88,2.45,6.82,2.14,4.79,0.00,80.00,3.00
374663,353.89,-1.25,-2.36,0.87,0.87,2.39,6.98,2.12,4.75,0.00,80.00,3.00
374692,353.80,-1.24,-2.35,0.78,0.84,2.31,6.98,2.07,4.66,0.00,80.00,3.00
374738,353.83,-1.24,-2.34,0.69,0.85,2.29,6.86,2.10,4.63,0.00,80.00,3.00
374767,353.81,-1.24,-2.34,0.59,0.90,2.23,6.78,2.15,4.57,0.00,80.00,3.00
374796,353.81,-1.26,-2.34,0.56,0.90,2.24,6.75,2.16,4.58,0.00,80.00,3.00
374828,353.82,-1.26,-2.33,0.42,0.89,2.29,6.60,2.16,4.61,0.00,80.00,3.00
374857,353.81,-1.26,-2.35,0.46,0.89,2.30,6.66,2.15,4.64,0.00,80.00,3.00
374886,353.81,-1.26,-2.36,0.58,0.78,2.43,6.77,2.04,4.79,0.00,80.00,3.00
374916,353.76,-1.27,-2.37,0.62,0.75,2.41,6.86,2.02,4.78,0.00,80.00,3.00
374945,353.83,-1.27,-2.38,0.58,0.69,2.31,6.76,1.96,4.69,0.00,80.00,3.00
374974,353.80,-1.27,-2.39,0.62,0.71,2.33,6.83,1.97,4.72,0.00,80.00,3.00
375003,353.72,-1.27,-2.38,0.76,0.69,2.40,7.04,1.96,4.78,0.00,80.00,3.00
375035,353.73,-1.28,-2.38,0.73,0.72,2.35,6.99,2.00,4.73,0.00,80.00,3.00
375064,353.78,-1.27,-2.38,0.59,0.72,2.46,6.81,1.99,4.84,0.00,80.00,3.00
375093,353.76,-1.28,-2.38,0.63,0.76,2.63,6.87,2.03,5.01,0.00,80.00,3.00
375123,353.72,-1.28,-2.38,0.54,0.76,2.65,6.82,2.03,5.03,0.00,80.00,3.00
375152,353.72,-1.28,-2.39,0.53,0.79,2.60,6.82,2.06,4.98,0.00,80.00,3.00
375181,353.76,-1.30,-2.33,0.43,0.84,2.60,6.67,2.14,4.93,0.00,80.00,3.00
375210,353.78,-1.30,-2.24,0.42,0.84,2.57,6.64,2.14,4.82,0.00,80.00,3.00
375242,353.79,-1.32,-2.13,0.47,0.87,2.50,6.68,2.19,4.64,0.00,80.00,3.00
375271,353.81,-1.31,-2.04,0.41,0.89,2.42,6.60,2.20,4.45,0.00,80.00,3.00
375300,353.83,-1.31,-1.98,0.35,0.91,2.40,6.51,2.23,4.38,0.00,80.00,3.00
375329,353.82,-1.33,-1.97,0.38,0.86,2.41,6.56,2.19,4.38,0.00,80.00,3.00
375359,353.77,-1.32,-1.96,0.43,0.90,2.42,6.66,2.22,4.38,0.00,80.00,3.00
375388,353.75,-1.32,-1.97,0.46,0.91,2.42,6.70,2.23,4.39,0.00,80.00,3.00
375417,353.79,-1.33,-1.99,0.47,0.89,2.37,6.68,2.21,4.36,0.00,80.00,3.00
375449,353.77,-1.33,-2.00,0.58,0.92,2.35,6.81,2.25,4.35,0.00,80.00,3.00
375478,353.79,-1.33,-2.01,0.65,0.91,2.37,6.87,2.24,4.37,0.00,80.00,3.00
375507,353.77,-1.32,-2.01,0.52,0.91,2.32,6.75,2.23,4.32,0.00,80.00,3.00
375536,353.77,-1.32,-2.01,0.55,0.87,2.26,6.78,2.18,4.28,0.00,80.00,3.00
375565,353.73,-1.32,-2.02,0.59,0.87,2.27,6.86,2.19,4.29,0.00,80.00,3.00
375619,353.72,-1.31,-2.01,0.63,0.81,2.32,6.91,2.12,4.34,0.00,80.00,3.00
375648,353.79,-1.32,-2.01,0.52,0.76,2.33,6.73,2.08,4.33,0.00,80.00,3.00
375680,353.83,-1.32,-2.00,0.52,0.74,2.27,6.69,2.06,4.27,0.00,80.00,3.00
375709,353.80,-1.32,-2.00,0.50,0.80,2.26,6.70,2.12,4.26,0.00,80.00,3.00
375738,353.79,-1.32,-2.01,0.43,0.77,2.24,6.64,2.09,4.25,0.00,80.00,3.00
375768,353.76,-1.32,-2.01,0.38,0.76,2.23,6.62,2.08,4.25,0.00,80.00,3.00
375797,353.75,-1.32,-2.02,0.40,0.81,2.22,6.65,2.13,4.24,0.00,80.00,3.00
375826,353.83,-1.31,-2.02,0.42,0.85,2.24,6.60,2.16,4.26,0.00,80.00,3.00
375855,353.85,-1.31,-2.03,0.43,0.84,2.25,6.59,2.15,4.28,0.00,80.00,3.00
375887,353.85,-1.30,-2.02,0.46,0.91,2.39,6.61,2.21,4.42,0.00,80.00,3.00
375916,353.85,-1.30,-2.02,0.41,0.90,2.44,6.56,2.20,4.46,0.00,80.00,3.00
375945,353.88,-1.30,-2.04,0.40,0.82,2.51,6.52,2.12,4.54,0.00,80.00,3.00
375974,353.88,-1.30,-2.03,0.47,0.78,2.53,6.59,2.08,4.56,0.00,80.00,3.00
376003,353.93,-1.30,-2.03,0.49,0.80,2.53,6.57,2.10,4.56,0.00,80.00,3.00
376048,353.87,-1.30,-2.03,0.54,0.79,2.48,6.67,2.08,4.51,0.00,80.00,3.00
376078,353.86,-1.29,-2.03,0.63,0.76,2.41,6.77,2.06,4.44,0.00,80.00,3.00
376110,353.84,-1.30,-2.00,0.65,0.80,2.37,6.81,2.10,4.37,0.00,80.00,3.00
376139,353.82,-1.31,-1.98,0.72,0.88,2.32,6.90,2.19,4.30,0.00,80.00,3.00
376168,353.84,-1.31,-1.98,0.65,0.91,2.27,6.81,2.22,4.24,0.00,80.00,3.00
376197,353.87,-1.30,-1.97,0.65,0.86,2.30,6.78,2.17,4.27,0.00,80.00,3.00
376226,353.96,-1.30,-1.98,0.67,0.91,2.31,6.71,2.22,4.29,0.00,80.00,3.00
376255,353.94,-1.30,-2.00,0.64,0.93,2.34,6.70,2.23,4.34,0.00,80.00,3.00
376284,353.94,-1.30,-2.00,0.63,0.88,2.25,6.68,2.18,4.26,0.00,80.00,3.00
376316,353.97,-1.30,-2.00,0.61,0.87,2.28,6.64,2.17,4.28,0.00,80.00,3.00
376345,354.00,-1.28,-2.00,0.62,0.91,2.26,6.62,2.20,4.26,0.00,80.00,3.00
376374,354.04,-1.27,-1.98,0.58,0.90,2.25,6.54,2.17,4.24,0.00,80.00,3.00
376402,354.04,-1.28,-1.97,0.65,0.87,2.26,6.61,2.15,4.23,0.00,80.00,3.00
376431,354.01,-1.28,-1.97,0.66,0.90,2.32,6.65,2.18,4.28,0.00,80.00,3.00
376460,353.97,-1.29,-1.96,0.76,0.93,2.37,6.79,2.22,4.33,0.00,80.00,3.00
376489,353.97,-1.29,-1.96,0.73,0.90,2.37,6.76,2.19,4.33,0.00,80.00,3.00
376520,353.98,-1.29,-1.97,0.77,0.88,2.35,6.79,2.17,4.32,0.00,80.00,3.00
376549,353.95,-1.28,-1.97,0.78,0.93,2.33,6.83,2.21,4.30,0.00,80.00,3.00
376578,353.93,-1.28,-1.97,0.70,0.92,2.30,6.77,2.20,4.28,0.00,80.00,3.00
376607,353.94,-1.28,-1.97,0.73,0.92,2.22,6.79,2.20,4.20,0.00,80.00,3.00
376636,353.92,-1.28,-1.97,0.70,0.90,2.21,6.78,2.18,4.18,0.00,80.00,3.00
376665,353.90,-1.28,-1.96,0.69,0.83,2.26,6.79,2.11,4.22,0.00,80.00,3.00
376694,353.86,-1.28,-1.96,0.70,0.74,2.34,6.85,2.02,4.30,0.00,80.00,3.00
376743,353.86,-1.28,-1.95,0.67,0.74,2.36,6.81,2.02,4.32,0.00,80.00,3.00
376772,353.89,-1.27,-1.96,0.70,0.74,2.38,6.81,2.02,4.33,0.00,80.00,3.00
376801,353.89,-1.28,-1.95,0.69,0.75,2.48,6.80,2.03,4.44,0.00,80.00,3.00
376831,353.84,-1.28,-1.96,0.66,0.82,2.49,6.83,2.09,4.45,0.00,80.00,3.00
376860,353.89,-1.28,-1.96,0.69,0.85,2.48,6.80,2.13,4.44,0.00,80.00,3.00
376889,353.94,-1.28,-1.96,0.69,0.90,2.44,6.75,2.18,4.39,0.00,80.00,3.00
376918,353.92,-1.28,-1.96,0.70,0.88,2.47,6.79,2.16,4.43,0.00,80.00,3.00
376950,353.90,-1.27,-1.96,0.67,0.90,2.47,6.77,2.17,4.43,0.00,80.00,3.00
376980,353.92,-1.28,-1.96,0.66,0.87,2.46,6.74,2.14,4.42,0.00,80.00,3.00
377009,353.94,-1.28,-1.95,0.70,0.84,2.44,6.76,2.12,4.39,0.00,80.00,3.00
377038,353.95,-1.28,-1.95,0.70,0.85,2.43,6.75,2.14,4.38,0.00,80.00,3.00
377067,354.02,-1.29,-1.95,0.73,0.85,2.43,6.71,2.14,4.38,0.00,80.00,3.00
377097,353.96,-1.29,-1.95,0.75,0.88,2.45,6.79,2.17,4.40,0.00,80.00,3.00
377126,353.95,-1.28,-1.95,0.74,0.88,2.46,6.79,2.16,4.41,0.00,80.00,3.00
377158,353.98,-1.29,-1.94,0.71,0.91,2.43,6.73,2.21,4.37,0.00,80.00,3.00
377187,353.93,-1.29,-1.94,0.67,0.90,2.43,6.74,2.20,4.37,0.00,80.00,3.00
377216,353.95,-1.29,-1.94,0.58,0.87,2.43,6.63,2.16,4.37,0.00,80.00,3.00
377246,353.99,-1.31,-1.93,0.48,0.85,2.41,6.49,2.16,4.34,0.00,80.00,3.00
377283,354.00,-1.32,-1.92,0.43,0.81,2.44,6.42,2.13,4.36,0.00,80.00,3.00
377312,354.06,-1.31,-1.91,0.40,0.86,2.38,6.34,2.17,4.29,0.00,80.00,3.00
377358,354.08,-1.34,-1.83,0.40,0.82,2.37,6.32,2.15,4.20,0.00,80.00,3.00
377390,353.72,-1.17,-2.54,0.40,0.78,2.40,6.68,1.95,4.94,0.00,80.00,3.00
377419,353.42,-1.09,-3.15,0.43,0.83,2.55,7.01,1.92,5.70,0.00,80.00,3.00
377448,353.43,-1.12,-3.23,0.44,0.88,2.51,7.00,2.01,5.74,0.00,80.00,3.00
377477,353.42,-1.18,-3.43,0.48,1.12,2.51,7.06,2.30,5.94,0.00,80.00,3.00
377507,353.46,-1.31,-3.68,0.50,1.56,2.57,7.04,2.87,6.25,0.00,80.00,3.00
377536,353.49,-1.31,-3.59,0.46,1.62,2.53,6.97,2.94,6.13,0.00,80.00,3.00
377565,353.45,-1.35,-3.73,0.28,3.34,2.19,6.83,4.68,5.92,0.00,80.00,3.00
377597,353.57,-1.45,-3.63,0.10,4.62,1.77,6.54,6.07,5.40,0.00,80.00,3.00
377626,353.70,-1.60,-3.16,359.64,3.86,1.90,5.94,5.46,5.06,0.00,80.00,3.00
377656,353.69,-1.59,-3.18,359.36,3.09,1.66,5.68,4.69,4.83,0.00,80.00,3.00
377685,353.65,-1.58,-3.23,359.31,2.05,1.65,5.66,3.63,4.88,0.00,80.00,3.00
377714,353.70,-1.63,-3.23,359.65,-0.43,2.11,5.95,1.21,5.33,0.00,80.00,3.00
377743,353.67,-1.59,-3.25,359.87,-1.79,2.36,6.20,0.20,5.61,0.00,80.00,3.00
377772,353.73,-1.60,-3.19,0.22,-2.14,2.05,6.48,0.55,5.24,0.00,80.00,3.00
377822,353.76,-1.59,-3.13,0.73,-1.97,1.86,6.97,0.38,4.99,0.00,80.00,3.00
377851,353.73,-1.66,-3.26,1.16,-1.81,2.03,7.43,0.15,5.29,0.00,80.00,3.00
377880,353.83,-1.69,-2.96,1.36,-0.64,2.17,7.53,1.05,5.13,0.00,80.00,3.00
377910,353.60,-1.64,-3.29,1.41,-0.23,2.20,7.81,1.40,5.49,0.00,80.00,3.00
377939,353.66,-1.55,-3.19,1.41,-0.01,2.25,7.75,1.54,5.44,0.00,80.00,3.00
377968,353.70,-1.59,-3.21,1.29,0.92,2.42,7.59,2.51,5.63,0.00,80.00,3.00
377997,353.65,-1.56,-3.24,1.33,0.86,2.74,7.68,2.42,5.98,0.00,80.00,3.00
378029,353.63,-1.49,-3.11,1.20,1.09,2.71,7.57,2.58,5.82,0.00,80.00,3.00
378058,353.55,-1.66,-3.39,1.17,0.87,2.82,7.61,2.53,6.21,0.00,80.00,3.00
378088,353.66,-1.81,-3.09,0.73,0.85,2.34,7.07,2.67,5.43,0.00,80.00,3.00
378117,353.56,-1.80,-3.16,0.39,0.73,2.14,6.82,2.53,5.30,0.00,80.00,3.00
378146,353.56,-1.83,-2.96,359.76,0.44,1.90,6.20,2.27,4.86,0.00,80.00,3.00
378175,353.18,-1.58,-3.48,358.77,1.08,1.76,5.58,2.66,5.24,0.00,80.00,3.00
378204,352.49,-1.68,-4.51,358.06,1.41,2.48,5.56,3.10,6.98,0.00,80.00,3.00
378236,352.51,-1.94,-4.49,356.07,1.75,2.09,3.57,3.69,6.58,0.00,80.00,3.00
378266,352.53,-1.82,-4.06,353.69,2.29,2.06,1.16,4.11,6.12,0.00,80.00,3.00
378295,352.44,-1.85,-4.05,350.94,1.25,3.06,1.50,3.09,7.11,0.00,80.00,3.00
378324,352.29,-1.81,-4.07,348.40,1.61,4.15,3.89,3.42,8.22,0.00,80.00,3.00
378353,352.19,-1.85,-4.15,345.39,2.24,5.45,6.80,4.09,9.59,0.00,80.00,3.00
378382,352.16,-2.06,-4.33,341.38,2.75,6.45,10.77,4.82,10.78,0.00,80.00,3.00
378412,352.05,-2.07,-4.38,339.93,0.35,8.99,12.12,2.42,13.37,0.00,80.00,3.00
378444,352.01,-2.08,-4.39,336.74,-5.34,9.80,15.28,3.26,14.19,0.00,80.00,3.00
378473,351.91,-2.10,-4.38,335.44,-5.58,14.14,16.47,3.47,18.51,0.00,80.00,3.00
378502,351.82,-2.10,-4.38,333.88,-3.55,12.18,17.94,1.46,16.56,0.00,80.00,3.00
378531,351.80,-2.10,-4.37,333.51,-5.32,13.55,18.29,3.22,17.92,0.00,80.00,3.00
378560,351.67,-2.09,-4.38,333.38,-5.67,13.91,18.30,3.58,18.29,0.00,80.00,3.00
378590,351.49,-2.10,-4.44,334.94,-0.62,16.19,16.55,1.48,20.62,0.00,80.00,3.00
378622,350.70,-1.94,-5.68,334.85,1.10,14.31,15.85,3.04,19.99,0.00,80.00,3.00
378667,350.56,-1.97,-5.72,334.68,1.45,13.40,15.89,3.43,19.11,0.00,80.00,3.00
378696,350.50,-1.97,-5.63,335.15,-1.20,16.68,15.35,0.77,22.31,0.00,80.00,3.00
378725,350.40,-1.97,-5.73,335.16,-1.27,16.76,15.24,0.70,22.49,0.00,80.00,3.00
